http://www.meetup.com/cities/gb/e6/abbeydale/;Abbeydale;abbeydale
http://www.meetup.com/cities/gb/e6/abbeymead/;Abbeymead;abbeymead
http://www.meetup.com/cities/gb/e6/abson/;Abson;abson
http://www.meetup.com/cities/gb/e6/abwell/;Abwell;abwell
http://www.meetup.com/cities/gb/e6/acton_turville/;Acton Turville;acton_turville
http://www.meetup.com/cities/gb/e6/adlestrop/;Adlestrop;adlestrop
http://www.meetup.com/cities/gb/e6/adsett/;Adsett;adsett
http://www.meetup.com/cities/gb/e6/alderley/;Alderley;alderley
http://www.meetup.com/cities/gb/e6/alderton/;Alderton;alderton
http://www.meetup.com/cities/gb/e6/aldsworth/;Aldsworth;aldsworth
http://www.meetup.com/cities/gb/e6/alkington/;Alkington;alkington
http://www.meetup.com/cities/gb/e6/allastone/;Allastone;allastone
http://www.meetup.com/cities/gb/e6/almondsbury/;Almondsbury;almondsbury
http://www.meetup.com/cities/gb/e6/alstone/;Alstone;alstone
http://www.meetup.com/cities/gb/e6/alstone_fields/;Alstone Fields;alstone_fields
http://www.meetup.com/cities/gb/e6/alveston/;Alveston;alveston
http://www.meetup.com/cities/gb/e6/alvington/;Alvington;alvington
http://www.meetup.com/cities/gb/e6/amberley/;Amberley;amberley
http://www.meetup.com/cities/gb/e6/ampney_crucis/;Ampney Crucis;ampney_crucis
http://www.meetup.com/cities/gb/e6/ampney_knowle/;Ampney Knowle;ampney_knowle
http://www.meetup.com/cities/gb/e6/ampney_st_mary/;Ampney St Mary;ampney_st_mary
http://www.meetup.com/cities/gb/e6/ampney_st_peter/;Ampney St Peter;ampney_st_peter
http://www.meetup.com/cities/gb/e6/andoversford/;Andoversford;andoversford
http://www.meetup.com/cities/gb/e6/apperley/;Apperley;apperley
http://www.meetup.com/cities/gb/e6/arlingham/;Arlingham;arlingham
http://www.meetup.com/cities/gb/e6/ashchurch/;Ashchurch;ashchurch
http://www.meetup.com/cities/gb/e6/ashleworth/;Ashleworth;ashleworth
http://www.meetup.com/cities/gb/e6/ashley/;Ashley;ashley
http://www.meetup.com/cities/gb/e6/ashmead_green/;Ashmead Green;ashmead_green
http://www.meetup.com/cities/gb/e6/ashwicke/;Ashwicke;ashwicke
http://www.meetup.com/cities/gb/e6/aston_cross/;Aston Cross;aston_cross
http://www.meetup.com/cities/gb/e6/aston_magna/;Aston Magna;aston_magna
http://www.meetup.com/cities/gb/e6/aston-on-carrant/;Aston-on-Carrant;aston-on-carrant
http://www.meetup.com/cities/gb/e6/aston_sub_edge/;Aston Sub Edge;aston_sub_edge
http://www.meetup.com/cities/gb/e6/aust/;Aust;aust
http://www.meetup.com/cities/gb/e6/avening/;Avening;avening
http://www.meetup.com/cities/gb/e6/awre/;Awre;awre
http://www.meetup.com/cities/gb/e6/aylburton/;Aylburton;aylburton
http://www.meetup.com/cities/gb/e6/babdown/;Babdown;babdown
http://www.meetup.com/cities/gb/e6/back_of_avon/;Back of Avon;back_of_avon
http://www.meetup.com/cities/gb/e6/badgeworth/;Badgeworth;badgeworth
http://www.meetup.com/cities/gb/e6/badminton/;Badminton;badminton
http://www.meetup.com/cities/gb/e6/bagendon/;Bagendon;bagendon
http://www.meetup.com/cities/gb/e6/bagpath/;Bagpath;bagpath
http://www.meetup.com/cities/gb/e6/bagstone/;Bagstone;bagstone
http://www.meetup.com/cities/gb/e6/bakers_hill/;Bakers Hill;bakers_hill
http://www.meetup.com/cities/gb/e6/bamfurlong/;Bamfurlong;bamfurlong
http://www.meetup.com/cities/gb/e6/barnsley/;Barnsley;barnsley
http://www.meetup.com/cities/gb/e6/barnwood/;Barnwood;barnwood
http://www.meetup.com/cities/gb/e6/barrs_court/;Barrs Court;barrs_court
http://www.meetup.com/cities/gb/e6/batsford/;Batsford;batsford
http://www.meetup.com/cities/gb/e6/battledown/;Battledown;battledown
http://www.meetup.com/cities/gb/e6/baunton/;Baunton;baunton
http://www.meetup.com/cities/gb/e6/beach/;Beach;beach
http://www.meetup.com/cities/gb/e6/beachley/;Beachley;beachley
http://www.meetup.com/cities/gb/e6/beeches_industrial_estate/;Beeches Industrial Estate;beeches_industrial_estate
http://www.meetup.com/cities/gb/e6/bentham/;Bentham;bentham
http://www.meetup.com/cities/gb/e6/berkeley/;Berkeley;berkeley
http://www.meetup.com/cities/gb/e6/berkeley_heath/;Berkeley Heath;berkeley_heath
http://www.meetup.com/cities/gb/e6/berrycroft/;Berrycroft;berrycroft
http://www.meetup.com/cities/gb/e6/berry_hill/;Berry Hill;berry_hill
http://www.meetup.com/cities/gb/e6/beverston/;Beverston;beverston
http://www.meetup.com/cities/gb/e6/bevington/;Bevington;bevington
http://www.meetup.com/cities/gb/e6/bibstone/;Bibstone;bibstone
http://www.meetup.com/cities/gb/e6/bibury/;Bibury;bibury
http://www.meetup.com/cities/gb/e6/bird_in_hand/;Bird in Hand;bird_in_hand
http://www.meetup.com/cities/gb/e6/birdlip/;Birdlip;birdlip
http://www.meetup.com/cities/gb/e6/birdwood/;Birdwood;birdwood
http://www.meetup.com/cities/gb/e6/bishops_cleeve/;Bishops Cleeve;bishops_cleeve
http://www.meetup.com/cities/gb/e6/bisley/;Bisley;bisley
http://www.meetup.com/cities/gb/e6/bitton/;Bitton;bitton
http://www.meetup.com/cities/gb/e6/blackhall/;Blackhall;blackhall
http://www.meetup.com/cities/gb/e6/blaisdon/;Blaisdon;blaisdon
http://www.meetup.com/cities/gb/e6/blaize-bailey/;Blaize-Bailey;blaize-bailey
http://www.meetup.com/cities/gb/e6/blakeney/;Blakeney;blakeney
http://www.meetup.com/cities/gb/e6/blakeney_hill/;Blakeney Hill;blakeney_hill
http://www.meetup.com/cities/gb/e6/bledington/;Bledington;bledington
http://www.meetup.com/cities/gb/e6/blockley/;Blockley;blockley
http://www.meetup.com/cities/gb/e6/boddington/;Boddington;boddington
http://www.meetup.com/cities/gb/e6/bollow/;Bollow;bollow
http://www.meetup.com/cities/gb/e6/boughspring/;Boughspring;boughspring
http://www.meetup.com/cities/gb/e6/bourne/;Bourne;bourne
http://www.meetup.com/cities/gb/e6/bournes_green/;Bournes Green;bournes_green
http://www.meetup.com/cities/gb/e6/bournstream/;Bournstream;bournstream
http://www.meetup.com/cities/gb/e6/bourton_on_the_hill/;Bourton on the Hill;bourton_on_the_hill
http://www.meetup.com/cities/gb/e6/bourton-on-the-water/;Bourton-on-the-Water;bourton-on-the-water
http://www.meetup.com/cities/gb/e6/bowbridge/;Bowbridge;bowbridge
http://www.meetup.com/cities/gb/e6/bowcott/;Bowcott;bowcott
http://www.meetup.com/cities/gb/e6/box/;Box;box
http://www.meetup.com/cities/gb/e6/bradley_green/;Bradley Green;bradley_green
http://www.meetup.com/cities/gb/e6/bradley_hill/;Bradley Hill;bradley_hill
http://www.meetup.com/cities/gb/e6/bradley_stoke/;Bradley Stoke;bradley_stoke
http://www.meetup.com/cities/gb/e6/breadstone/;Breadstone;breadstone
http://www.meetup.com/cities/gb/e6/bream/;Bream;bream
http://www.meetup.com/cities/gb/e6/brentry/;Brentry;brentry
http://www.meetup.com/cities/gb/e6/bridgend/;Bridgend;bridgend
http://www.meetup.com/cities/gb/e6/bridgeyate/;Bridgeyate;bridgeyate
http://www.meetup.com/cities/gb/e6/brierley/;Brierley;brierley
http://www.meetup.com/cities/gb/e6/brimpsfield/;Brimpsfield;brimpsfield
http://www.meetup.com/cities/gb/e6/brimscombe/;Brimscombe;brimscombe
http://www.meetup.com/cities/gb/e6/bristol/;Bristol;bristol
http://www.meetup.com/cities/gb/e6/broad_campden/;Broad Campden;broad_campden
http://www.meetup.com/cities/gb/e6/broadoak/;Broadoak;broadoak
http://www.meetup.com/cities/gb/e6/broadwell/;Broadwell;broadwell
http://www.meetup.com/cities/gb/e6/brockhampton/;Brockhampton;brockhampton
http://www.meetup.com/cities/gb/e6/brockweir/;Brockweir;brockweir
http://www.meetup.com/cities/gb/e6/brockweir_common/;Brockweir Common;brockweir_common
http://www.meetup.com/cities/gb/e6/brockworth/;Brockworth;brockworth
http://www.meetup.com/cities/gb/e6/brookthorpe/;Brookthorpe;brookthorpe
http://www.meetup.com/cities/gb/e6/broomsgreen/;Broomsgreen;broomsgreen
http://www.meetup.com/cities/gb/e6/brownshill/;Brownshill;brownshill
http://www.meetup.com/cities/gb/e6/buckland/;Buckland;buckland
http://www.meetup.com/cities/gb/e6/buckover/;Buckover;buckover
http://www.meetup.com/cities/gb/e6/buckshaft/;Buckshaft;buckshaft
http://www.meetup.com/cities/gb/e6/bullo_pill/;Bullo Pill;bullo_pill
http://www.meetup.com/cities/gb/e6/bull_pitch/;Bull Pitch;bull_pitch
http://www.meetup.com/cities/gb/e6/burleigh/;Burleigh;burleigh
http://www.meetup.com/cities/gb/e6/burnt_norton/;Burnt Norton;burnt_norton
http://www.meetup.com/cities/gb/e6/bussage/;Bussage;bussage
http://www.meetup.com/cities/gb/e6/cainscross/;Cainscross;cainscross
http://www.meetup.com/cities/gb/e6/calcot/;Calcot;calcot
http://www.meetup.com/cities/gb/e6/calmsden/;Calmsden;calmsden
http://www.meetup.com/cities/gb/e6/cam/;Cam;cam
http://www.meetup.com/cities/gb/e6/cambridge/;Cambridge;cambridge
http://www.meetup.com/cities/gb/e6/cannop/;Cannop;cannop
http://www.meetup.com/cities/gb/e6/cashes_green/;Cashes Green;cashes_green
http://www.meetup.com/cities/gb/e6/castle_tump/;Castle Tump;castle_tump
http://www.meetup.com/cities/gb/e6/caudle_green/;Caudle Green;caudle_green
http://www.meetup.com/cities/gb/e6/central_lydbrook/;Central Lydbrook;central_lydbrook
http://www.meetup.com/cities/gb/e6/cerney_wick/;Cerney Wick;cerney_wick
http://www.meetup.com/cities/gb/e6/chaceley/;Chaceley;chaceley
http://www.meetup.com/cities/gb/e6/chalford/;Chalford;chalford
http://www.meetup.com/cities/gb/e6/chalford_hill/;Chalford Hill;chalford_hill
http://www.meetup.com/cities/gb/e6/charfield/;Charfield;charfield
http://www.meetup.com/cities/gb/e6/charlton_abbotts/;Charlton Abbotts;charlton_abbotts
http://www.meetup.com/cities/gb/e6/charlton_kings/;Charlton Kings;charlton_kings
http://www.meetup.com/cities/gb/e6/chavenage/;Chavenage;chavenage
http://www.meetup.com/cities/gb/e6/chaxhill/;Chaxhill;chaxhill
http://www.meetup.com/cities/gb/e6/chedworth/;Chedworth;chedworth
http://www.meetup.com/cities/gb/e6/cheltenham/;Cheltenham;cheltenham
http://www.meetup.com/cities/gb/e6/cheltenham_trade_park/;Cheltenham Trade Park;cheltenham_trade_park
http://www.meetup.com/cities/gb/e6/cherington/;Cherington;cherington
http://www.meetup.com/cities/gb/e6/chipping_campden/;Chipping Campden;chipping_campden
http://www.meetup.com/cities/gb/e6/chipping_sodbury/;Chipping Sodbury;chipping_sodbury
http://www.meetup.com/cities/gb/e6/christchurch/;Christchurch;christchurch
http://www.meetup.com/cities/gb/e6/churcham/;Churcham;churcham
http://www.meetup.com/cities/gb/e6/churchdown/;Churchdown;churchdown
http://www.meetup.com/cities/gb/e6/church_westcote/;Church Westcote;church_westcote
http://www.meetup.com/cities/gb/e6/cinderford/;Cinderford;cinderford
http://www.meetup.com/cities/gb/e6/cirencester/;Cirencester;cirencester
http://www.meetup.com/cities/gb/e6/clapton/;Clapton;clapton
http://www.meetup.com/cities/gb/e6/claydon/;Claydon;claydon
http://www.meetup.com/cities/gb/e6/claydon_pike/;Claydon Pike;claydon_pike
http://www.meetup.com/cities/gb/e6/clearwell/;Clearwell;clearwell
http://www.meetup.com/cities/gb/e6/cleeve_hill/;Cleeve Hill;cleeve_hill
http://www.meetup.com/cities/gb/e6/cliffords_mesne/;Cliffords Mesne;cliffords_mesne
http://www.meetup.com/cities/gb/e6/coaley/;Coaley;coaley
http://www.meetup.com/cities/gb/e6/coalpit_heath/;Coalpit Heath;coalpit_heath
http://www.meetup.com/cities/gb/e6/coalway/;Coalway;coalway
http://www.meetup.com/cities/gb/e6/coates/;Coates;coates
http://www.meetup.com/cities/gb/e6/coberley/;Coberley;coberley
http://www.meetup.com/cities/gb/e6/coberley_village/;Coberley Village;coberley_village
http://www.meetup.com/cities/gb/e6/codrington/;Codrington;codrington
http://www.meetup.com/cities/gb/e6/cold_ashton/;Cold Ashton;cold_ashton
http://www.meetup.com/cities/gb/e6/cold_aston/;Cold Aston;cold_aston
http://www.meetup.com/cities/gb/e6/coleford/;Coleford;coleford
http://www.meetup.com/cities/gb/e6/colesbourne/;Colesbourne;colesbourne
http://www.meetup.com/cities/gb/e6/colethrop/;Colethrop;colethrop
http://www.meetup.com/cities/gb/e6/coln_rogers/;Coln Rogers;coln_rogers
http://www.meetup.com/cities/gb/e6/coln_st_aldwyns/;Coln St Aldwyns;coln_st_aldwyns
http://www.meetup.com/cities/gb/e6/coln_st_dennis/;Coln St Dennis;coln_st_dennis
http://www.meetup.com/cities/gb/e6/compton_abdale/;Compton Abdale;compton_abdale
http://www.meetup.com/cities/gb/e6/condicote/;Condicote;condicote
http://www.meetup.com/cities/gb/e6/coombe/;Coombe;coombe
http://www.meetup.com/cities/gb/e6/coombe_hill/;Coombe Hill;coombe_hill
http://www.meetup.com/cities/gb/e6/coopers_hill/;Coopers Hill;coopers_hill
http://www.meetup.com/cities/gb/e6/corse/;Corse;corse
http://www.meetup.com/cities/gb/e6/cowhill/;Cowhill;cowhill
http://www.meetup.com/cities/gb/e6/cowley/;Cowley;cowley
http://www.meetup.com/cities/gb/e6/cranham/;Cranham;cranham
http://www.meetup.com/cities/gb/e6/cromhall/;Cromhall;cromhall
http://www.meetup.com/cities/gb/e6/culkerton/;Culkerton;culkerton
http://www.meetup.com/cities/gb/e6/cutsdean/;Cutsdean;cutsdean
http://www.meetup.com/cities/gb/e6/cutts_heath/;Cutts Heath;cutts_heath
http://www.meetup.com/cities/gb/e6/daglingworth/;Daglingworth;daglingworth
http://www.meetup.com/cities/gb/e6/damery/;Damery;damery
http://www.meetup.com/cities/gb/e6/daneway/;Daneway;daneway
http://www.meetup.com/cities/gb/e6/daylesford/;Daylesford;daylesford
http://www.meetup.com/cities/gb/e6/deerhurst/;Deerhurst;deerhurst
http://www.meetup.com/cities/gb/e6/deerhurst_walton/;Deerhurst Walton;deerhurst_walton
http://www.meetup.com/cities/gb/e6/denecroft/;Denecroft;denecroft
http://www.meetup.com/cities/gb/e6/didbrook/;Didbrook;didbrook
http://www.meetup.com/cities/gb/e6/dodington/;Dodington;dodington
http://www.meetup.com/cities/gb/e6/donnington/;Donnington;donnington
http://www.meetup.com/cities/gb/e6/dorn/;Dorn;dorn
http://www.meetup.com/cities/gb/e6/doughton/;Doughton;doughton
http://www.meetup.com/cities/gb/e6/downend/;Downend;downend
http://www.meetup.com/cities/gb/e6/down_hatherley/;Down Hatherley;down_hatherley
http://www.meetup.com/cities/gb/e6/downington/;Downington;downington
http://www.meetup.com/cities/gb/e6/doynton/;Doynton;doynton
http://www.meetup.com/cities/gb/e6/draycott/;Draycott;draycott
http://www.meetup.com/cities/gb/e6/dudbridge/;Dudbridge;dudbridge
http://www.meetup.com/cities/gb/e6/dudgrove/;Dudgrove;dudgrove
http://www.meetup.com/cities/gb/e6/dumbleton/;Dumbleton;dumbleton
http://www.meetup.com/cities/gb/e6/dunfield/;Dunfield;dunfield
http://www.meetup.com/cities/gb/e6/dunkirk/;Dunkirk;dunkirk
http://www.meetup.com/cities/gb/e6/dunkirk_mills/;Dunkirk Mills;dunkirk_mills
http://www.meetup.com/cities/gb/e6/duntisbourne_abbotts/;Duntisbourne Abbotts;duntisbourne_abbotts
http://www.meetup.com/cities/gb/e6/duntisbourne_leer/;Duntisbourne Leer;duntisbourne_leer
http://www.meetup.com/cities/gb/e6/duntisbourne_rouse/;Duntisbourne Rouse;duntisbourne_rouse
http://www.meetup.com/cities/gb/e6/dursley/;Dursley;dursley
http://www.meetup.com/cities/gb/e6/dymock/;Dymock;dymock
http://www.meetup.com/cities/gb/e6/earthcott_green/;Earthcott Green;earthcott_green
http://www.meetup.com/cities/gb/e6/eastcombe/;Eastcombe;eastcombe
http://www.meetup.com/cities/gb/e6/easter_compton/;Easter Compton;easter_compton
http://www.meetup.com/cities/gb/e6/east_gate_shopping_centre/;East Gate Shopping Centre;east_gate_shopping_centre
http://www.meetup.com/cities/gb/e6/eastington/;Eastington;eastington
http://www.meetup.com/cities/gb/e6/eastleach/;Eastleach;eastleach
http://www.meetup.com/cities/gb/e6/ebley/;Ebley;ebley
http://www.meetup.com/cities/gb/e6/ebrington/;Ebrington;ebrington
http://www.meetup.com/cities/gb/e6/edge/;Edge;edge
http://www.meetup.com/cities/gb/e6/edge_end/;Edge End;edge_end
http://www.meetup.com/cities/gb/e6/edgeworth/;Edgeworth;edgeworth
http://www.meetup.com/cities/gb/e6/elberton/;Elberton;elberton
http://www.meetup.com/cities/gb/e6/elcombe/;Elcombe;elcombe
http://www.meetup.com/cities/gb/e6/elkstone/;Elkstone;elkstone
http://www.meetup.com/cities/gb/e6/ellwood/;Ellwood;ellwood
http://www.meetup.com/cities/gb/e6/elmore/;Elmore;elmore
http://www.meetup.com/cities/gb/e6/elmstone_hardwicke/;Elmstone Hardwicke;elmstone_hardwicke
http://www.meetup.com/cities/gb/e6/elton/;Elton;elton
http://www.meetup.com/cities/gb/e6/emersons_green/;Emersons Green;emersons_green
http://www.meetup.com/cities/gb/e6/english_bicknor/;English Bicknor;english_bicknor
http://www.meetup.com/cities/gb/e6/estcourt/;Estcourt;estcourt
http://www.meetup.com/cities/gb/e6/etloe/;Etloe;etloe
http://www.meetup.com/cities/gb/e6/evenlode/;Evenlode;evenlode
http://www.meetup.com/cities/gb/e6/ewen/;Ewen;ewen
http://www.meetup.com/cities/gb/e6/fairford/;Fairford;fairford
http://www.meetup.com/cities/gb/e6/falfield/;Falfield;falfield
http://www.meetup.com/cities/gb/e6/farmington/;Farmington;farmington
http://www.meetup.com/cities/gb/e6/far_oakridge/;Far Oakridge;far_oakridge
http://www.meetup.com/cities/gb/e6/far_westrip/;Far Westrip;far_westrip
http://www.meetup.com/cities/gb/e6/fiddington/;Fiddington;fiddington
http://www.meetup.com/cities/gb/e6/filton/;Filton;filton
http://www.meetup.com/cities/gb/e6/fishponds/;Fishponds;fishponds
http://www.meetup.com/cities/gb/e6/five_acres/;Five Acres;five_acres
http://www.meetup.com/cities/gb/e6/flaxley/;Flaxley;flaxley
http://www.meetup.com/cities/gb/e6/forest_green/;Forest Green;forest_green
http://www.meetup.com/cities/gb/e6/forest_vale_industrial_estate/;Forest Vale Industrial Estate;forest_vale_industrial_estate
http://www.meetup.com/cities/gb/e6/fossebridge/;Fossebridge;fossebridge
http://www.meetup.com/cities/gb/e6/four_oaks/;Four Oaks;four_oaks
http://www.meetup.com/cities/gb/e6/framilode/;Framilode;framilode
http://www.meetup.com/cities/gb/e6/frampton_cotterell/;Frampton Cotterell;frampton_cotterell
http://www.meetup.com/cities/gb/e6/frampton_mansell/;Frampton Mansell;frampton_mansell
http://www.meetup.com/cities/gb/e6/frampton_on_severn/;Frampton on Severn;frampton_on_severn
http://www.meetup.com/cities/gb/e6/france_lynch/;France Lynch;france_lynch
http://www.meetup.com/cities/gb/e6/frenchay/;Frenchay;frenchay
http://www.meetup.com/cities/gb/e6/frocester/;Frocester;frocester
http://www.meetup.com/cities/gb/e6/fyfield/;Fyfield;fyfield
http://www.meetup.com/cities/gb/e6/gaineys_well/;Gaineys Well;gaineys_well
http://www.meetup.com/cities/gb/e6/gaunts_earthcott/;Gaunts Earthcott;gaunts_earthcott
http://www.meetup.com/cities/gb/e6/gloucester/;Gloucester;gloucester
http://www.meetup.com/cities/gb/e6/gloucester_business_park/;Gloucester Business Park;gloucester_business_park
http://www.meetup.com/cities/gb/e6/gloucestershire_airport/;Gloucestershire Airport;gloucestershire_airport
http://www.meetup.com/cities/gb/e6/gorsty_knoll/;Gorsty Knoll;gorsty_knoll
http://www.meetup.com/cities/gb/e6/gotherington/;Gotherington;gotherington
http://www.meetup.com/cities/gb/e6/grange_court/;Grange Court;grange_court
http://www.meetup.com/cities/gb/e6/great_barrington/;Great Barrington;great_barrington
http://www.meetup.com/cities/gb/e6/great_boulsdon/;Great Boulsdon;great_boulsdon
http://www.meetup.com/cities/gb/e6/great_rissington/;Great Rissington;great_rissington
http://www.meetup.com/cities/gb/e6/great_washbourne/;Great Washbourne;great_washbourne
http://www.meetup.com/cities/gb/e6/great_witcombe/;Great Witcombe;great_witcombe
http://www.meetup.com/cities/gb/e6/greet/;Greet;greet
http://www.meetup.com/cities/gb/e6/gretton/;Gretton;gretton
http://www.meetup.com/cities/gb/e6/grovesend/;Grovesend;grovesend
http://www.meetup.com/cities/gb/e6/guiting_power/;Guiting Power;guiting_power
http://www.meetup.com/cities/gb/e6/hailes/;Hailes;hailes
http://www.meetup.com/cities/gb/e6/hainses/;Hainses;hainses
http://www.meetup.com/cities/gb/e6/hallen/;Hallen;hallen
http://www.meetup.com/cities/gb/e6/hall_end/;Hall End;hall_end
http://www.meetup.com/cities/gb/e6/hallwood_green/;Hallwood Green;hallwood_green
http://www.meetup.com/cities/gb/e6/halmore/;Halmore;halmore
http://www.meetup.com/cities/gb/e6/ham/;Ham;ham
http://www.meetup.com/cities/gb/e6/hambrook/;Hambrook;hambrook
http://www.meetup.com/cities/gb/e6/hamfields/;Hamfields;hamfields
http://www.meetup.com/cities/gb/e6/ham_green/;Ham Green;ham_green
http://www.meetup.com/cities/gb/e6/hampnett/;Hampnett;hampnett
http://www.meetup.com/cities/gb/e6/hanham/;Hanham;hanham
http://www.meetup.com/cities/gb/e6/hardwicke/;Hardwicke;hardwicke
http://www.meetup.com/cities/gb/e6/harescombe/;Harescombe;harescombe
http://www.meetup.com/cities/gb/e6/haresfield/;Haresfield;haresfield
http://www.meetup.com/cities/gb/e6/harnhill/;Harnhill;harnhill
http://www.meetup.com/cities/gb/e6/harrow_hill/;Harrow Hill;harrow_hill
http://www.meetup.com/cities/gb/e6/hartpury/;Hartpury;hartpury
http://www.meetup.com/cities/gb/e6/hasfield/;Hasfield;hasfield
http://www.meetup.com/cities/gb/e6/hatherop/;Hatherop;hatherop
http://www.meetup.com/cities/gb/e6/hawkesbury/;Hawkesbury;hawkesbury
http://www.meetup.com/cities/gb/e6/hawkesbury_common/;Hawkesbury Common;hawkesbury_common
http://www.meetup.com/cities/gb/e6/hawkesbury_upton/;Hawkesbury Upton;hawkesbury_upton
http://www.meetup.com/cities/gb/e6/hawkwell_green/;Hawkwell Green;hawkwell_green
http://www.meetup.com/cities/gb/e6/hawling/;Hawling;hawling
http://www.meetup.com/cities/gb/e6/hayden/;Hayden;hayden
http://www.meetup.com/cities/gb/e6/hazleton/;Hazleton;hazleton
http://www.meetup.com/cities/gb/e6/heathend/;Heathend;heathend
http://www.meetup.com/cities/gb/e6/hempsted/;Hempsted;hempsted
http://www.meetup.com/cities/gb/e6/henbury/;Henbury;henbury
http://www.meetup.com/cities/gb/e6/henfield/;Henfield;henfield
http://www.meetup.com/cities/gb/e6/hewelsfield/;Hewelsfield;hewelsfield
http://www.meetup.com/cities/gb/e6/hidcote_bartrim/;Hidcote Bartrim;hidcote_bartrim
http://www.meetup.com/cities/gb/e6/hidcote_boyce/;Hidcote Boyce;hidcote_boyce
http://www.meetup.com/cities/gb/e6/highleadon/;Highleadon;highleadon
http://www.meetup.com/cities/gb/e6/highnam/;Highnam;highnam
http://www.meetup.com/cities/gb/e6/hill/;Hill;hill
http://www.meetup.com/cities/gb/e6/hillend_green/;Hillend Green;hillend_green
http://www.meetup.com/cities/gb/e6/hillersland/;Hillersland;hillersland
http://www.meetup.com/cities/gb/e6/hillesley/;Hillesley;hillesley
http://www.meetup.com/cities/gb/e6/hinton/;Hinton;hinton
http://www.meetup.com/cities/gb/e6/homedowns/;Homedowns;homedowns
http://www.meetup.com/cities/gb/e6/honeycombe_leaze/;Honeycombe Leaze;honeycombe_leaze
http://www.meetup.com/cities/gb/e6/horfield/;Horfield;horfield
http://www.meetup.com/cities/gb/e6/horsley/;Horsley;horsley
http://www.meetup.com/cities/gb/e6/horton/;Horton;horton
http://www.meetup.com/cities/gb/e6/howley/;Howley;howley
http://www.meetup.com/cities/gb/e6/hucclecote/;Hucclecote;hucclecote
http://www.meetup.com/cities/gb/e6/huntingford/;Huntingford;huntingford
http://www.meetup.com/cities/gb/e6/huntley/;Huntley;huntley
http://www.meetup.com/cities/gb/e6/hystfield/;Hystfield;hystfield
http://www.meetup.com/cities/gb/e6/icomb/;Icomb;icomb
http://www.meetup.com/cities/gb/e6/ilsom/;Ilsom;ilsom
http://www.meetup.com/cities/gb/e6/inchbrook/;Inchbrook;inchbrook
http://www.meetup.com/cities/gb/e6/inglestone_common/;Inglestone Common;inglestone_common
http://www.meetup.com/cities/gb/e6/ingst/;Ingst;ingst
http://www.meetup.com/cities/gb/e6/innsworth/;Innsworth;innsworth
http://www.meetup.com/cities/gb/e6/iron_acton/;Iron Acton;iron_acton
http://www.meetup.com/cities/gb/e6/itchington/;Itchington;itchington
http://www.meetup.com/cities/gb/e6/joyford/;Joyford;joyford
http://www.meetup.com/cities/gb/e6/joyford_hill/;Joyford Hill;joyford_hill
http://www.meetup.com/cities/gb/e6/joys_green/;Joys Green;joys_green
http://www.meetup.com/cities/gb/e6/kemble_wick/;Kemble Wick;kemble_wick
http://www.meetup.com/cities/gb/e6/kempley/;Kempley;kempley
http://www.meetup.com/cities/gb/e6/kempsford/;Kempsford;kempsford
http://www.meetup.com/cities/gb/e6/kendleshire/;Kendleshire;kendleshire
http://www.meetup.com/cities/gb/e6/ketford/;Ketford;ketford
http://www.meetup.com/cities/gb/e6/kingscote/;Kingscote;kingscote
http://www.meetup.com/cities/gb/e6/kingscourt/;Kingscourt;kingscourt
http://www.meetup.com/cities/gb/e6/kingsditch_trading_estate/;Kingsditch Trading Estate;kingsditch_trading_estate
http://www.meetup.com/cities/gb/e6/kings_stanley/;Kings Stanley;kings_stanley
http://www.meetup.com/cities/gb/e6/kingswood/;Kingswood;kingswood
http://www.meetup.com/cities/gb/e6/kington/;Kington;kington
http://www.meetup.com/cities/gb/e6/knap/;Knap;knap
http://www.meetup.com/cities/gb/e6/knightsbridge/;Knightsbridge;knightsbridge
http://www.meetup.com/cities/gb/e6/knights_green/;Knights Green;knights_green
http://www.meetup.com/cities/gb/e6/lasborough/;Lasborough;lasborough
http://www.meetup.com/cities/gb/e6/lea_bailey_hill/;Lea Bailey Hill;lea_bailey_hill
http://www.meetup.com/cities/gb/e6/leckhampton/;Leckhampton;leckhampton
http://www.meetup.com/cities/gb/e6/leckhampton_hill/;Leckhampton Hill;leckhampton_hill
http://www.meetup.com/cities/gb/e6/leddington/;Leddington;leddington
http://www.meetup.com/cities/gb/e6/leighterton/;Leighterton;leighterton
http://www.meetup.com/cities/gb/e6/leonard_stanley/;Leonard Stanley;leonard_stanley
http://www.meetup.com/cities/gb/e6/ley/;Ley;ley
http://www.meetup.com/cities/gb/e6/leyhill/;Leyhill;leyhill
http://www.meetup.com/cities/gb/e6/lightpill/;Lightpill;lightpill
http://www.meetup.com/cities/gb/e6/little_badminton/;Little Badminton;little_badminton
http://www.meetup.com/cities/gb/e6/little_barrington/;Little Barrington;little_barrington
http://www.meetup.com/cities/gb/e6/little_buckland/;Little Buckland;little_buckland
http://www.meetup.com/cities/gb/e6/littledean/;Littledean;littledean
http://www.meetup.com/cities/gb/e6/little_drybrook/;Little Drybrook;little_drybrook
http://www.meetup.com/cities/gb/e6/little_larkhill/;Little Larkhill;little_larkhill
http://www.meetup.com/cities/gb/e6/little_london/;Little London;little_london
http://www.meetup.com/cities/gb/e6/little_rissington/;Little Rissington;little_rissington
http://www.meetup.com/cities/gb/e6/little_shurdington/;Little Shurdington;little_shurdington
http://www.meetup.com/cities/gb/e6/little_sodbury/;Little Sodbury;little_sodbury
http://www.meetup.com/cities/gb/e6/little_stoke/;Little Stoke;little_stoke
http://www.meetup.com/cities/gb/e6/littleton-upon-severn/;Littleton-upon-Severn;littleton-upon-severn
http://www.meetup.com/cities/gb/e6/little_washbourne/;Little Washbourne;little_washbourne
http://www.meetup.com/cities/gb/e6/little_witcombe/;Little Witcombe;little_witcombe
http://www.meetup.com/cities/gb/e6/longborough/;Longborough;longborough
http://www.meetup.com/cities/gb/e6/longford/;Longford;longford
http://www.meetup.com/cities/gb/e6/long_furlong/;Long Furlong;long_furlong
http://www.meetup.com/cities/gb/e6/longlevens/;Longlevens;longlevens
http://www.meetup.com/cities/gb/e6/long_newnton/;Long Newnton;long_newnton
http://www.meetup.com/cities/gb/e6/longney/;Longney;longney
http://www.meetup.com/cities/gb/e6/longwell_green/;Longwell Green;longwell_green
http://www.meetup.com/cities/gb/e6/love_lane_industrial_estate/;Love Lane Industrial Estate;love_lane_industrial_estate
http://www.meetup.com/cities/gb/e6/lower_apperley/;Lower Apperley;lower_apperley
http://www.meetup.com/cities/gb/e6/lower_berry_hill/;Lower Berry Hill;lower_berry_hill
http://www.meetup.com/cities/gb/e6/lower_boulsdon/;Lower Boulsdon;lower_boulsdon
http://www.meetup.com/cities/gb/e6/lower_chedworth/;Lower Chedworth;lower_chedworth
http://www.meetup.com/cities/gb/e6/lower_coscombe/;Lower Coscombe;lower_coscombe
http://www.meetup.com/cities/gb/e6/lower_dowdeswell/;Lower Dowdeswell;lower_dowdeswell
http://www.meetup.com/cities/gb/e6/lower_hazel/;Lower Hazel;lower_hazel
http://www.meetup.com/cities/gb/e6/lower_lemington/;Lower Lemington;lower_lemington
http://www.meetup.com/cities/gb/e6/lower_lydbrook/;Lower Lydbrook;lower_lydbrook
http://www.meetup.com/cities/gb/e6/lower_meend/;Lower Meend;lower_meend
http://www.meetup.com/cities/gb/e6/lower_milkwall/;Lower Milkwall;lower_milkwall
http://www.meetup.com/cities/gb/e6/lower_mills/;Lower Mills;lower_mills
http://www.meetup.com/cities/gb/e6/lower_morton/;Lower Morton;lower_morton
http://www.meetup.com/cities/gb/e6/lower_norcote/;Lower Norcote;lower_norcote
http://www.meetup.com/cities/gb/e6/lower_shapridge/;Lower Shapridge;lower_shapridge
http://www.meetup.com/cities/gb/e6/lower_slaughter/;Lower Slaughter;lower_slaughter
http://www.meetup.com/cities/gb/e6/lower_soudley/;Lower Soudley;lower_soudley
http://www.meetup.com/cities/gb/e6/lower_stone/;Lower Stone;lower_stone
http://www.meetup.com/cities/gb/e6/lower_swell/;Lower Swell;lower_swell
http://www.meetup.com/cities/gb/e6/lower_yorkley/;Lower Yorkley;lower_yorkley
http://www.meetup.com/cities/gb/e6/lydbrook/;Lydbrook;lydbrook
http://www.meetup.com/cities/gb/e6/lydney/;Lydney;lydney
http://www.meetup.com/cities/gb/e6/lypiatt/;Lypiatt;lypiatt
http://www.meetup.com/cities/gb/e6/maisemore/;Maisemore;maisemore
http://www.meetup.com/cities/gb/e6/malswick/;Malswick;malswick
http://www.meetup.com/cities/gb/e6/mangotsfield/;Mangotsfield;mangotsfield
http://www.meetup.com/cities/gb/e6/marsden/;Marsden;marsden
http://www.meetup.com/cities/gb/e6/matson/;Matson;matson
http://www.meetup.com/cities/gb/e6/maugersbury/;Maugersbury;maugersbury
http://www.meetup.com/cities/gb/e6/may_hill/;May Hill;may_hill
http://www.meetup.com/cities/gb/e6/michaelwood/;Michaelwood;michaelwood
http://www.meetup.com/cities/gb/e6/middle_chedworth/;Middle Chedworth;middle_chedworth
http://www.meetup.com/cities/gb/e6/middle_duntisbourne/;Middle Duntisbourne;middle_duntisbourne
http://www.meetup.com/cities/gb/e6/middle_leazes/;Middle Leazes;middle_leazes
http://www.meetup.com/cities/gb/e6/middle_lypiatt/;Middle Lypiatt;middle_lypiatt
http://www.meetup.com/cities/gb/e6/middle_spring/;Middle Spring;middle_spring
http://www.meetup.com/cities/gb/e6/milbury_heath/;Milbury Heath;milbury_heath
http://www.meetup.com/cities/gb/e6/mile_end/;Mile End;mile_end
http://www.meetup.com/cities/gb/e6/milkwall/;Milkwall;milkwall
http://www.meetup.com/cities/gb/e6/minchinhampton/;Minchinhampton;minchinhampton
http://www.meetup.com/cities/gb/e6/minsterworth/;Minsterworth;minsterworth
http://www.meetup.com/cities/gb/e6/miserden/;Miserden;miserden
http://www.meetup.com/cities/gb/e6/mitcheldean/;Mitcheldean;mitcheldean
http://www.meetup.com/cities/gb/e6/moreton_valence/;Moreton Valence;moreton_valence
http://www.meetup.com/cities/gb/e6/mushet_industrial_park/;Mushet Industrial Park;mushet_industrial_park
http://www.meetup.com/cities/gb/e6/nailsworth/;Nailsworth;nailsworth
http://www.meetup.com/cities/gb/e6/nastend/;Nastend;nastend
http://www.meetup.com/cities/gb/e6/naunton/;Naunton;naunton
http://www.meetup.com/cities/gb/e6/nether_westcote/;Nether Westcote;nether_westcote
http://www.meetup.com/cities/gb/e6/new_brookend/;New Brookend;new_brookend
http://www.meetup.com/cities/gb/e6/new_cheltenham/;New Cheltenham;new_cheltenham
http://www.meetup.com/cities/gb/e6/newent/;Newent;newent
http://www.meetup.com/cities/gb/e6/newington/;Newington;newington
http://www.meetup.com/cities/gb/e6/newland/;Newland;newland
http://www.meetup.com/cities/gb/e6/newnham/;Newnham;newnham
http://www.meetup.com/cities/gb/e6/newport/;Newport;newport
http://www.meetup.com/cities/gb/e6/newton/;Newton;newton
http://www.meetup.com/cities/gb/e6/newtown/;Newtown;newtown
http://www.meetup.com/cities/gb/e6/norcote/;Norcote;norcote
http://www.meetup.com/cities/gb/e6/norman_hill/;Norman Hill;norman_hill
http://www.meetup.com/cities/gb/e6/north_cerney/;North Cerney;north_cerney
http://www.meetup.com/cities/gb/e6/north_cerney_downs/;North Cerney Downs;north_cerney_downs
http://www.meetup.com/cities/gb/e6/northleach/;Northleach;northleach
http://www.meetup.com/cities/gb/e6/north_nibley/;North Nibley;north_nibley
http://www.meetup.com/cities/gb/e6/northville/;Northville;northville
http://www.meetup.com/cities/gb/e6/northway/;Northway;northway
http://www.meetup.com/cities/gb/e6/north_woodchester/;North Woodchester;north_woodchester
http://www.meetup.com/cities/gb/e6/northwood_green/;Northwood Green;northwood_green
http://www.meetup.com/cities/gb/e6/norton/;Norton;norton
http://www.meetup.com/cities/gb/e6/notgrove/;Notgrove;notgrove
http://www.meetup.com/cities/gb/e6/nupend/;Nupend;nupend
http://www.meetup.com/cities/gb/e6/nympsfield/;Nympsfield;nympsfield
http://www.meetup.com/cities/gb/e6/oakridge/;Oakridge;oakridge
http://www.meetup.com/cities/gb/e6/oakridge_lynch/;Oakridge Lynch;oakridge_lynch
http://www.meetup.com/cities/gb/e6/oddington/;Oddington;oddington
http://www.meetup.com/cities/gb/e6/old_brookend/;Old Brookend;old_brookend
http://www.meetup.com/cities/gb/e6/oldbury_naite/;Oldbury Naite;oldbury_naite
http://www.meetup.com/cities/gb/e6/oldbury-on-severn/;Oldbury-on-Severn;oldbury-on-severn
http://www.meetup.com/cities/gb/e6/oldcroft/;Oldcroft;oldcroft
http://www.meetup.com/cities/gb/e6/old_down/;Old Down;old_down
http://www.meetup.com/cities/gb/e6/oldends/;Oldends;oldends
http://www.meetup.com/cities/gb/e6/old_hinchwick/;Old Hinchwick;old_hinchwick
http://www.meetup.com/cities/gb/e6/oldland_common/;Oldland Common;oldland_common
http://www.meetup.com/cities/gb/e6/old_neighbouring/;Old Neighbouring;old_neighbouring
http://www.meetup.com/cities/gb/e6/old_sodbury/;Old Sodbury;old_sodbury
http://www.meetup.com/cities/gb/e6/old_town/;Old Town;old_town
http://www.meetup.com/cities/gb/e6/olveston/;Olveston;olveston
http://www.meetup.com/cities/gb/e6/over/;Over;over
http://www.meetup.com/cities/gb/e6/owlpen/;Owlpen;owlpen
http://www.meetup.com/cities/gb/e6/oxenhall/;Oxenhall;oxenhall
http://www.meetup.com/cities/gb/e6/oxenton/;Oxenton;oxenton
http://www.meetup.com/cities/gb/e6/oxlynch/;Oxlynch;oxlynch
http://www.meetup.com/cities/gb/e6/ozleworth/;Ozleworth;ozleworth
http://www.meetup.com/cities/gb/e6/paganhill/;Paganhill;paganhill
http://www.meetup.com/cities/gb/e6/painswick/;Painswick;painswick
http://www.meetup.com/cities/gb/e6/painswick_beacon/;Painswick Beacon;painswick_beacon
http://www.meetup.com/cities/gb/e6/pamington/;Pamington;pamington
http://www.meetup.com/cities/gb/e6/parkend/;Parkend;parkend
http://www.meetup.com/cities/gb/e6/patchway/;Patchway;patchway
http://www.meetup.com/cities/gb/e6/paxford/;Paxford;paxford
http://www.meetup.com/cities/gb/e6/pennsylvania/;Pennsylvania;pennsylvania
http://www.meetup.com/cities/gb/e6/perrotts_brook/;Perrotts Brook;perrotts_brook
http://www.meetup.com/cities/gb/e6/petty_france/;Petty France;petty_france
http://www.meetup.com/cities/gb/e6/pillowell/;Pillowell;pillowell
http://www.meetup.com/cities/gb/e6/pilning/;Pilning;pilning
http://www.meetup.com/cities/gb/e6/pitbrook/;Pitbrook;pitbrook
http://www.meetup.com/cities/gb/e6/pitchcombe/;Pitchcombe;pitchcombe
http://www.meetup.com/cities/gb/e6/plump_hill/;Plump Hill;plump_hill
http://www.meetup.com/cities/gb/e6/podsmead/;Podsmead;podsmead
http://www.meetup.com/cities/gb/e6/poole_keynes/;Poole Keynes;poole_keynes
http://www.meetup.com/cities/gb/e6/pool_hill/;Pool Hill;pool_hill
http://www.meetup.com/cities/gb/e6/popes_hill/;Popes Hill;popes_hill
http://www.meetup.com/cities/gb/e6/poulton/;Poulton;poulton
http://www.meetup.com/cities/gb/e6/prestbury/;Prestbury;prestbury
http://www.meetup.com/cities/gb/e6/preston/;Preston;preston
http://www.meetup.com/cities/gb/e6/preston_cross/;Preston Cross;preston_cross
http://www.meetup.com/cities/gb/e6/pucklechurch/;Pucklechurch;pucklechurch
http://www.meetup.com/cities/gb/e6/purton/;Purton;purton
http://www.meetup.com/cities/gb/e6/quedgeley/;Quedgeley;quedgeley
http://www.meetup.com/cities/gb/e6/quenington/;Quenington;quenington
http://www.meetup.com/cities/gb/e6/randwick/;Randwick;randwick
http://www.meetup.com/cities/gb/e6/rangeworthy/;Rangeworthy;rangeworthy
http://www.meetup.com/cities/gb/e6/rapsgate/;Rapsgate;rapsgate
http://www.meetup.com/cities/gb/e6/ready_penny/;Ready Penny;ready_penny
http://www.meetup.com/cities/gb/e6/ready_token/;Ready Token;ready_token
http://www.meetup.com/cities/gb/e6/redmarley/;Redmarley;redmarley
http://www.meetup.com/cities/gb/e6/rendcomb/;Rendcomb;rendcomb
http://www.meetup.com/cities/gb/e6/rockhampton/;Rockhampton;rockhampton
http://www.meetup.com/cities/gb/e6/rodborough/;Rodborough;rodborough
http://www.meetup.com/cities/gb/e6/rodborough_common/;Rodborough Common;rodborough_common
http://www.meetup.com/cities/gb/e6/rodborough_hill/;Rodborough Hill;rodborough_hill
http://www.meetup.com/cities/gb/e6/rodley/;Rodley;rodley
http://www.meetup.com/cities/gb/e6/rodmarton/;Rodmarton;rodmarton
http://www.meetup.com/cities/gb/e6/ruardean/;Ruardean;ruardean
http://www.meetup.com/cities/gb/e6/ruardean_hill/;Ruardean Hill;ruardean_hill
http://www.meetup.com/cities/gb/e6/ruardean_woodside/;Ruardean Woodside;ruardean_woodside
http://www.meetup.com/cities/gb/e6/ruddle/;Ruddle;ruddle
http://www.meetup.com/cities/gb/e6/rudford/;Rudford;rudford
http://www.meetup.com/cities/gb/e6/rudgeway/;Rudgeway;rudgeway
http://www.meetup.com/cities/gb/e6/ruscombe/;Ruscombe;ruscombe
http://www.meetup.com/cities/gb/e6/ruspidge/;Ruspidge;ruspidge
http://www.meetup.com/cities/gb/e6/ryeford/;Ryeford;ryeford
http://www.meetup.com/cities/gb/e6/ryton/;Ryton;ryton
http://www.meetup.com/cities/gb/e6/saintbury/;Saintbury;saintbury
http://www.meetup.com/cities/gb/e6/salperton/;Salperton;salperton
http://www.meetup.com/cities/gb/e6/sandhurst/;Sandhurst;sandhurst
http://www.meetup.com/cities/gb/e6/sandpits/;Sandpits;sandpits
http://www.meetup.com/cities/gb/e6/sapperton/;Sapperton;sapperton
http://www.meetup.com/cities/gb/e6/saul/;Saul;saul
http://www.meetup.com/cities/gb/e6/sedbury/;Sedbury;sedbury
http://www.meetup.com/cities/gb/e6/selsley/;Selsley;selsley
http://www.meetup.com/cities/gb/e6/selsley_east/;Selsley East;selsley_east
http://www.meetup.com/cities/gb/e6/selsley_hill/;Selsley Hill;selsley_hill
http://www.meetup.com/cities/gb/e6/selsley_west/;Selsley West;selsley_west
http://www.meetup.com/cities/gb/e6/sevenhampton/;Sevenhampton;sevenhampton
http://www.meetup.com/cities/gb/e6/seven_springs/;Seven Springs;seven_springs
http://www.meetup.com/cities/gb/e6/severn_beach/;Severn Beach;severn_beach
http://www.meetup.com/cities/gb/e6/sezincote/;Sezincote;sezincote
http://www.meetup.com/cities/gb/e6/sharpness/;Sharpness;sharpness
http://www.meetup.com/cities/gb/e6/sheepscombe/;Sheepscombe;sheepscombe
http://www.meetup.com/cities/gb/e6/sherborne/;Sherborne;sherborne
http://www.meetup.com/cities/gb/e6/shipton_moyne/;Shipton Moyne;shipton_moyne
http://www.meetup.com/cities/gb/e6/shipton_oliffe/;Shipton Oliffe;shipton_oliffe
http://www.meetup.com/cities/gb/e6/shorncote/;Shorncote;shorncote
http://www.meetup.com/cities/gb/e6/shortstanding/;Shortstanding;shortstanding
http://www.meetup.com/cities/gb/e6/shortwood/;Shortwood;shortwood
http://www.meetup.com/cities/gb/e6/shurdington/;Shurdington;shurdington
http://www.meetup.com/cities/gb/e6/shuthonger/;Shuthonger;shuthonger
http://www.meetup.com/cities/gb/e6/siddington/;Siddington;siddington
http://www.meetup.com/cities/gb/e6/slad/;Slad;slad
http://www.meetup.com/cities/gb/e6/slimbridge/;Slimbridge;slimbridge
http://www.meetup.com/cities/gb/e6/sling/;Sling;sling
http://www.meetup.com/cities/gb/e6/snowshill/;Snowshill;snowshill
http://www.meetup.com/cities/gb/e6/snowshill_hill/;Snowshill Hill;snowshill_hill
http://www.meetup.com/cities/gb/e6/somerford_keynes/;Somerford Keynes;somerford_keynes
http://www.meetup.com/cities/gb/e6/soudley/;Soudley;soudley
http://www.meetup.com/cities/gb/e6/soundwell/;Soundwell;soundwell
http://www.meetup.com/cities/gb/e6/southam/;Southam;southam
http://www.meetup.com/cities/gb/e6/southend/;Southend;southend
http://www.meetup.com/cities/gb/e6/southrop/;Southrop;southrop
http://www.meetup.com/cities/gb/e6/south_woodchester/;South Woodchester;south_woodchester
http://www.meetup.com/cities/gb/e6/speech_house/;Speech House;speech_house
http://www.meetup.com/cities/gb/e6/springhill/;Springhill;springhill
http://www.meetup.com/cities/gb/e6/stancombe/;Stancombe;stancombe
http://www.meetup.com/cities/gb/e6/standish/;Standish;standish
http://www.meetup.com/cities/gb/e6/standish_park/;Standish Park;standish_park
http://www.meetup.com/cities/gb/e6/stanley_downton/;Stanley Downton;stanley_downton
http://www.meetup.com/cities/gb/e6/stanley_pontlarge/;Stanley Pontlarge;stanley_pontlarge
http://www.meetup.com/cities/gb/e6/stanton/;Stanton;stanton
http://www.meetup.com/cities/gb/e6/stanway/;Stanway;stanway
http://www.meetup.com/cities/gb/e6/staple_hill/;Staple Hill;staple_hill
http://www.meetup.com/cities/gb/e6/stapleton/;Stapleton;stapleton
http://www.meetup.com/cities/gb/e6/staverton/;Staverton;staverton
http://www.meetup.com/cities/gb/e6/staverton_technology_park/;Staverton Technology Park;staverton_technology_park
http://www.meetup.com/cities/gb/e6/st_briavels/;St Briavels;st_briavels
http://www.meetup.com/cities/gb/e6/stinchcombe/;Stinchcombe;stinchcombe
http://www.meetup.com/cities/gb/e6/st_marks/;St Marks;st_marks
http://www.meetup.com/cities/gb/e6/stoke_gifford/;Stoke Gifford;stoke_gifford
http://www.meetup.com/cities/gb/e6/stoke_orchard/;Stoke Orchard;stoke_orchard
http://www.meetup.com/cities/gb/e6/stone/;Stone;stone
http://www.meetup.com/cities/gb/e6/stonehouse/;Stonehouse;stonehouse
http://www.meetup.com/cities/gb/e6/stow_on_the_wold/;Stow on the Wold;stow_on_the_wold
http://www.meetup.com/cities/gb/e6/stratton/;Stratton;stratton
http://www.meetup.com/cities/gb/e6/stroat/;Stroat;stroat
http://www.meetup.com/cities/gb/e6/stroud/;Stroud;stroud
http://www.meetup.com/cities/gb/e6/stroudwater_business_park/;Stroudwater Business Park;stroudwater_business_park
http://www.meetup.com/cities/gb/e6/swindon_village/;Swindon Village;swindon_village
http://www.meetup.com/cities/gb/e6/swineford/;Swineford;swineford
http://www.meetup.com/cities/gb/e6/swinhay/;Swinhay;swinhay
http://www.meetup.com/cities/gb/e6/syde/;Syde;syde
http://www.meetup.com/cities/gb/e6/symonds_yat_rock/;Symonds Yat Rock;symonds_yat_rock
http://www.meetup.com/cities/gb/e6/synwell/;Synwell;synwell
http://www.meetup.com/cities/gb/e6/tarlton/;Tarlton;tarlton
http://www.meetup.com/cities/gb/e6/taynton/;Taynton;taynton
http://www.meetup.com/cities/gb/e6/teddington/;Teddington;teddington
http://www.meetup.com/cities/gb/e6/temple_guiting/;Temple Guiting;temple_guiting
http://www.meetup.com/cities/gb/e6/tetbury/;Tetbury;tetbury
http://www.meetup.com/cities/gb/e6/tewkesbury_business_park/;Tewkesbury Business Park;tewkesbury_business_park
http://www.meetup.com/cities/gb/e6/the_camp/;The Camp;the_camp
http://www.meetup.com/cities/gb/e6/the_docks/;The Docks;the_docks
http://www.meetup.com/cities/gb/e6/the_leigh/;The Leigh;the_leigh
http://www.meetup.com/cities/gb/e6/the_pludds/;The Pludds;the_pludds
http://www.meetup.com/cities/gb/e6/the_reddings/;The Reddings;the_reddings
http://www.meetup.com/cities/gb/e6/thornbury/;Thornbury;thornbury
http://www.meetup.com/cities/gb/e6/thornhill/;Thornhill;thornhill
http://www.meetup.com/cities/gb/e6/thrupp/;Thrupp;thrupp
http://www.meetup.com/cities/gb/e6/tibberton/;Tibberton;tibberton
http://www.meetup.com/cities/gb/e6/tidenham/;Tidenham;tidenham
http://www.meetup.com/cities/gb/e6/tidenham_chase/;Tidenham Chase;tidenham_chase
http://www.meetup.com/cities/gb/e6/tillers_green/;Tillers Green;tillers_green
http://www.meetup.com/cities/gb/e6/tilsdown/;Tilsdown;tilsdown
http://www.meetup.com/cities/gb/e6/tirley/;Tirley;tirley
http://www.meetup.com/cities/gb/e6/tockington/;Tockington;tockington
http://www.meetup.com/cities/gb/e6/toddington/;Toddington;toddington
http://www.meetup.com/cities/gb/e6/todenham/;Todenham;todenham
http://www.meetup.com/cities/gb/e6/tormarton/;Tormarton;tormarton
http://www.meetup.com/cities/gb/e6/tortworth/;Tortworth;tortworth
http://www.meetup.com/cities/gb/e6/totterdown/;Totterdown;totterdown
http://www.meetup.com/cities/gb/e6/trafalgar/;Trafalgar;trafalgar
http://www.meetup.com/cities/gb/e6/tredington/;Tredington;tredington
http://www.meetup.com/cities/gb/e6/tresham/;Tresham;tresham
http://www.meetup.com/cities/gb/e6/trull/;Trull;trull
http://www.meetup.com/cities/gb/e6/tuffley/;Tuffley;tuffley
http://www.meetup.com/cities/gb/e6/tufthorn/;Tufthorn;tufthorn
http://www.meetup.com/cities/gb/e6/tunley/;Tunley;tunley
http://www.meetup.com/cities/gb/e6/turkdean/;Turkdean;turkdean
http://www.meetup.com/cities/gb/e6/tutshill/;Tutshill;tutshill
http://www.meetup.com/cities/gb/e6/twigworth/;Twigworth;twigworth
http://www.meetup.com/cities/gb/e6/twyning/;Twyning;twyning
http://www.meetup.com/cities/gb/e6/tytherington/;Tytherington;tytherington
http://www.meetup.com/cities/gb/e6/uckington/;Uckington;uckington
http://www.meetup.com/cities/gb/e6/uley/;Uley;uley
http://www.meetup.com/cities/gb/e6/ullenwood/;Ullenwood;ullenwood
http://www.meetup.com/cities/gb/e6/up_hatherley/;Up Hatherley;up_hatherley
http://www.meetup.com/cities/gb/e6/uplands/;Uplands;uplands
http://www.meetup.com/cities/gb/e6/upleadon/;Upleadon;upleadon
http://www.meetup.com/cities/gb/e6/upper_coberley/;Upper Coberley;upper_coberley
http://www.meetup.com/cities/gb/e6/upper_dowdeswell/;Upper Dowdeswell;upper_dowdeswell
http://www.meetup.com/cities/gb/e6/upper_etloe/;Upper Etloe;upper_etloe
http://www.meetup.com/cities/gb/e6/upper_lydbrook/;Upper Lydbrook;upper_lydbrook
http://www.meetup.com/cities/gb/e6/upper_morton/;Upper Morton;upper_morton
http://www.meetup.com/cities/gb/e6/upper_oddington/;Upper Oddington;upper_oddington
http://www.meetup.com/cities/gb/e6/upper_rissington/;Upper Rissington;upper_rissington
http://www.meetup.com/cities/gb/e6/upper_slaughter/;Upper Slaughter;upper_slaughter
http://www.meetup.com/cities/gb/e6/upper_soudley/;Upper Soudley;upper_soudley
http://www.meetup.com/cities/gb/e6/upper_swell/;Upper Swell;upper_swell
http://www.meetup.com/cities/gb/e6/upper_up/;Upper Up;upper_up
http://www.meetup.com/cities/gb/e6/upper_wick/;Upper Wick;upper_wick
http://www.meetup.com/cities/gb/e6/upper_windrush/;Upper Windrush;upper_windrush
http://www.meetup.com/cities/gb/e6/upton/;Upton;upton
http://www.meetup.com/cities/gb/e6/upton_cheyney/;Upton Cheyney;upton_cheyney
http://www.meetup.com/cities/gb/e6/upton_st_leonards/;Upton St Leonards;upton_st_leonards
http://www.meetup.com/cities/gb/e6/viney_hill/;Viney Hill;viney_hill
http://www.meetup.com/cities/gb/e6/viney_woodside/;Viney Woodside;viney_woodside
http://www.meetup.com/cities/gb/e6/walham/;Walham;walham
http://www.meetup.com/cities/gb/e6/wallbridge/;Wallbridge;wallbridge
http://www.meetup.com/cities/gb/e6/walls_quarry/;Walls Quarry;walls_quarry
http://www.meetup.com/cities/gb/e6/walmore_common/;Walmore Common;walmore_common
http://www.meetup.com/cities/gb/e6/walton_hill/;Walton Hill;walton_hill
http://www.meetup.com/cities/gb/e6/wanswell/;Wanswell;wanswell
http://www.meetup.com/cities/gb/e6/warmley/;Warmley;warmley
http://www.meetup.com/cities/gb/e6/warrens_cross/;Warrens Cross;warrens_cross
http://www.meetup.com/cities/gb/e6/waterwells_business_park/;Waterwells Business Park;waterwells_business_park
http://www.meetup.com/cities/gb/e6/westbury-on-severn/;Westbury-on-Severn;westbury-on-severn
http://www.meetup.com/cities/gb/e6/westbury-on-trym/;Westbury-on-Trym;westbury-on-trym
http://www.meetup.com/cities/gb/e6/westend/;Westend;westend
http://www.meetup.com/cities/gb/e6/westerleigh/;Westerleigh;westerleigh
http://www.meetup.com/cities/gb/e6/west_littleton/;West Littleton;west_littleton
http://www.meetup.com/cities/gb/e6/westonbirt/;Westonbirt;westonbirt
http://www.meetup.com/cities/gb/e6/weston-subedge/;Weston-Subedge;weston-subedge
http://www.meetup.com/cities/gb/e6/westrip/;Westrip;westrip
http://www.meetup.com/cities/gb/e6/whaddon/;Whaddon;whaddon
http://www.meetup.com/cities/gb/e6/whelford/;Whelford;whelford
http://www.meetup.com/cities/gb/e6/whimsey/;Whimsey;whimsey
http://www.meetup.com/cities/gb/e6/whitecroft/;Whitecroft;whitecroft
http://www.meetup.com/cities/gb/e6/whiteshill/;Whiteshill;whiteshill
http://www.meetup.com/cities/gb/e6/whiteway/;Whiteway;whiteway
http://www.meetup.com/cities/gb/e6/whitfield/;Whitfield;whitfield
http://www.meetup.com/cities/gb/e6/whitminster/;Whitminster;whitminster
http://www.meetup.com/cities/gb/e6/whittington/;Whittington;whittington
http://www.meetup.com/cities/gb/e6/wick/;Wick;wick
http://www.meetup.com/cities/gb/e6/wickwar/;Wickwar;wickwar
http://www.meetup.com/cities/gb/e6/wigpool/;Wigpool;wigpool
http://www.meetup.com/cities/gb/e6/willsbridge/;Willsbridge;willsbridge
http://www.meetup.com/cities/gb/e6/winchcombe/;Winchcombe;winchcombe
http://www.meetup.com/cities/gb/e6/windrush/;Windrush;windrush
http://www.meetup.com/cities/gb/e6/winson/;Winson;winson
http://www.meetup.com/cities/gb/e6/winstone/;Winstone;winstone
http://www.meetup.com/cities/gb/e6/winterbourne/;Winterbourne;winterbourne
http://www.meetup.com/cities/gb/e6/winterbourne_down/;Winterbourne Down;winterbourne_down
http://www.meetup.com/cities/gb/e6/wintles_hill/;Wintles Hill;wintles_hill
http://www.meetup.com/cities/gb/e6/witcombe/;Witcombe;witcombe
http://www.meetup.com/cities/gb/e6/withington/;Withington;withington
http://www.meetup.com/cities/gb/e6/woodchester/;Woodchester;woodchester
http://www.meetup.com/cities/gb/e6/woodcroft/;Woodcroft;woodcroft
http://www.meetup.com/cities/gb/e6/woodend/;Woodend;woodend
http://www.meetup.com/cities/gb/e6/woodfield/;Woodfield;woodfield
http://www.meetup.com/cities/gb/e6/woodford/;Woodford;woodford
http://www.meetup.com/cities/gb/e6/woodmancote/;Woodmancote;woodmancote
http://www.meetup.com/cities/gb/e6/wood_stanway/;Wood Stanway;wood_stanway
http://www.meetup.com/cities/gb/e6/woolaston/;Woolaston;woolaston
http://www.meetup.com/cities/gb/e6/worrall_hill/;Worrall Hill;worrall_hill
http://www.meetup.com/cities/gb/e6/wortley/;Wortley;wortley
http://www.meetup.com/cities/gb/e6/wotton-under-edge/;Wotton-under-Edge;wotton-under-edge
http://www.meetup.com/cities/gb/e6/wyck_rissington/;Wyck Rissington;wyck_rissington
http://www.meetup.com/cities/gb/e6/yanworth/;Yanworth;yanworth
http://www.meetup.com/cities/gb/e6/yate/;Yate;yate
http://www.meetup.com/cities/gb/e6/yorkley/;Yorkley;yorkley
http://www.meetup.com/cities/gb/e6/yorkley_slade/;Yorkley Slade;yorkley_slade
http://www.meetup.com/cities/gb/e6/abbeydale/;Abbeydale;abbeydale
http://www.meetup.com/cities/gb/e6/abbeymead/;Abbeymead;abbeymead
http://www.meetup.com/cities/gb/e6/abson/;Abson;abson
http://www.meetup.com/cities/gb/e6/abwell/;Abwell;abwell
http://www.meetup.com/cities/gb/e6/acton_turville/;Acton Turville;acton_turville
http://www.meetup.com/cities/gb/e6/adlestrop/;Adlestrop;adlestrop
http://www.meetup.com/cities/gb/e6/adsett/;Adsett;adsett
http://www.meetup.com/cities/gb/e6/alderley/;Alderley;alderley
http://www.meetup.com/cities/gb/e6/alderton/;Alderton;alderton
http://www.meetup.com/cities/gb/e6/aldsworth/;Aldsworth;aldsworth
http://www.meetup.com/cities/gb/e6/alkington/;Alkington;alkington
http://www.meetup.com/cities/gb/e6/allastone/;Allastone;allastone
http://www.meetup.com/cities/gb/e6/almondsbury/;Almondsbury;almondsbury
http://www.meetup.com/cities/gb/e6/alstone/;Alstone;alstone
http://www.meetup.com/cities/gb/e6/alstone_fields/;Alstone Fields;alstone_fields
http://www.meetup.com/cities/gb/e6/alveston/;Alveston;alveston
http://www.meetup.com/cities/gb/e6/alvington/;Alvington;alvington
http://www.meetup.com/cities/gb/e6/amberley/;Amberley;amberley
http://www.meetup.com/cities/gb/e6/ampney_crucis/;Ampney Crucis;ampney_crucis
http://www.meetup.com/cities/gb/e6/ampney_knowle/;Ampney Knowle;ampney_knowle
http://www.meetup.com/cities/gb/e6/ampney_st_mary/;Ampney St Mary;ampney_st_mary
http://www.meetup.com/cities/gb/e6/ampney_st_peter/;Ampney St Peter;ampney_st_peter
http://www.meetup.com/cities/gb/e6/andoversford/;Andoversford;andoversford
http://www.meetup.com/cities/gb/e6/apperley/;Apperley;apperley
http://www.meetup.com/cities/gb/e6/arlingham/;Arlingham;arlingham
http://www.meetup.com/cities/gb/e6/ashchurch/;Ashchurch;ashchurch
http://www.meetup.com/cities/gb/e6/ashleworth/;Ashleworth;ashleworth
http://www.meetup.com/cities/gb/e6/ashley/;Ashley;ashley
http://www.meetup.com/cities/gb/e6/ashmead_green/;Ashmead Green;ashmead_green
http://www.meetup.com/cities/gb/e6/ashwicke/;Ashwicke;ashwicke
http://www.meetup.com/cities/gb/e6/aston_cross/;Aston Cross;aston_cross
http://www.meetup.com/cities/gb/e6/aston_magna/;Aston Magna;aston_magna
http://www.meetup.com/cities/gb/e6/aston-on-carrant/;Aston-on-Carrant;aston-on-carrant
http://www.meetup.com/cities/gb/e6/aston_sub_edge/;Aston Sub Edge;aston_sub_edge
http://www.meetup.com/cities/gb/e6/aust/;Aust;aust
http://www.meetup.com/cities/gb/e6/avening/;Avening;avening
http://www.meetup.com/cities/gb/e6/awre/;Awre;awre
http://www.meetup.com/cities/gb/e6/aylburton/;Aylburton;aylburton
http://www.meetup.com/cities/gb/e6/babdown/;Babdown;babdown
http://www.meetup.com/cities/gb/e6/back_of_avon/;Back of Avon;back_of_avon
http://www.meetup.com/cities/gb/e6/badgeworth/;Badgeworth;badgeworth
http://www.meetup.com/cities/gb/e6/badminton/;Badminton;badminton
http://www.meetup.com/cities/gb/e6/bagendon/;Bagendon;bagendon
http://www.meetup.com/cities/gb/e6/bagpath/;Bagpath;bagpath
http://www.meetup.com/cities/gb/e6/bagstone/;Bagstone;bagstone
http://www.meetup.com/cities/gb/e6/bakers_hill/;Bakers Hill;bakers_hill
http://www.meetup.com/cities/gb/e6/bamfurlong/;Bamfurlong;bamfurlong
http://www.meetup.com/cities/gb/e6/barnsley/;Barnsley;barnsley
http://www.meetup.com/cities/gb/e6/barnwood/;Barnwood;barnwood
http://www.meetup.com/cities/gb/e6/barrs_court/;Barrs Court;barrs_court
http://www.meetup.com/cities/gb/e6/batsford/;Batsford;batsford
http://www.meetup.com/cities/gb/e6/battledown/;Battledown;battledown
http://www.meetup.com/cities/gb/e6/baunton/;Baunton;baunton
http://www.meetup.com/cities/gb/e6/beach/;Beach;beach
http://www.meetup.com/cities/gb/e6/beachley/;Beachley;beachley
http://www.meetup.com/cities/gb/e6/beeches_industrial_estate/;Beeches Industrial Estate;beeches_industrial_estate
http://www.meetup.com/cities/gb/e6/bentham/;Bentham;bentham
http://www.meetup.com/cities/gb/e6/berkeley/;Berkeley;berkeley
http://www.meetup.com/cities/gb/e6/berkeley_heath/;Berkeley Heath;berkeley_heath
http://www.meetup.com/cities/gb/e6/berrycroft/;Berrycroft;berrycroft
http://www.meetup.com/cities/gb/e6/berry_hill/;Berry Hill;berry_hill
http://www.meetup.com/cities/gb/e6/beverston/;Beverston;beverston
http://www.meetup.com/cities/gb/e6/bevington/;Bevington;bevington
http://www.meetup.com/cities/gb/e6/bibstone/;Bibstone;bibstone
http://www.meetup.com/cities/gb/e6/bibury/;Bibury;bibury
http://www.meetup.com/cities/gb/e6/bird_in_hand/;Bird in Hand;bird_in_hand
http://www.meetup.com/cities/gb/e6/birdlip/;Birdlip;birdlip
http://www.meetup.com/cities/gb/e6/birdwood/;Birdwood;birdwood
http://www.meetup.com/cities/gb/e6/bishops_cleeve/;Bishops Cleeve;bishops_cleeve
http://www.meetup.com/cities/gb/e6/bisley/;Bisley;bisley
http://www.meetup.com/cities/gb/e6/bitton/;Bitton;bitton
http://www.meetup.com/cities/gb/e6/blackhall/;Blackhall;blackhall
http://www.meetup.com/cities/gb/e6/blaisdon/;Blaisdon;blaisdon
http://www.meetup.com/cities/gb/e6/blaize-bailey/;Blaize-Bailey;blaize-bailey
http://www.meetup.com/cities/gb/e6/blakeney/;Blakeney;blakeney
http://www.meetup.com/cities/gb/e6/blakeney_hill/;Blakeney Hill;blakeney_hill
http://www.meetup.com/cities/gb/e6/bledington/;Bledington;bledington
http://www.meetup.com/cities/gb/e6/blockley/;Blockley;blockley
http://www.meetup.com/cities/gb/e6/boddington/;Boddington;boddington
http://www.meetup.com/cities/gb/e6/bollow/;Bollow;bollow
http://www.meetup.com/cities/gb/e6/boughspring/;Boughspring;boughspring
http://www.meetup.com/cities/gb/e6/bourne/;Bourne;bourne
http://www.meetup.com/cities/gb/e6/bournes_green/;Bournes Green;bournes_green
http://www.meetup.com/cities/gb/e6/bournstream/;Bournstream;bournstream
http://www.meetup.com/cities/gb/e6/bourton_on_the_hill/;Bourton on the Hill;bourton_on_the_hill
http://www.meetup.com/cities/gb/e6/bourton-on-the-water/;Bourton-on-the-Water;bourton-on-the-water
http://www.meetup.com/cities/gb/e6/bowbridge/;Bowbridge;bowbridge
http://www.meetup.com/cities/gb/e6/bowcott/;Bowcott;bowcott
http://www.meetup.com/cities/gb/e6/box/;Box;box
http://www.meetup.com/cities/gb/e6/bradley_green/;Bradley Green;bradley_green
http://www.meetup.com/cities/gb/e6/bradley_hill/;Bradley Hill;bradley_hill
http://www.meetup.com/cities/gb/e6/bradley_stoke/;Bradley Stoke;bradley_stoke
http://www.meetup.com/cities/gb/e6/breadstone/;Breadstone;breadstone
http://www.meetup.com/cities/gb/e6/bream/;Bream;bream
http://www.meetup.com/cities/gb/e6/brentry/;Brentry;brentry
http://www.meetup.com/cities/gb/e6/bridgend/;Bridgend;bridgend
http://www.meetup.com/cities/gb/e6/bridgeyate/;Bridgeyate;bridgeyate
http://www.meetup.com/cities/gb/e6/brierley/;Brierley;brierley
http://www.meetup.com/cities/gb/e6/brimpsfield/;Brimpsfield;brimpsfield
http://www.meetup.com/cities/gb/e6/brimscombe/;Brimscombe;brimscombe
http://www.meetup.com/cities/gb/e6/bristol/;Bristol;bristol
http://www.meetup.com/cities/gb/e6/broad_campden/;Broad Campden;broad_campden
http://www.meetup.com/cities/gb/e6/broadoak/;Broadoak;broadoak
http://www.meetup.com/cities/gb/e6/broadwell/;Broadwell;broadwell
http://www.meetup.com/cities/gb/e6/brockhampton/;Brockhampton;brockhampton
http://www.meetup.com/cities/gb/e6/brockweir/;Brockweir;brockweir
http://www.meetup.com/cities/gb/e6/brockweir_common/;Brockweir Common;brockweir_common
http://www.meetup.com/cities/gb/e6/brockworth/;Brockworth;brockworth
http://www.meetup.com/cities/gb/e6/brookthorpe/;Brookthorpe;brookthorpe
http://www.meetup.com/cities/gb/e6/broomsgreen/;Broomsgreen;broomsgreen
http://www.meetup.com/cities/gb/e6/brownshill/;Brownshill;brownshill
http://www.meetup.com/cities/gb/e6/buckland/;Buckland;buckland
http://www.meetup.com/cities/gb/e6/buckover/;Buckover;buckover
http://www.meetup.com/cities/gb/e6/buckshaft/;Buckshaft;buckshaft
http://www.meetup.com/cities/gb/e6/bullo_pill/;Bullo Pill;bullo_pill
http://www.meetup.com/cities/gb/e6/bull_pitch/;Bull Pitch;bull_pitch
http://www.meetup.com/cities/gb/e6/burleigh/;Burleigh;burleigh
http://www.meetup.com/cities/gb/e6/burnt_norton/;Burnt Norton;burnt_norton
http://www.meetup.com/cities/gb/e6/bussage/;Bussage;bussage
http://www.meetup.com/cities/gb/e6/cainscross/;Cainscross;cainscross
http://www.meetup.com/cities/gb/e6/calcot/;Calcot;calcot
http://www.meetup.com/cities/gb/e6/calmsden/;Calmsden;calmsden
http://www.meetup.com/cities/gb/e6/cam/;Cam;cam
http://www.meetup.com/cities/gb/e6/cambridge/;Cambridge;cambridge
http://www.meetup.com/cities/gb/e6/cannop/;Cannop;cannop
http://www.meetup.com/cities/gb/e6/cashes_green/;Cashes Green;cashes_green
http://www.meetup.com/cities/gb/e6/castle_tump/;Castle Tump;castle_tump
http://www.meetup.com/cities/gb/e6/caudle_green/;Caudle Green;caudle_green
http://www.meetup.com/cities/gb/e6/central_lydbrook/;Central Lydbrook;central_lydbrook
http://www.meetup.com/cities/gb/e6/cerney_wick/;Cerney Wick;cerney_wick
http://www.meetup.com/cities/gb/e6/chaceley/;Chaceley;chaceley
http://www.meetup.com/cities/gb/e6/chalford/;Chalford;chalford
http://www.meetup.com/cities/gb/e6/chalford_hill/;Chalford Hill;chalford_hill
http://www.meetup.com/cities/gb/e6/charfield/;Charfield;charfield
http://www.meetup.com/cities/gb/e6/charlton_abbotts/;Charlton Abbotts;charlton_abbotts
http://www.meetup.com/cities/gb/e6/charlton_kings/;Charlton Kings;charlton_kings
http://www.meetup.com/cities/gb/e6/chavenage/;Chavenage;chavenage
http://www.meetup.com/cities/gb/e6/chaxhill/;Chaxhill;chaxhill
http://www.meetup.com/cities/gb/e6/chedworth/;Chedworth;chedworth
http://www.meetup.com/cities/gb/e6/cheltenham/;Cheltenham;cheltenham
http://www.meetup.com/cities/gb/e6/cheltenham_trade_park/;Cheltenham Trade Park;cheltenham_trade_park
http://www.meetup.com/cities/gb/e6/cherington/;Cherington;cherington
http://www.meetup.com/cities/gb/e6/chipping_campden/;Chipping Campden;chipping_campden
http://www.meetup.com/cities/gb/e6/chipping_sodbury/;Chipping Sodbury;chipping_sodbury
http://www.meetup.com/cities/gb/e6/christchurch/;Christchurch;christchurch
http://www.meetup.com/cities/gb/e6/churcham/;Churcham;churcham
http://www.meetup.com/cities/gb/e6/churchdown/;Churchdown;churchdown
http://www.meetup.com/cities/gb/e6/church_westcote/;Church Westcote;church_westcote
http://www.meetup.com/cities/gb/e6/cinderford/;Cinderford;cinderford
http://www.meetup.com/cities/gb/e6/cirencester/;Cirencester;cirencester
http://www.meetup.com/cities/gb/e6/clapton/;Clapton;clapton
http://www.meetup.com/cities/gb/e6/claydon/;Claydon;claydon
http://www.meetup.com/cities/gb/e6/claydon_pike/;Claydon Pike;claydon_pike
http://www.meetup.com/cities/gb/e6/clearwell/;Clearwell;clearwell
http://www.meetup.com/cities/gb/e6/cleeve_hill/;Cleeve Hill;cleeve_hill
http://www.meetup.com/cities/gb/e6/cliffords_mesne/;Cliffords Mesne;cliffords_mesne
http://www.meetup.com/cities/gb/e6/coaley/;Coaley;coaley
http://www.meetup.com/cities/gb/e6/coalpit_heath/;Coalpit Heath;coalpit_heath
http://www.meetup.com/cities/gb/e6/coalway/;Coalway;coalway
http://www.meetup.com/cities/gb/e6/coates/;Coates;coates
http://www.meetup.com/cities/gb/e6/coberley/;Coberley;coberley
http://www.meetup.com/cities/gb/e6/coberley_village/;Coberley Village;coberley_village
http://www.meetup.com/cities/gb/e6/codrington/;Codrington;codrington
http://www.meetup.com/cities/gb/e6/cold_ashton/;Cold Ashton;cold_ashton
http://www.meetup.com/cities/gb/e6/cold_aston/;Cold Aston;cold_aston
http://www.meetup.com/cities/gb/e6/coleford/;Coleford;coleford
http://www.meetup.com/cities/gb/e6/colesbourne/;Colesbourne;colesbourne
http://www.meetup.com/cities/gb/e6/colethrop/;Colethrop;colethrop
http://www.meetup.com/cities/gb/e6/coln_rogers/;Coln Rogers;coln_rogers
http://www.meetup.com/cities/gb/e6/coln_st_aldwyns/;Coln St Aldwyns;coln_st_aldwyns
http://www.meetup.com/cities/gb/e6/coln_st_dennis/;Coln St Dennis;coln_st_dennis
http://www.meetup.com/cities/gb/e6/compton_abdale/;Compton Abdale;compton_abdale
http://www.meetup.com/cities/gb/e6/condicote/;Condicote;condicote
http://www.meetup.com/cities/gb/e6/coombe/;Coombe;coombe
http://www.meetup.com/cities/gb/e6/coombe_hill/;Coombe Hill;coombe_hill
http://www.meetup.com/cities/gb/e6/coopers_hill/;Coopers Hill;coopers_hill
http://www.meetup.com/cities/gb/e6/corse/;Corse;corse
http://www.meetup.com/cities/gb/e6/cowhill/;Cowhill;cowhill
http://www.meetup.com/cities/gb/e6/cowley/;Cowley;cowley
http://www.meetup.com/cities/gb/e6/cranham/;Cranham;cranham
http://www.meetup.com/cities/gb/e6/cromhall/;Cromhall;cromhall
http://www.meetup.com/cities/gb/e6/culkerton/;Culkerton;culkerton
http://www.meetup.com/cities/gb/e6/cutsdean/;Cutsdean;cutsdean
http://www.meetup.com/cities/gb/e6/cutts_heath/;Cutts Heath;cutts_heath
http://www.meetup.com/cities/gb/e6/daglingworth/;Daglingworth;daglingworth
http://www.meetup.com/cities/gb/e6/damery/;Damery;damery
http://www.meetup.com/cities/gb/e6/daneway/;Daneway;daneway
http://www.meetup.com/cities/gb/e6/daylesford/;Daylesford;daylesford
http://www.meetup.com/cities/gb/e6/deerhurst/;Deerhurst;deerhurst
http://www.meetup.com/cities/gb/e6/deerhurst_walton/;Deerhurst Walton;deerhurst_walton
http://www.meetup.com/cities/gb/e6/denecroft/;Denecroft;denecroft
http://www.meetup.com/cities/gb/e6/didbrook/;Didbrook;didbrook
http://www.meetup.com/cities/gb/e6/dodington/;Dodington;dodington
http://www.meetup.com/cities/gb/e6/donnington/;Donnington;donnington
http://www.meetup.com/cities/gb/e6/dorn/;Dorn;dorn
http://www.meetup.com/cities/gb/e6/doughton/;Doughton;doughton
http://www.meetup.com/cities/gb/e6/downend/;Downend;downend
http://www.meetup.com/cities/gb/e6/down_hatherley/;Down Hatherley;down_hatherley
http://www.meetup.com/cities/gb/e6/downington/;Downington;downington
http://www.meetup.com/cities/gb/e6/doynton/;Doynton;doynton
http://www.meetup.com/cities/gb/e6/draycott/;Draycott;draycott
http://www.meetup.com/cities/gb/e6/dudbridge/;Dudbridge;dudbridge
http://www.meetup.com/cities/gb/e6/dudgrove/;Dudgrove;dudgrove
http://www.meetup.com/cities/gb/e6/dumbleton/;Dumbleton;dumbleton
http://www.meetup.com/cities/gb/e6/dunfield/;Dunfield;dunfield
http://www.meetup.com/cities/gb/e6/dunkirk/;Dunkirk;dunkirk
http://www.meetup.com/cities/gb/e6/dunkirk_mills/;Dunkirk Mills;dunkirk_mills
http://www.meetup.com/cities/gb/e6/duntisbourne_abbotts/;Duntisbourne Abbotts;duntisbourne_abbotts
http://www.meetup.com/cities/gb/e6/duntisbourne_leer/;Duntisbourne Leer;duntisbourne_leer
http://www.meetup.com/cities/gb/e6/duntisbourne_rouse/;Duntisbourne Rouse;duntisbourne_rouse
http://www.meetup.com/cities/gb/e6/dursley/;Dursley;dursley
http://www.meetup.com/cities/gb/e6/dymock/;Dymock;dymock
http://www.meetup.com/cities/gb/e6/earthcott_green/;Earthcott Green;earthcott_green
http://www.meetup.com/cities/gb/e6/eastcombe/;Eastcombe;eastcombe
http://www.meetup.com/cities/gb/e6/easter_compton/;Easter Compton;easter_compton
http://www.meetup.com/cities/gb/e6/east_gate_shopping_centre/;East Gate Shopping Centre;east_gate_shopping_centre
http://www.meetup.com/cities/gb/e6/eastington/;Eastington;eastington
http://www.meetup.com/cities/gb/e6/eastleach/;Eastleach;eastleach
http://www.meetup.com/cities/gb/e6/ebley/;Ebley;ebley
http://www.meetup.com/cities/gb/e6/ebrington/;Ebrington;ebrington
http://www.meetup.com/cities/gb/e6/edge/;Edge;edge
http://www.meetup.com/cities/gb/e6/edge_end/;Edge End;edge_end
http://www.meetup.com/cities/gb/e6/edgeworth/;Edgeworth;edgeworth
http://www.meetup.com/cities/gb/e6/elberton/;Elberton;elberton
http://www.meetup.com/cities/gb/e6/elcombe/;Elcombe;elcombe
http://www.meetup.com/cities/gb/e6/elkstone/;Elkstone;elkstone
http://www.meetup.com/cities/gb/e6/ellwood/;Ellwood;ellwood
http://www.meetup.com/cities/gb/e6/elmore/;Elmore;elmore
http://www.meetup.com/cities/gb/e6/elmstone_hardwicke/;Elmstone Hardwicke;elmstone_hardwicke
http://www.meetup.com/cities/gb/e6/elton/;Elton;elton
http://www.meetup.com/cities/gb/e6/emersons_green/;Emersons Green;emersons_green
http://www.meetup.com/cities/gb/e6/english_bicknor/;English Bicknor;english_bicknor
http://www.meetup.com/cities/gb/e6/estcourt/;Estcourt;estcourt
http://www.meetup.com/cities/gb/e6/etloe/;Etloe;etloe
http://www.meetup.com/cities/gb/e6/evenlode/;Evenlode;evenlode
http://www.meetup.com/cities/gb/e6/ewen/;Ewen;ewen
http://www.meetup.com/cities/gb/e6/fairford/;Fairford;fairford
http://www.meetup.com/cities/gb/e6/falfield/;Falfield;falfield
http://www.meetup.com/cities/gb/e6/farmington/;Farmington;farmington
http://www.meetup.com/cities/gb/e6/far_oakridge/;Far Oakridge;far_oakridge
http://www.meetup.com/cities/gb/e6/far_westrip/;Far Westrip;far_westrip
http://www.meetup.com/cities/gb/e6/fiddington/;Fiddington;fiddington
http://www.meetup.com/cities/gb/e6/filton/;Filton;filton
http://www.meetup.com/cities/gb/e6/fishponds/;Fishponds;fishponds
http://www.meetup.com/cities/gb/e6/five_acres/;Five Acres;five_acres
http://www.meetup.com/cities/gb/e6/flaxley/;Flaxley;flaxley
http://www.meetup.com/cities/gb/e6/forest_green/;Forest Green;forest_green
http://www.meetup.com/cities/gb/e6/forest_vale_industrial_estate/;Forest Vale Industrial Estate;forest_vale_industrial_estate
http://www.meetup.com/cities/gb/e6/fossebridge/;Fossebridge;fossebridge
http://www.meetup.com/cities/gb/e6/four_oaks/;Four Oaks;four_oaks
http://www.meetup.com/cities/gb/e6/framilode/;Framilode;framilode
http://www.meetup.com/cities/gb/e6/frampton_cotterell/;Frampton Cotterell;frampton_cotterell
http://www.meetup.com/cities/gb/e6/frampton_mansell/;Frampton Mansell;frampton_mansell
http://www.meetup.com/cities/gb/e6/frampton_on_severn/;Frampton on Severn;frampton_on_severn
http://www.meetup.com/cities/gb/e6/france_lynch/;France Lynch;france_lynch
http://www.meetup.com/cities/gb/e6/frenchay/;Frenchay;frenchay
http://www.meetup.com/cities/gb/e6/frocester/;Frocester;frocester
http://www.meetup.com/cities/gb/e6/fyfield/;Fyfield;fyfield
http://www.meetup.com/cities/gb/e6/gaineys_well/;Gaineys Well;gaineys_well
http://www.meetup.com/cities/gb/e6/gaunts_earthcott/;Gaunts Earthcott;gaunts_earthcott
http://www.meetup.com/cities/gb/e6/gloucester/;Gloucester;gloucester
http://www.meetup.com/cities/gb/e6/gloucester_business_park/;Gloucester Business Park;gloucester_business_park
http://www.meetup.com/cities/gb/e6/gloucestershire_airport/;Gloucestershire Airport;gloucestershire_airport
http://www.meetup.com/cities/gb/e6/gorsty_knoll/;Gorsty Knoll;gorsty_knoll
http://www.meetup.com/cities/gb/e6/gotherington/;Gotherington;gotherington
http://www.meetup.com/cities/gb/e6/grange_court/;Grange Court;grange_court
http://www.meetup.com/cities/gb/e6/great_barrington/;Great Barrington;great_barrington
http://www.meetup.com/cities/gb/e6/great_boulsdon/;Great Boulsdon;great_boulsdon
http://www.meetup.com/cities/gb/e6/great_rissington/;Great Rissington;great_rissington
http://www.meetup.com/cities/gb/e6/great_washbourne/;Great Washbourne;great_washbourne
http://www.meetup.com/cities/gb/e6/great_witcombe/;Great Witcombe;great_witcombe
http://www.meetup.com/cities/gb/e6/greet/;Greet;greet
http://www.meetup.com/cities/gb/e6/gretton/;Gretton;gretton
http://www.meetup.com/cities/gb/e6/grovesend/;Grovesend;grovesend
http://www.meetup.com/cities/gb/e6/guiting_power/;Guiting Power;guiting_power
http://www.meetup.com/cities/gb/e6/hailes/;Hailes;hailes
http://www.meetup.com/cities/gb/e6/hainses/;Hainses;hainses
http://www.meetup.com/cities/gb/e6/hallen/;Hallen;hallen
http://www.meetup.com/cities/gb/e6/hall_end/;Hall End;hall_end
http://www.meetup.com/cities/gb/e6/hallwood_green/;Hallwood Green;hallwood_green
http://www.meetup.com/cities/gb/e6/halmore/;Halmore;halmore
http://www.meetup.com/cities/gb/e6/ham/;Ham;ham
http://www.meetup.com/cities/gb/e6/hambrook/;Hambrook;hambrook
http://www.meetup.com/cities/gb/e6/hamfields/;Hamfields;hamfields
http://www.meetup.com/cities/gb/e6/ham_green/;Ham Green;ham_green
http://www.meetup.com/cities/gb/e6/hampnett/;Hampnett;hampnett
http://www.meetup.com/cities/gb/e6/hanham/;Hanham;hanham
http://www.meetup.com/cities/gb/e6/hardwicke/;Hardwicke;hardwicke
http://www.meetup.com/cities/gb/e6/harescombe/;Harescombe;harescombe
http://www.meetup.com/cities/gb/e6/haresfield/;Haresfield;haresfield
http://www.meetup.com/cities/gb/e6/harnhill/;Harnhill;harnhill
http://www.meetup.com/cities/gb/e6/harrow_hill/;Harrow Hill;harrow_hill
http://www.meetup.com/cities/gb/e6/hartpury/;Hartpury;hartpury
http://www.meetup.com/cities/gb/e6/hasfield/;Hasfield;hasfield
http://www.meetup.com/cities/gb/e6/hatherop/;Hatherop;hatherop
http://www.meetup.com/cities/gb/e6/hawkesbury/;Hawkesbury;hawkesbury
http://www.meetup.com/cities/gb/e6/hawkesbury_common/;Hawkesbury Common;hawkesbury_common
http://www.meetup.com/cities/gb/e6/hawkesbury_upton/;Hawkesbury Upton;hawkesbury_upton
http://www.meetup.com/cities/gb/e6/hawkwell_green/;Hawkwell Green;hawkwell_green
http://www.meetup.com/cities/gb/e6/hawling/;Hawling;hawling
http://www.meetup.com/cities/gb/e6/hayden/;Hayden;hayden
http://www.meetup.com/cities/gb/e6/hazleton/;Hazleton;hazleton
http://www.meetup.com/cities/gb/e6/heathend/;Heathend;heathend
http://www.meetup.com/cities/gb/e6/hempsted/;Hempsted;hempsted
http://www.meetup.com/cities/gb/e6/henbury/;Henbury;henbury
http://www.meetup.com/cities/gb/e6/henfield/;Henfield;henfield
http://www.meetup.com/cities/gb/e6/hewelsfield/;Hewelsfield;hewelsfield
http://www.meetup.com/cities/gb/e6/hidcote_bartrim/;Hidcote Bartrim;hidcote_bartrim
http://www.meetup.com/cities/gb/e6/hidcote_boyce/;Hidcote Boyce;hidcote_boyce
http://www.meetup.com/cities/gb/e6/highleadon/;Highleadon;highleadon
http://www.meetup.com/cities/gb/e6/highnam/;Highnam;highnam
http://www.meetup.com/cities/gb/e6/hill/;Hill;hill
http://www.meetup.com/cities/gb/e6/hillend_green/;Hillend Green;hillend_green
http://www.meetup.com/cities/gb/e6/hillersland/;Hillersland;hillersland
http://www.meetup.com/cities/gb/e6/hillesley/;Hillesley;hillesley
http://www.meetup.com/cities/gb/e6/hinton/;Hinton;hinton
http://www.meetup.com/cities/gb/e6/homedowns/;Homedowns;homedowns
http://www.meetup.com/cities/gb/e6/honeycombe_leaze/;Honeycombe Leaze;honeycombe_leaze
http://www.meetup.com/cities/gb/e6/horfield/;Horfield;horfield
http://www.meetup.com/cities/gb/e6/horsley/;Horsley;horsley
http://www.meetup.com/cities/gb/e6/horton/;Horton;horton
http://www.meetup.com/cities/gb/e6/howley/;Howley;howley
http://www.meetup.com/cities/gb/e6/hucclecote/;Hucclecote;hucclecote
http://www.meetup.com/cities/gb/e6/huntingford/;Huntingford;huntingford
http://www.meetup.com/cities/gb/e6/huntley/;Huntley;huntley
http://www.meetup.com/cities/gb/e6/hystfield/;Hystfield;hystfield
http://www.meetup.com/cities/gb/e6/icomb/;Icomb;icomb
http://www.meetup.com/cities/gb/e6/ilsom/;Ilsom;ilsom
http://www.meetup.com/cities/gb/e6/inchbrook/;Inchbrook;inchbrook
http://www.meetup.com/cities/gb/e6/inglestone_common/;Inglestone Common;inglestone_common
http://www.meetup.com/cities/gb/e6/ingst/;Ingst;ingst
http://www.meetup.com/cities/gb/e6/innsworth/;Innsworth;innsworth
http://www.meetup.com/cities/gb/e6/iron_acton/;Iron Acton;iron_acton
http://www.meetup.com/cities/gb/e6/itchington/;Itchington;itchington
http://www.meetup.com/cities/gb/e6/joyford/;Joyford;joyford
http://www.meetup.com/cities/gb/e6/joyford_hill/;Joyford Hill;joyford_hill
http://www.meetup.com/cities/gb/e6/joys_green/;Joys Green;joys_green
http://www.meetup.com/cities/gb/e6/kemble_wick/;Kemble Wick;kemble_wick
http://www.meetup.com/cities/gb/e6/kempley/;Kempley;kempley
http://www.meetup.com/cities/gb/e6/kempsford/;Kempsford;kempsford
http://www.meetup.com/cities/gb/e6/kendleshire/;Kendleshire;kendleshire
http://www.meetup.com/cities/gb/e6/ketford/;Ketford;ketford
http://www.meetup.com/cities/gb/e6/kingscote/;Kingscote;kingscote
http://www.meetup.com/cities/gb/e6/kingscourt/;Kingscourt;kingscourt
http://www.meetup.com/cities/gb/e6/kingsditch_trading_estate/;Kingsditch Trading Estate;kingsditch_trading_estate
http://www.meetup.com/cities/gb/e6/kings_stanley/;Kings Stanley;kings_stanley
http://www.meetup.com/cities/gb/e6/kingswood/;Kingswood;kingswood
http://www.meetup.com/cities/gb/e6/kington/;Kington;kington
http://www.meetup.com/cities/gb/e6/knap/;Knap;knap
http://www.meetup.com/cities/gb/e6/knightsbridge/;Knightsbridge;knightsbridge
http://www.meetup.com/cities/gb/e6/knights_green/;Knights Green;knights_green
http://www.meetup.com/cities/gb/e6/lasborough/;Lasborough;lasborough
http://www.meetup.com/cities/gb/e6/lea_bailey_hill/;Lea Bailey Hill;lea_bailey_hill
http://www.meetup.com/cities/gb/e6/leckhampton/;Leckhampton;leckhampton
http://www.meetup.com/cities/gb/e6/leckhampton_hill/;Leckhampton Hill;leckhampton_hill
http://www.meetup.com/cities/gb/e6/leddington/;Leddington;leddington
http://www.meetup.com/cities/gb/e6/leighterton/;Leighterton;leighterton
http://www.meetup.com/cities/gb/e6/leonard_stanley/;Leonard Stanley;leonard_stanley
http://www.meetup.com/cities/gb/e6/ley/;Ley;ley
http://www.meetup.com/cities/gb/e6/leyhill/;Leyhill;leyhill
http://www.meetup.com/cities/gb/e6/lightpill/;Lightpill;lightpill
http://www.meetup.com/cities/gb/e6/little_badminton/;Little Badminton;little_badminton
http://www.meetup.com/cities/gb/e6/little_barrington/;Little Barrington;little_barrington
http://www.meetup.com/cities/gb/e6/little_buckland/;Little Buckland;little_buckland
http://www.meetup.com/cities/gb/e6/littledean/;Littledean;littledean
http://www.meetup.com/cities/gb/e6/little_drybrook/;Little Drybrook;little_drybrook
http://www.meetup.com/cities/gb/e6/little_larkhill/;Little Larkhill;little_larkhill
http://www.meetup.com/cities/gb/e6/little_london/;Little London;little_london
http://www.meetup.com/cities/gb/e6/little_rissington/;Little Rissington;little_rissington
http://www.meetup.com/cities/gb/e6/little_shurdington/;Little Shurdington;little_shurdington
http://www.meetup.com/cities/gb/e6/little_sodbury/;Little Sodbury;little_sodbury
http://www.meetup.com/cities/gb/e6/little_stoke/;Little Stoke;little_stoke
http://www.meetup.com/cities/gb/e6/littleton-upon-severn/;Littleton-upon-Severn;littleton-upon-severn
http://www.meetup.com/cities/gb/e6/little_washbourne/;Little Washbourne;little_washbourne
http://www.meetup.com/cities/gb/e6/little_witcombe/;Little Witcombe;little_witcombe
http://www.meetup.com/cities/gb/e6/longborough/;Longborough;longborough
http://www.meetup.com/cities/gb/e6/longford/;Longford;longford
http://www.meetup.com/cities/gb/e6/long_furlong/;Long Furlong;long_furlong
http://www.meetup.com/cities/gb/e6/longlevens/;Longlevens;longlevens
http://www.meetup.com/cities/gb/e6/long_newnton/;Long Newnton;long_newnton
http://www.meetup.com/cities/gb/e6/longney/;Longney;longney
http://www.meetup.com/cities/gb/e6/longwell_green/;Longwell Green;longwell_green
http://www.meetup.com/cities/gb/e6/love_lane_industrial_estate/;Love Lane Industrial Estate;love_lane_industrial_estate
http://www.meetup.com/cities/gb/e6/lower_apperley/;Lower Apperley;lower_apperley
http://www.meetup.com/cities/gb/e6/lower_berry_hill/;Lower Berry Hill;lower_berry_hill
http://www.meetup.com/cities/gb/e6/lower_boulsdon/;Lower Boulsdon;lower_boulsdon
http://www.meetup.com/cities/gb/e6/lower_chedworth/;Lower Chedworth;lower_chedworth
http://www.meetup.com/cities/gb/e6/lower_coscombe/;Lower Coscombe;lower_coscombe
http://www.meetup.com/cities/gb/e6/lower_dowdeswell/;Lower Dowdeswell;lower_dowdeswell
http://www.meetup.com/cities/gb/e6/lower_hazel/;Lower Hazel;lower_hazel
http://www.meetup.com/cities/gb/e6/lower_lemington/;Lower Lemington;lower_lemington
http://www.meetup.com/cities/gb/e6/lower_lydbrook/;Lower Lydbrook;lower_lydbrook
http://www.meetup.com/cities/gb/e6/lower_meend/;Lower Meend;lower_meend
http://www.meetup.com/cities/gb/e6/lower_milkwall/;Lower Milkwall;lower_milkwall
http://www.meetup.com/cities/gb/e6/lower_mills/;Lower Mills;lower_mills
http://www.meetup.com/cities/gb/e6/lower_morton/;Lower Morton;lower_morton
http://www.meetup.com/cities/gb/e6/lower_norcote/;Lower Norcote;lower_norcote
http://www.meetup.com/cities/gb/e6/lower_shapridge/;Lower Shapridge;lower_shapridge
http://www.meetup.com/cities/gb/e6/lower_slaughter/;Lower Slaughter;lower_slaughter
http://www.meetup.com/cities/gb/e6/lower_soudley/;Lower Soudley;lower_soudley
http://www.meetup.com/cities/gb/e6/lower_stone/;Lower Stone;lower_stone
http://www.meetup.com/cities/gb/e6/lower_swell/;Lower Swell;lower_swell
http://www.meetup.com/cities/gb/e6/lower_yorkley/;Lower Yorkley;lower_yorkley
http://www.meetup.com/cities/gb/e6/lydbrook/;Lydbrook;lydbrook
http://www.meetup.com/cities/gb/e6/lydney/;Lydney;lydney
http://www.meetup.com/cities/gb/e6/lypiatt/;Lypiatt;lypiatt
http://www.meetup.com/cities/gb/e6/maisemore/;Maisemore;maisemore
http://www.meetup.com/cities/gb/e6/malswick/;Malswick;malswick
http://www.meetup.com/cities/gb/e6/mangotsfield/;Mangotsfield;mangotsfield
http://www.meetup.com/cities/gb/e6/marsden/;Marsden;marsden
http://www.meetup.com/cities/gb/e6/matson/;Matson;matson
http://www.meetup.com/cities/gb/e6/maugersbury/;Maugersbury;maugersbury
http://www.meetup.com/cities/gb/e6/may_hill/;May Hill;may_hill
http://www.meetup.com/cities/gb/e6/michaelwood/;Michaelwood;michaelwood
http://www.meetup.com/cities/gb/e6/middle_chedworth/;Middle Chedworth;middle_chedworth
http://www.meetup.com/cities/gb/e6/middle_duntisbourne/;Middle Duntisbourne;middle_duntisbourne
http://www.meetup.com/cities/gb/e6/middle_leazes/;Middle Leazes;middle_leazes
http://www.meetup.com/cities/gb/e6/middle_lypiatt/;Middle Lypiatt;middle_lypiatt
http://www.meetup.com/cities/gb/e6/middle_spring/;Middle Spring;middle_spring
http://www.meetup.com/cities/gb/e6/milbury_heath/;Milbury Heath;milbury_heath
http://www.meetup.com/cities/gb/e6/mile_end/;Mile End;mile_end
http://www.meetup.com/cities/gb/e6/milkwall/;Milkwall;milkwall
http://www.meetup.com/cities/gb/e6/minchinhampton/;Minchinhampton;minchinhampton
http://www.meetup.com/cities/gb/e6/minsterworth/;Minsterworth;minsterworth
http://www.meetup.com/cities/gb/e6/miserden/;Miserden;miserden
http://www.meetup.com/cities/gb/e6/mitcheldean/;Mitcheldean;mitcheldean
http://www.meetup.com/cities/gb/e6/moreton_valence/;Moreton Valence;moreton_valence
http://www.meetup.com/cities/gb/e6/mushet_industrial_park/;Mushet Industrial Park;mushet_industrial_park
http://www.meetup.com/cities/gb/e6/nailsworth/;Nailsworth;nailsworth
http://www.meetup.com/cities/gb/e6/nastend/;Nastend;nastend
http://www.meetup.com/cities/gb/e6/naunton/;Naunton;naunton
http://www.meetup.com/cities/gb/e6/nether_westcote/;Nether Westcote;nether_westcote
http://www.meetup.com/cities/gb/e6/new_brookend/;New Brookend;new_brookend
http://www.meetup.com/cities/gb/e6/new_cheltenham/;New Cheltenham;new_cheltenham
http://www.meetup.com/cities/gb/e6/newent/;Newent;newent
http://www.meetup.com/cities/gb/e6/newington/;Newington;newington
http://www.meetup.com/cities/gb/e6/newland/;Newland;newland
http://www.meetup.com/cities/gb/e6/newnham/;Newnham;newnham
http://www.meetup.com/cities/gb/e6/newport/;Newport;newport
http://www.meetup.com/cities/gb/e6/newton/;Newton;newton
http://www.meetup.com/cities/gb/e6/newtown/;Newtown;newtown
http://www.meetup.com/cities/gb/e6/norcote/;Norcote;norcote
http://www.meetup.com/cities/gb/e6/norman_hill/;Norman Hill;norman_hill
http://www.meetup.com/cities/gb/e6/north_cerney/;North Cerney;north_cerney
http://www.meetup.com/cities/gb/e6/north_cerney_downs/;North Cerney Downs;north_cerney_downs
http://www.meetup.com/cities/gb/e6/northleach/;Northleach;northleach
http://www.meetup.com/cities/gb/e6/north_nibley/;North Nibley;north_nibley
http://www.meetup.com/cities/gb/e6/northville/;Northville;northville
http://www.meetup.com/cities/gb/e6/northway/;Northway;northway
http://www.meetup.com/cities/gb/e6/north_woodchester/;North Woodchester;north_woodchester
http://www.meetup.com/cities/gb/e6/northwood_green/;Northwood Green;northwood_green
http://www.meetup.com/cities/gb/e6/norton/;Norton;norton
http://www.meetup.com/cities/gb/e6/notgrove/;Notgrove;notgrove
http://www.meetup.com/cities/gb/e6/nupend/;Nupend;nupend
http://www.meetup.com/cities/gb/e6/nympsfield/;Nympsfield;nympsfield
http://www.meetup.com/cities/gb/e6/oakridge/;Oakridge;oakridge
http://www.meetup.com/cities/gb/e6/oakridge_lynch/;Oakridge Lynch;oakridge_lynch
http://www.meetup.com/cities/gb/e6/oddington/;Oddington;oddington
http://www.meetup.com/cities/gb/e6/old_brookend/;Old Brookend;old_brookend
http://www.meetup.com/cities/gb/e6/oldbury_naite/;Oldbury Naite;oldbury_naite
http://www.meetup.com/cities/gb/e6/oldbury-on-severn/;Oldbury-on-Severn;oldbury-on-severn
http://www.meetup.com/cities/gb/e6/oldcroft/;Oldcroft;oldcroft
http://www.meetup.com/cities/gb/e6/old_down/;Old Down;old_down
http://www.meetup.com/cities/gb/e6/oldends/;Oldends;oldends
http://www.meetup.com/cities/gb/e6/old_hinchwick/;Old Hinchwick;old_hinchwick
http://www.meetup.com/cities/gb/e6/oldland_common/;Oldland Common;oldland_common
http://www.meetup.com/cities/gb/e6/old_neighbouring/;Old Neighbouring;old_neighbouring
http://www.meetup.com/cities/gb/e6/old_sodbury/;Old Sodbury;old_sodbury
http://www.meetup.com/cities/gb/e6/old_town/;Old Town;old_town
http://www.meetup.com/cities/gb/e6/olveston/;Olveston;olveston
http://www.meetup.com/cities/gb/e6/over/;Over;over
http://www.meetup.com/cities/gb/e6/owlpen/;Owlpen;owlpen
http://www.meetup.com/cities/gb/e6/oxenhall/;Oxenhall;oxenhall
http://www.meetup.com/cities/gb/e6/oxenton/;Oxenton;oxenton
http://www.meetup.com/cities/gb/e6/oxlynch/;Oxlynch;oxlynch
http://www.meetup.com/cities/gb/e6/ozleworth/;Ozleworth;ozleworth
http://www.meetup.com/cities/gb/e6/paganhill/;Paganhill;paganhill
http://www.meetup.com/cities/gb/e6/painswick/;Painswick;painswick
http://www.meetup.com/cities/gb/e6/painswick_beacon/;Painswick Beacon;painswick_beacon
http://www.meetup.com/cities/gb/e6/pamington/;Pamington;pamington
http://www.meetup.com/cities/gb/e6/parkend/;Parkend;parkend
http://www.meetup.com/cities/gb/e6/patchway/;Patchway;patchway
http://www.meetup.com/cities/gb/e6/paxford/;Paxford;paxford
http://www.meetup.com/cities/gb/e6/pennsylvania/;Pennsylvania;pennsylvania
http://www.meetup.com/cities/gb/e6/perrotts_brook/;Perrotts Brook;perrotts_brook
http://www.meetup.com/cities/gb/e6/petty_france/;Petty France;petty_france
http://www.meetup.com/cities/gb/e6/pillowell/;Pillowell;pillowell
http://www.meetup.com/cities/gb/e6/pilning/;Pilning;pilning
http://www.meetup.com/cities/gb/e6/pitbrook/;Pitbrook;pitbrook
http://www.meetup.com/cities/gb/e6/pitchcombe/;Pitchcombe;pitchcombe
http://www.meetup.com/cities/gb/e6/plump_hill/;Plump Hill;plump_hill
http://www.meetup.com/cities/gb/e6/podsmead/;Podsmead;podsmead
http://www.meetup.com/cities/gb/e6/poole_keynes/;Poole Keynes;poole_keynes
http://www.meetup.com/cities/gb/e6/pool_hill/;Pool Hill;pool_hill
http://www.meetup.com/cities/gb/e6/popes_hill/;Popes Hill;popes_hill
http://www.meetup.com/cities/gb/e6/poulton/;Poulton;poulton
http://www.meetup.com/cities/gb/e6/prestbury/;Prestbury;prestbury
http://www.meetup.com/cities/gb/e6/preston/;Preston;preston
http://www.meetup.com/cities/gb/e6/preston_cross/;Preston Cross;preston_cross
http://www.meetup.com/cities/gb/e6/pucklechurch/;Pucklechurch;pucklechurch
http://www.meetup.com/cities/gb/e6/purton/;Purton;purton
http://www.meetup.com/cities/gb/e6/quedgeley/;Quedgeley;quedgeley
http://www.meetup.com/cities/gb/e6/quenington/;Quenington;quenington
http://www.meetup.com/cities/gb/e6/randwick/;Randwick;randwick
http://www.meetup.com/cities/gb/e6/rangeworthy/;Rangeworthy;rangeworthy
http://www.meetup.com/cities/gb/e6/rapsgate/;Rapsgate;rapsgate
http://www.meetup.com/cities/gb/e6/ready_penny/;Ready Penny;ready_penny
http://www.meetup.com/cities/gb/e6/ready_token/;Ready Token;ready_token
http://www.meetup.com/cities/gb/e6/redmarley/;Redmarley;redmarley
http://www.meetup.com/cities/gb/e6/rendcomb/;Rendcomb;rendcomb
http://www.meetup.com/cities/gb/e6/rockhampton/;Rockhampton;rockhampton
http://www.meetup.com/cities/gb/e6/rodborough/;Rodborough;rodborough
http://www.meetup.com/cities/gb/e6/rodborough_common/;Rodborough Common;rodborough_common
http://www.meetup.com/cities/gb/e6/rodborough_hill/;Rodborough Hill;rodborough_hill
http://www.meetup.com/cities/gb/e6/rodley/;Rodley;rodley
http://www.meetup.com/cities/gb/e6/rodmarton/;Rodmarton;rodmarton
http://www.meetup.com/cities/gb/e6/ruardean/;Ruardean;ruardean
http://www.meetup.com/cities/gb/e6/ruardean_hill/;Ruardean Hill;ruardean_hill
http://www.meetup.com/cities/gb/e6/ruardean_woodside/;Ruardean Woodside;ruardean_woodside
http://www.meetup.com/cities/gb/e6/ruddle/;Ruddle;ruddle
http://www.meetup.com/cities/gb/e6/rudford/;Rudford;rudford
http://www.meetup.com/cities/gb/e6/rudgeway/;Rudgeway;rudgeway
http://www.meetup.com/cities/gb/e6/ruscombe/;Ruscombe;ruscombe
http://www.meetup.com/cities/gb/e6/ruspidge/;Ruspidge;ruspidge
http://www.meetup.com/cities/gb/e6/ryeford/;Ryeford;ryeford
http://www.meetup.com/cities/gb/e6/ryton/;Ryton;ryton
http://www.meetup.com/cities/gb/e6/saintbury/;Saintbury;saintbury
http://www.meetup.com/cities/gb/e6/salperton/;Salperton;salperton
http://www.meetup.com/cities/gb/e6/sandhurst/;Sandhurst;sandhurst
http://www.meetup.com/cities/gb/e6/sandpits/;Sandpits;sandpits
http://www.meetup.com/cities/gb/e6/sapperton/;Sapperton;sapperton
http://www.meetup.com/cities/gb/e6/saul/;Saul;saul
http://www.meetup.com/cities/gb/e6/sedbury/;Sedbury;sedbury
http://www.meetup.com/cities/gb/e6/selsley/;Selsley;selsley
http://www.meetup.com/cities/gb/e6/selsley_east/;Selsley East;selsley_east
http://www.meetup.com/cities/gb/e6/selsley_hill/;Selsley Hill;selsley_hill
http://www.meetup.com/cities/gb/e6/selsley_west/;Selsley West;selsley_west
http://www.meetup.com/cities/gb/e6/sevenhampton/;Sevenhampton;sevenhampton
http://www.meetup.com/cities/gb/e6/seven_springs/;Seven Springs;seven_springs
http://www.meetup.com/cities/gb/e6/severn_beach/;Severn Beach;severn_beach
http://www.meetup.com/cities/gb/e6/sezincote/;Sezincote;sezincote
http://www.meetup.com/cities/gb/e6/sharpness/;Sharpness;sharpness
http://www.meetup.com/cities/gb/e6/sheepscombe/;Sheepscombe;sheepscombe
http://www.meetup.com/cities/gb/e6/sherborne/;Sherborne;sherborne
http://www.meetup.com/cities/gb/e6/shipton_moyne/;Shipton Moyne;shipton_moyne
http://www.meetup.com/cities/gb/e6/shipton_oliffe/;Shipton Oliffe;shipton_oliffe
http://www.meetup.com/cities/gb/e6/shorncote/;Shorncote;shorncote
http://www.meetup.com/cities/gb/e6/shortstanding/;Shortstanding;shortstanding
http://www.meetup.com/cities/gb/e6/shortwood/;Shortwood;shortwood
http://www.meetup.com/cities/gb/e6/shurdington/;Shurdington;shurdington
http://www.meetup.com/cities/gb/e6/shuthonger/;Shuthonger;shuthonger
http://www.meetup.com/cities/gb/e6/siddington/;Siddington;siddington
http://www.meetup.com/cities/gb/e6/slad/;Slad;slad
http://www.meetup.com/cities/gb/e6/slimbridge/;Slimbridge;slimbridge
http://www.meetup.com/cities/gb/e6/sling/;Sling;sling
http://www.meetup.com/cities/gb/e6/snowshill/;Snowshill;snowshill
http://www.meetup.com/cities/gb/e6/snowshill_hill/;Snowshill Hill;snowshill_hill
http://www.meetup.com/cities/gb/e6/somerford_keynes/;Somerford Keynes;somerford_keynes
http://www.meetup.com/cities/gb/e6/soudley/;Soudley;soudley
http://www.meetup.com/cities/gb/e6/soundwell/;Soundwell;soundwell
http://www.meetup.com/cities/gb/e6/southam/;Southam;southam
http://www.meetup.com/cities/gb/e6/southend/;Southend;southend
http://www.meetup.com/cities/gb/e6/southrop/;Southrop;southrop
http://www.meetup.com/cities/gb/e6/south_woodchester/;South Woodchester;south_woodchester
http://www.meetup.com/cities/gb/e6/speech_house/;Speech House;speech_house
http://www.meetup.com/cities/gb/e6/springhill/;Springhill;springhill
http://www.meetup.com/cities/gb/e6/stancombe/;Stancombe;stancombe
http://www.meetup.com/cities/gb/e6/standish/;Standish;standish
http://www.meetup.com/cities/gb/e6/standish_park/;Standish Park;standish_park
http://www.meetup.com/cities/gb/e6/stanley_downton/;Stanley Downton;stanley_downton
http://www.meetup.com/cities/gb/e6/stanley_pontlarge/;Stanley Pontlarge;stanley_pontlarge
http://www.meetup.com/cities/gb/e6/stanton/;Stanton;stanton
http://www.meetup.com/cities/gb/e6/stanway/;Stanway;stanway
http://www.meetup.com/cities/gb/e6/staple_hill/;Staple Hill;staple_hill
http://www.meetup.com/cities/gb/e6/stapleton/;Stapleton;stapleton
http://www.meetup.com/cities/gb/e6/staverton/;Staverton;staverton
http://www.meetup.com/cities/gb/e6/staverton_technology_park/;Staverton Technology Park;staverton_technology_park
http://www.meetup.com/cities/gb/e6/st_briavels/;St Briavels;st_briavels
http://www.meetup.com/cities/gb/e6/stinchcombe/;Stinchcombe;stinchcombe
http://www.meetup.com/cities/gb/e6/st_marks/;St Marks;st_marks
http://www.meetup.com/cities/gb/e6/stoke_gifford/;Stoke Gifford;stoke_gifford
http://www.meetup.com/cities/gb/e6/stoke_orchard/;Stoke Orchard;stoke_orchard
http://www.meetup.com/cities/gb/e6/stone/;Stone;stone
http://www.meetup.com/cities/gb/e6/stonehouse/;Stonehouse;stonehouse
http://www.meetup.com/cities/gb/e6/stow_on_the_wold/;Stow on the Wold;stow_on_the_wold
http://www.meetup.com/cities/gb/e6/stratton/;Stratton;stratton
http://www.meetup.com/cities/gb/e6/stroat/;Stroat;stroat
http://www.meetup.com/cities/gb/e6/stroud/;Stroud;stroud
http://www.meetup.com/cities/gb/e6/stroudwater_business_park/;Stroudwater Business Park;stroudwater_business_park
http://www.meetup.com/cities/gb/e6/swindon_village/;Swindon Village;swindon_village
http://www.meetup.com/cities/gb/e6/swineford/;Swineford;swineford
http://www.meetup.com/cities/gb/e6/swinhay/;Swinhay;swinhay
http://www.meetup.com/cities/gb/e6/syde/;Syde;syde
http://www.meetup.com/cities/gb/e6/symonds_yat_rock/;Symonds Yat Rock;symonds_yat_rock
http://www.meetup.com/cities/gb/e6/synwell/;Synwell;synwell
http://www.meetup.com/cities/gb/e6/tarlton/;Tarlton;tarlton
http://www.meetup.com/cities/gb/e6/taynton/;Taynton;taynton
http://www.meetup.com/cities/gb/e6/teddington/;Teddington;teddington
http://www.meetup.com/cities/gb/e6/temple_guiting/;Temple Guiting;temple_guiting
http://www.meetup.com/cities/gb/e6/tetbury/;Tetbury;tetbury
http://www.meetup.com/cities/gb/e6/tewkesbury_business_park/;Tewkesbury Business Park;tewkesbury_business_park
http://www.meetup.com/cities/gb/e6/the_camp/;The Camp;the_camp
http://www.meetup.com/cities/gb/e6/the_docks/;The Docks;the_docks
http://www.meetup.com/cities/gb/e6/the_leigh/;The Leigh;the_leigh
http://www.meetup.com/cities/gb/e6/the_pludds/;The Pludds;the_pludds
http://www.meetup.com/cities/gb/e6/the_reddings/;The Reddings;the_reddings
http://www.meetup.com/cities/gb/e6/thornbury/;Thornbury;thornbury
http://www.meetup.com/cities/gb/e6/thornhill/;Thornhill;thornhill
http://www.meetup.com/cities/gb/e6/thrupp/;Thrupp;thrupp
http://www.meetup.com/cities/gb/e6/tibberton/;Tibberton;tibberton
http://www.meetup.com/cities/gb/e6/tidenham/;Tidenham;tidenham
http://www.meetup.com/cities/gb/e6/tidenham_chase/;Tidenham Chase;tidenham_chase
http://www.meetup.com/cities/gb/e6/tillers_green/;Tillers Green;tillers_green
http://www.meetup.com/cities/gb/e6/tilsdown/;Tilsdown;tilsdown
http://www.meetup.com/cities/gb/e6/tirley/;Tirley;tirley
http://www.meetup.com/cities/gb/e6/tockington/;Tockington;tockington
http://www.meetup.com/cities/gb/e6/toddington/;Toddington;toddington
http://www.meetup.com/cities/gb/e6/todenham/;Todenham;todenham
http://www.meetup.com/cities/gb/e6/tormarton/;Tormarton;tormarton
http://www.meetup.com/cities/gb/e6/tortworth/;Tortworth;tortworth
http://www.meetup.com/cities/gb/e6/totterdown/;Totterdown;totterdown
http://www.meetup.com/cities/gb/e6/trafalgar/;Trafalgar;trafalgar
http://www.meetup.com/cities/gb/e6/tredington/;Tredington;tredington
http://www.meetup.com/cities/gb/e6/tresham/;Tresham;tresham
http://www.meetup.com/cities/gb/e6/trull/;Trull;trull
http://www.meetup.com/cities/gb/e6/tuffley/;Tuffley;tuffley
http://www.meetup.com/cities/gb/e6/tufthorn/;Tufthorn;tufthorn
http://www.meetup.com/cities/gb/e6/tunley/;Tunley;tunley
http://www.meetup.com/cities/gb/e6/turkdean/;Turkdean;turkdean
http://www.meetup.com/cities/gb/e6/tutshill/;Tutshill;tutshill
http://www.meetup.com/cities/gb/e6/twigworth/;Twigworth;twigworth
http://www.meetup.com/cities/gb/e6/twyning/;Twyning;twyning
http://www.meetup.com/cities/gb/e6/tytherington/;Tytherington;tytherington
http://www.meetup.com/cities/gb/e6/uckington/;Uckington;uckington
http://www.meetup.com/cities/gb/e6/uley/;Uley;uley
http://www.meetup.com/cities/gb/e6/ullenwood/;Ullenwood;ullenwood
http://www.meetup.com/cities/gb/e6/up_hatherley/;Up Hatherley;up_hatherley
http://www.meetup.com/cities/gb/e6/uplands/;Uplands;uplands
http://www.meetup.com/cities/gb/e6/upleadon/;Upleadon;upleadon
http://www.meetup.com/cities/gb/e6/upper_coberley/;Upper Coberley;upper_coberley
http://www.meetup.com/cities/gb/e6/upper_dowdeswell/;Upper Dowdeswell;upper_dowdeswell
http://www.meetup.com/cities/gb/e6/upper_etloe/;Upper Etloe;upper_etloe
http://www.meetup.com/cities/gb/e6/upper_lydbrook/;Upper Lydbrook;upper_lydbrook
http://www.meetup.com/cities/gb/e6/upper_morton/;Upper Morton;upper_morton
http://www.meetup.com/cities/gb/e6/upper_oddington/;Upper Oddington;upper_oddington
http://www.meetup.com/cities/gb/e6/upper_rissington/;Upper Rissington;upper_rissington
http://www.meetup.com/cities/gb/e6/upper_slaughter/;Upper Slaughter;upper_slaughter
http://www.meetup.com/cities/gb/e6/upper_soudley/;Upper Soudley;upper_soudley
http://www.meetup.com/cities/gb/e6/upper_swell/;Upper Swell;upper_swell
http://www.meetup.com/cities/gb/e6/upper_up/;Upper Up;upper_up
http://www.meetup.com/cities/gb/e6/upper_wick/;Upper Wick;upper_wick
http://www.meetup.com/cities/gb/e6/upper_windrush/;Upper Windrush;upper_windrush
http://www.meetup.com/cities/gb/e6/upton/;Upton;upton
http://www.meetup.com/cities/gb/e6/upton_cheyney/;Upton Cheyney;upton_cheyney
http://www.meetup.com/cities/gb/e6/upton_st_leonards/;Upton St Leonards;upton_st_leonards
http://www.meetup.com/cities/gb/e6/viney_hill/;Viney Hill;viney_hill
http://www.meetup.com/cities/gb/e6/viney_woodside/;Viney Woodside;viney_woodside
http://www.meetup.com/cities/gb/e6/walham/;Walham;walham
http://www.meetup.com/cities/gb/e6/wallbridge/;Wallbridge;wallbridge
http://www.meetup.com/cities/gb/e6/walls_quarry/;Walls Quarry;walls_quarry
http://www.meetup.com/cities/gb/e6/walmore_common/;Walmore Common;walmore_common
http://www.meetup.com/cities/gb/e6/walton_hill/;Walton Hill;walton_hill
http://www.meetup.com/cities/gb/e6/wanswell/;Wanswell;wanswell
http://www.meetup.com/cities/gb/e6/warmley/;Warmley;warmley
http://www.meetup.com/cities/gb/e6/warrens_cross/;Warrens Cross;warrens_cross
http://www.meetup.com/cities/gb/e6/waterwells_business_park/;Waterwells Business Park;waterwells_business_park
http://www.meetup.com/cities/gb/e6/westbury-on-severn/;Westbury-on-Severn;westbury-on-severn
http://www.meetup.com/cities/gb/e6/westbury-on-trym/;Westbury-on-Trym;westbury-on-trym
http://www.meetup.com/cities/gb/e6/westend/;Westend;westend
http://www.meetup.com/cities/gb/e6/westerleigh/;Westerleigh;westerleigh
http://www.meetup.com/cities/gb/e6/west_littleton/;West Littleton;west_littleton
http://www.meetup.com/cities/gb/e6/westonbirt/;Westonbirt;westonbirt
http://www.meetup.com/cities/gb/e6/weston-subedge/;Weston-Subedge;weston-subedge
http://www.meetup.com/cities/gb/e6/westrip/;Westrip;westrip
http://www.meetup.com/cities/gb/e6/whaddon/;Whaddon;whaddon
http://www.meetup.com/cities/gb/e6/whelford/;Whelford;whelford
http://www.meetup.com/cities/gb/e6/whimsey/;Whimsey;whimsey
http://www.meetup.com/cities/gb/e6/whitecroft/;Whitecroft;whitecroft
http://www.meetup.com/cities/gb/e6/whiteshill/;Whiteshill;whiteshill
http://www.meetup.com/cities/gb/e6/whiteway/;Whiteway;whiteway
http://www.meetup.com/cities/gb/e6/whitfield/;Whitfield;whitfield
http://www.meetup.com/cities/gb/e6/whitminster/;Whitminster;whitminster
http://www.meetup.com/cities/gb/e6/whittington/;Whittington;whittington
http://www.meetup.com/cities/gb/e6/wick/;Wick;wick
http://www.meetup.com/cities/gb/e6/wickwar/;Wickwar;wickwar
http://www.meetup.com/cities/gb/e6/wigpool/;Wigpool;wigpool
http://www.meetup.com/cities/gb/e6/willsbridge/;Willsbridge;willsbridge
http://www.meetup.com/cities/gb/e6/winchcombe/;Winchcombe;winchcombe
http://www.meetup.com/cities/gb/e6/windrush/;Windrush;windrush
http://www.meetup.com/cities/gb/e6/winson/;Winson;winson
http://www.meetup.com/cities/gb/e6/winstone/;Winstone;winstone
http://www.meetup.com/cities/gb/e6/winterbourne/;Winterbourne;winterbourne
http://www.meetup.com/cities/gb/e6/winterbourne_down/;Winterbourne Down;winterbourne_down
http://www.meetup.com/cities/gb/e6/wintles_hill/;Wintles Hill;wintles_hill
http://www.meetup.com/cities/gb/e6/witcombe/;Witcombe;witcombe
http://www.meetup.com/cities/gb/e6/withington/;Withington;withington
http://www.meetup.com/cities/gb/e6/woodchester/;Woodchester;woodchester
http://www.meetup.com/cities/gb/e6/woodcroft/;Woodcroft;woodcroft
http://www.meetup.com/cities/gb/e6/woodend/;Woodend;woodend
http://www.meetup.com/cities/gb/e6/woodfield/;Woodfield;woodfield
http://www.meetup.com/cities/gb/e6/woodford/;Woodford;woodford
http://www.meetup.com/cities/gb/e6/woodmancote/;Woodmancote;woodmancote
http://www.meetup.com/cities/gb/e6/wood_stanway/;Wood Stanway;wood_stanway
http://www.meetup.com/cities/gb/e6/woolaston/;Woolaston;woolaston
http://www.meetup.com/cities/gb/e6/worrall_hill/;Worrall Hill;worrall_hill
http://www.meetup.com/cities/gb/e6/wortley/;Wortley;wortley
http://www.meetup.com/cities/gb/e6/wotton-under-edge/;Wotton-under-Edge;wotton-under-edge
http://www.meetup.com/cities/gb/e6/wyck_rissington/;Wyck Rissington;wyck_rissington
http://www.meetup.com/cities/gb/e6/yanworth/;Yanworth;yanworth
http://www.meetup.com/cities/gb/e6/yate/;Yate;yate
http://www.meetup.com/cities/gb/e6/yorkley/;Yorkley;yorkley
http://www.meetup.com/cities/gb/e6/yorkley_slade/;Yorkley Slade;yorkley_slade
