http://www.meetup.com/cities/gb/e2/alciston/;Alciston;alciston
http://www.meetup.com/cities/gb/e2/alfriston/;Alfriston;alfriston
http://www.meetup.com/cities/gb/e2/amberstone/;Amberstone;amberstone
http://www.meetup.com/cities/gb/e2/arlington/;Arlington;arlington
http://www.meetup.com/cities/gb/e2/ashburnham/;Ashburnham;ashburnham
http://www.meetup.com/cities/gb/e2/barcombe/;Barcombe;barcombe
http://www.meetup.com/cities/gb/e2/battle/;Battle;battle
http://www.meetup.com/cities/gb/e2/beachlands/;Beachlands;beachlands
http://www.meetup.com/cities/gb/e2/beachy_head/;Beachy Head;beachy_head
http://www.meetup.com/cities/gb/e2/beckley/;Beckley;beckley
http://www.meetup.com/cities/gb/e2/beddingham/;Beddingham;beddingham
http://www.meetup.com/cities/gb/e2/bellbrook_industrial_estate/;Bellbrook Industrial Estate;bellbrook_industrial_estate
http://www.meetup.com/cities/gb/e2/bells_yew_green/;Bells Yew Green;bells_yew_green
http://www.meetup.com/cities/gb/e2/berwick/;Berwick;berwick
http://www.meetup.com/cities/gb/e2/bevendean/;Bevendean;bevendean
http://www.meetup.com/cities/gb/e2/bexhill-on-sea/;Bexhill-on-Sea;bexhill-on-sea
http://www.meetup.com/cities/gb/e2/birchetts_green/;Birchetts Green;birchetts_green
http://www.meetup.com/cities/gb/e2/bishopstone/;Bishopstone;bishopstone
http://www.meetup.com/cities/gb/e2/blackboys/;Blackboys;blackboys
http://www.meetup.com/cities/gb/e2/black_hill/;Black Hill;black_hill
http://www.meetup.com/cities/gb/e2/boars_head/;Boars Head;boars_head
http://www.meetup.com/cities/gb/e2/bodiam/;Bodiam;bodiam
http://www.meetup.com/cities/gb/e2/bodle_street/;Bodle Street;bodle_street
http://www.meetup.com/cities/gb/e2/bodle_street_green/;Bodle Street Green;bodle_street_green
http://www.meetup.com/cities/gb/e2/boreham_street/;Boreham Street;boreham_street
http://www.meetup.com/cities/gb/e2/brede/;Brede;brede
http://www.meetup.com/cities/gb/e2/brightling/;Brightling;brightling
http://www.meetup.com/cities/gb/e2/brighton/;Brighton;brighton
http://www.meetup.com/cities/gb/e2/brighton_marina_village/;Brighton Marina Village;brighton_marina_village
http://www.meetup.com/cities/gb/e2/broad_oak/;Broad Oak;broad_oak
http://www.meetup.com/cities/gb/e2/burnt_oak/;Burnt Oak;burnt_oak
http://www.meetup.com/cities/gb/e2/burwash/;Burwash;burwash
http://www.meetup.com/cities/gb/e2/burwash_common/;Burwash Common;burwash_common
http://www.meetup.com/cities/gb/e2/burwash_weald/;Burwash Weald;burwash_weald
http://www.meetup.com/cities/gb/e2/buss%27s_green/;Buss's Green;buss%27s_green
http://www.meetup.com/cities/gb/e2/buttons/;Buttons;buttons
http://www.meetup.com/cities/gb/e2/buxted/;Buxted;buxted
http://www.meetup.com/cities/gb/e2/cade_street/;Cade Street;cade_street
http://www.meetup.com/cities/gb/e2/camber/;Camber;camber
http://www.meetup.com/cities/gb/e2/caneheath/;Caneheath;caneheath
http://www.meetup.com/cities/gb/e2/carters_corner/;Carters Corner;carters_corner
http://www.meetup.com/cities/gb/e2/castle_hill/;Castle Hill;castle_hill
http://www.meetup.com/cities/gb/e2/catsfield/;Catsfield;catsfield
http://www.meetup.com/cities/gb/e2/chailey_green/;Chailey Green;chailey_green
http://www.meetup.com/cities/gb/e2/chalvington/;Chalvington;chalvington
http://www.meetup.com/cities/gb/e2/chapel_cross/;Chapel Cross;chapel_cross
http://www.meetup.com/cities/gb/e2/chiddingly/;Chiddingly;chiddingly
http://www.meetup.com/cities/gb/e2/chuck_hatch/;Chuck Hatch;chuck_hatch
http://www.meetup.com/cities/gb/e2/colemans_hatch/;Colemans Hatch;colemans_hatch
http://www.meetup.com/cities/gb/e2/cooden/;Cooden;cooden
http://www.meetup.com/cities/gb/e2/cooksbridge/;Cooksbridge;cooksbridge
http://www.meetup.com/cities/gb/e2/coopers_green/;Coopers Green;coopers_green
http://www.meetup.com/cities/gb/e2/cousley_wood/;Cousley Wood;cousley_wood
http://www.meetup.com/cities/gb/e2/cowbeech/;Cowbeech;cowbeech
http://www.meetup.com/cities/gb/e2/cross_in_hand/;Cross in Hand;cross_in_hand
http://www.meetup.com/cities/gb/e2/crowborough/;Crowborough;crowborough
http://www.meetup.com/cities/gb/e2/crowhurst/;Crowhurst;crowhurst
http://www.meetup.com/cities/gb/e2/cuckmere_haven/;Cuckmere Haven;cuckmere_haven
http://www.meetup.com/cities/gb/e2/dallington/;Dallington;dallington
http://www.meetup.com/cities/gb/e2/ditchling/;Ditchling;ditchling
http://www.meetup.com/cities/gb/e2/downash/;Downash;downash
http://www.meetup.com/cities/gb/e2/duddleswell/;Duddleswell;duddleswell
http://www.meetup.com/cities/gb/e2/durgates/;Durgates;durgates
http://www.meetup.com/cities/gb/e2/eastbourne/;Eastbourne;eastbourne
http://www.meetup.com/cities/gb/e2/east_chiltington/;East Chiltington;east_chiltington
http://www.meetup.com/cities/gb/e2/east_dean/;East Dean;east_dean
http://www.meetup.com/cities/gb/e2/east_hoathly/;East Hoathly;east_hoathly
http://www.meetup.com/cities/gb/e2/eridge_green/;Eridge Green;eridge_green
http://www.meetup.com/cities/gb/e2/etchingham/;Etchingham;etchingham
http://www.meetup.com/cities/gb/e2/ewhurst_green/;Ewhurst Green;ewhurst_green
http://www.meetup.com/cities/gb/e2/exceat/;Exceat;exceat
http://www.meetup.com/cities/gb/e2/fairlight/;Fairlight;fairlight
http://www.meetup.com/cities/gb/e2/fairwarp/;Fairwarp;fairwarp
http://www.meetup.com/cities/gb/e2/falmer/;Falmer;falmer
http://www.meetup.com/cities/gb/e2/filching/;Filching;filching
http://www.meetup.com/cities/gb/e2/firle/;Firle;firle
http://www.meetup.com/cities/gb/e2/five_ash_down/;Five Ash Down;five_ash_down
http://www.meetup.com/cities/gb/e2/five_ashes/;Five Ashes;five_ashes
http://www.meetup.com/cities/gb/e2/fletching/;Fletching;fletching
http://www.meetup.com/cities/gb/e2/folkington/;Folkington;folkington
http://www.meetup.com/cities/gb/e2/forest_row/;Forest Row;forest_row
http://www.meetup.com/cities/gb/e2/framfield/;Framfield;framfield
http://www.meetup.com/cities/gb/e2/frant/;Frant;frant
http://www.meetup.com/cities/gb/e2/friars_gate/;Friars Gate;friars_gate
http://www.meetup.com/cities/gb/e2/friston/;Friston;friston
http://www.meetup.com/cities/gb/e2/furners_green/;Furners Green;furners_green
http://www.meetup.com/cities/gb/e2/glynde/;Glynde;glynde
http://www.meetup.com/cities/gb/e2/golden_cross/;Golden Cross;golden_cross
http://www.meetup.com/cities/gb/e2/guestling/;Guestling;guestling
http://www.meetup.com/cities/gb/e2/gun_hill/;Gun Hill;gun_hill
http://www.meetup.com/cities/gb/e2/hadlow_down/;Hadlow Down;hadlow_down
http://www.meetup.com/cities/gb/e2/hailsham/;Hailsham;hailsham
http://www.meetup.com/cities/gb/e2/halland/;Halland;halland
http://www.meetup.com/cities/gb/e2/hammerwood/;Hammerwood;hammerwood
http://www.meetup.com/cities/gb/e2/hamsey/;Hamsey;hamsey
http://www.meetup.com/cities/gb/e2/hankham/;Hankham;hankham
http://www.meetup.com/cities/gb/e2/hartfield/;Hartfield;hartfield
http://www.meetup.com/cities/gb/e2/hastings/;Hastings;hastings
http://www.meetup.com/cities/gb/e2/heathfield/;Heathfield;heathfield
http://www.meetup.com/cities/gb/e2/hellingly/;Hellingly;hellingly
http://www.meetup.com/cities/gb/e2/herons_ghyll/;Herons Ghyll;herons_ghyll
http://www.meetup.com/cities/gb/e2/herstmonceux/;Herstmonceux;herstmonceux
http://www.meetup.com/cities/gb/e2/high_hurstwood/;High Hurstwood;high_hurstwood
http://www.meetup.com/cities/gb/e2/holmes_hill/;Holmes Hill;holmes_hill
http://www.meetup.com/cities/gb/e2/hooe/;Hooe;hooe
http://www.meetup.com/cities/gb/e2/horam/;Horam;horam
http://www.meetup.com/cities/gb/e2/horney_common/;Horney Common;horney_common
http://www.meetup.com/cities/gb/e2/horsebridge/;Horsebridge;horsebridge
http://www.meetup.com/cities/gb/e2/hove/;Hove;hove
http://www.meetup.com/cities/gb/e2/hurst_green/;Hurst Green;hurst_green
http://www.meetup.com/cities/gb/e2/icklesham/;Icklesham;icklesham
http://www.meetup.com/cities/gb/e2/iden/;Iden;iden
http://www.meetup.com/cities/gb/e2/iford/;Iford;iford
http://www.meetup.com/cities/gb/e2/isfield/;Isfield;isfield
http://www.meetup.com/cities/gb/e2/jevington/;Jevington;jevington
http://www.meetup.com/cities/gb/e2/jurys_gap/;Jurys Gap;jurys_gap
http://www.meetup.com/cities/gb/e2/kingston/;Kingston;kingston
http://www.meetup.com/cities/gb/e2/laughton/;Laughton;laughton
http://www.meetup.com/cities/gb/e2/lewes/;Lewes;lewes
http://www.meetup.com/cities/gb/e2/lions_green/;Lions Green;lions_green
http://www.meetup.com/cities/gb/e2/litlington/;Litlington;litlington
http://www.meetup.com/cities/gb/e2/little_horsted/;Little Horsted;little_horsted
http://www.meetup.com/cities/gb/e2/little_london/;Little London;little_london
http://www.meetup.com/cities/gb/e2/lower_dicker/;Lower Dicker;lower_dicker
http://www.meetup.com/cities/gb/e2/lower_horsebridge/;Lower Horsebridge;lower_horsebridge
http://www.meetup.com/cities/gb/e2/lullington/;Lullington;lullington
http://www.meetup.com/cities/gb/e2/magham_down/;Magham Down;magham_down
http://www.meetup.com/cities/gb/e2/maresfield/;Maresfield;maresfield
http://www.meetup.com/cities/gb/e2/mark_cross/;Mark Cross;mark_cross
http://www.meetup.com/cities/gb/e2/marle_green/;Marle Green;marle_green
http://www.meetup.com/cities/gb/e2/mayfield/;Mayfield;mayfield
http://www.meetup.com/cities/gb/e2/maynards_green/;Maynards Green;maynards_green
http://www.meetup.com/cities/gb/e2/milton_street/;Milton Street;milton_street
http://www.meetup.com/cities/gb/e2/moseham/;Moseham;moseham
http://www.meetup.com/cities/gb/e2/mountfield/;Mountfield;mountfield
http://www.meetup.com/cities/gb/e2/mulbrooks/;Mulbrooks;mulbrooks
http://www.meetup.com/cities/gb/e2/netherfield/;Netherfield;netherfield
http://www.meetup.com/cities/gb/e2/newhaven/;Newhaven;newhaven
http://www.meetup.com/cities/gb/e2/newick/;Newick;newick
http://www.meetup.com/cities/gb/e2/ninfield/;Ninfield;ninfield
http://www.meetup.com/cities/gb/e2/nomanswood/;Nomanswood;nomanswood
http://www.meetup.com/cities/gb/e2/normans_bay/;Normans Bay;normans_bay
http://www.meetup.com/cities/gb/e2/northiam/;Northiam;northiam
http://www.meetup.com/cities/gb/e2/norton/;Norton;norton
http://www.meetup.com/cities/gb/e2/nutley/;Nutley;nutley
http://www.meetup.com/cities/gb/e2/offham/;Offham;offham
http://www.meetup.com/cities/gb/e2/old_heathfield/;Old Heathfield;old_heathfield
http://www.meetup.com/cities/gb/e2/old_town/;Old Town;old_town
http://www.meetup.com/cities/gb/e2/ovingdean/;Ovingdean;ovingdean
http://www.meetup.com/cities/gb/e2/patcham/;Patcham;patcham
http://www.meetup.com/cities/gb/e2/peacehaven/;Peacehaven;peacehaven
http://www.meetup.com/cities/gb/e2/peasmarsh/;Peasmarsh;peasmarsh
http://www.meetup.com/cities/gb/e2/pell_green/;Pell Green;pell_green
http://www.meetup.com/cities/gb/e2/pell_hill/;Pell Hill;pell_hill
http://www.meetup.com/cities/gb/e2/penhurst/;Penhurst;penhurst
http://www.meetup.com/cities/gb/e2/pett/;Pett;pett
http://www.meetup.com/cities/gb/e2/pett_level/;Pett Level;pett_level
http://www.meetup.com/cities/gb/e2/pevensey/;Pevensey;pevensey
http://www.meetup.com/cities/gb/e2/pevensey_bay/;Pevensey Bay;pevensey_bay
http://www.meetup.com/cities/gb/e2/piddinghoe/;Piddinghoe;piddinghoe
http://www.meetup.com/cities/gb/e2/piltdown/;Piltdown;piltdown
http://www.meetup.com/cities/gb/e2/playden/;Playden;playden
http://www.meetup.com/cities/gb/e2/plumpton/;Plumpton;plumpton
http://www.meetup.com/cities/gb/e2/plumpton_green/;Plumpton Green;plumpton_green
http://www.meetup.com/cities/gb/e2/polegate/;Polegate;polegate
http://www.meetup.com/cities/gb/e2/poundgate/;Poundgate;poundgate
http://www.meetup.com/cities/gb/e2/preston/;Preston;preston
http://www.meetup.com/cities/gb/e2/primmers_green/;Primmers Green;primmers_green
http://www.meetup.com/cities/gb/e2/punnetts_town/;Punnetts Town;punnetts_town
http://www.meetup.com/cities/gb/e2/ratton/;Ratton;ratton
http://www.meetup.com/cities/gb/e2/rickney/;Rickney;rickney
http://www.meetup.com/cities/gb/e2/ridgewood/;Ridgewood;ridgewood
http://www.meetup.com/cities/gb/e2/ringmer/;Ringmer;ringmer
http://www.meetup.com/cities/gb/e2/ripe/;Ripe;ripe
http://www.meetup.com/cities/gb/e2/robertsbridge/;Robertsbridge;robertsbridge
http://www.meetup.com/cities/gb/e2/rodmell/;Rodmell;rodmell
http://www.meetup.com/cities/gb/e2/rosers_cross/;Rosers Cross;rosers_cross
http://www.meetup.com/cities/gb/e2/rotherfield/;Rotherfield;rotherfield
http://www.meetup.com/cities/gb/e2/rottingdean/;Rottingdean;rottingdean
http://www.meetup.com/cities/gb/e2/rushers_cross/;Rushers Cross;rushers_cross
http://www.meetup.com/cities/gb/e2/rushlake_green/;Rushlake Green;rushlake_green
http://www.meetup.com/cities/gb/e2/rye/;Rye;rye
http://www.meetup.com/cities/gb/e2/rye_foreign/;Rye Foreign;rye_foreign
http://www.meetup.com/cities/gb/e2/rye_harbour/;Rye Harbour;rye_harbour
http://www.meetup.com/cities/gb/e2/salehurst/;Salehurst;salehurst
http://www.meetup.com/cities/gb/e2/saltdean/;Saltdean;saltdean
http://www.meetup.com/cities/gb/e2/salters_green/;Salters Green;salters_green
http://www.meetup.com/cities/gb/e2/sandy_cross/;Sandy Cross;sandy_cross
http://www.meetup.com/cities/gb/e2/sayerland/;Sayerland;sayerland
http://www.meetup.com/cities/gb/e2/scrag_oak/;Scrag Oak;scrag_oak
http://www.meetup.com/cities/gb/e2/seaford/;Seaford;seaford
http://www.meetup.com/cities/gb/e2/sedlescombe/;Sedlescombe;sedlescombe
http://www.meetup.com/cities/gb/e2/selmeston/;Selmeston;selmeston
http://www.meetup.com/cities/gb/e2/sheffield_park/;Sheffield Park;sheffield_park
http://www.meetup.com/cities/gb/e2/shortgate/;Shortgate;shortgate
http://www.meetup.com/cities/gb/e2/shovers_green/;Shovers Green;shovers_green
http://www.meetup.com/cities/gb/e2/south_chailey/;South Chailey;south_chailey
http://www.meetup.com/cities/gb/e2/southease/;Southease;southease
http://www.meetup.com/cities/gb/e2/southerham/;Southerham;southerham
http://www.meetup.com/cities/gb/e2/south_heighton/;South Heighton;south_heighton
http://www.meetup.com/cities/gb/e2/sparrows_green/;Sparrows Green;sparrows_green
http://www.meetup.com/cities/gb/e2/splaynes_green/;Splaynes Green;splaynes_green
http://www.meetup.com/cities/gb/e2/stanmer/;Stanmer;stanmer
http://www.meetup.com/cities/gb/e2/staplecross/;Staplecross;staplecross
http://www.meetup.com/cities/gb/e2/st_johns/;St Johns;st_johns
http://www.meetup.com/cities/gb/e2/st_leonards-on-sea/;St Leonards-on-Sea;st_leonards-on-sea
http://www.meetup.com/cities/gb/e2/stone_cross/;Stone Cross;stone_cross
http://www.meetup.com/cities/gb/e2/stonegate/;Stonegate;stonegate
http://www.meetup.com/cities/gb/e2/stoneham/;Stoneham;stoneham
http://www.meetup.com/cities/gb/e2/streat/;Streat;streat
http://www.meetup.com/cities/gb/e2/summerhill/;Summerhill;summerhill
http://www.meetup.com/cities/gb/e2/swanborough/;Swanborough;swanborough
http://www.meetup.com/cities/gb/e2/tarring_neville/;Tarring Neville;tarring_neville
http://www.meetup.com/cities/gb/e2/telscombe/;Telscombe;telscombe
http://www.meetup.com/cities/gb/e2/telscombe_cliffs/;Telscombe Cliffs;telscombe_cliffs
http://www.meetup.com/cities/gb/e2/three_cups/;Three Cups;three_cups
http://www.meetup.com/cities/gb/e2/three_oaks/;Three Oaks;three_oaks
http://www.meetup.com/cities/gb/e2/ticehurst/;Ticehurst;ticehurst
http://www.meetup.com/cities/gb/e2/tidebrook/;Tidebrook;tidebrook
http://www.meetup.com/cities/gb/e2/town_row/;Town Row;town_row
http://www.meetup.com/cities/gb/e2/trolliloes/;Trolliloes;trolliloes
http://www.meetup.com/cities/gb/e2/turners_green/;Turners Green;turners_green
http://www.meetup.com/cities/gb/e2/uckfield/;Uckfield;uckfield
http://www.meetup.com/cities/gb/e2/udimore/;Udimore;udimore
http://www.meetup.com/cities/gb/e2/upper_dicker/;Upper Dicker;upper_dicker
http://www.meetup.com/cities/gb/e2/upper_hartfield/;Upper Hartfield;upper_hartfield
http://www.meetup.com/cities/gb/e2/vicarage_green/;Vicarage Green;vicarage_green
http://www.meetup.com/cities/gb/e2/vines_cross/;Vines Cross;vines_cross
http://www.meetup.com/cities/gb/e2/wadhurst/;Wadhurst;wadhurst
http://www.meetup.com/cities/gb/e2/waldron/;Waldron;waldron
http://www.meetup.com/cities/gb/e2/wallcrouch/;Wallcrouch;wallcrouch
http://www.meetup.com/cities/gb/e2/warbleton/;Warbleton;warbleton
http://www.meetup.com/cities/gb/e2/wartling/;Wartling;wartling
http://www.meetup.com/cities/gb/e2/wellbrook/;Wellbrook;wellbrook
http://www.meetup.com/cities/gb/e2/westdean/;Westdean;westdean
http://www.meetup.com/cities/gb/e2/westfield/;Westfield;westfield
http://www.meetup.com/cities/gb/e2/westham/;Westham;westham
http://www.meetup.com/cities/gb/e2/westmeston/;Westmeston;westmeston
http://www.meetup.com/cities/gb/e2/whatlington/;Whatlington;whatlington
http://www.meetup.com/cities/gb/e2/whitesmith/;Whitesmith;whitesmith
http://www.meetup.com/cities/gb/e2/willingdon/;Willingdon;willingdon
http://www.meetup.com/cities/gb/e2/wilmington/;Wilmington;wilmington
http://www.meetup.com/cities/gb/e2/winchelsea/;Winchelsea;winchelsea
http://www.meetup.com/cities/gb/e2/winchelsea_beach/;Winchelsea Beach;winchelsea_beach
http://www.meetup.com/cities/gb/e2/windmill_hill/;Windmill Hill;windmill_hill
http://www.meetup.com/cities/gb/e2/withdean/;Withdean;withdean
http://www.meetup.com/cities/gb/e2/withyham/;Withyham;withyham
http://www.meetup.com/cities/gb/e2/wivelsfield/;Wivelsfield;wivelsfield
http://www.meetup.com/cities/gb/e2/woods_green/;Woods Green;woods_green
http://www.meetup.com/cities/gb/e2/wych_cross/;Wych Cross;wych_cross
http://www.meetup.com/cities/gb/e2/alciston/;Alciston;alciston
http://www.meetup.com/cities/gb/e2/alfriston/;Alfriston;alfriston
http://www.meetup.com/cities/gb/e2/amberstone/;Amberstone;amberstone
http://www.meetup.com/cities/gb/e2/arlington/;Arlington;arlington
http://www.meetup.com/cities/gb/e2/ashburnham/;Ashburnham;ashburnham
http://www.meetup.com/cities/gb/e2/barcombe/;Barcombe;barcombe
http://www.meetup.com/cities/gb/e2/battle/;Battle;battle
http://www.meetup.com/cities/gb/e2/beachlands/;Beachlands;beachlands
http://www.meetup.com/cities/gb/e2/beachy_head/;Beachy Head;beachy_head
http://www.meetup.com/cities/gb/e2/beckley/;Beckley;beckley
http://www.meetup.com/cities/gb/e2/beddingham/;Beddingham;beddingham
http://www.meetup.com/cities/gb/e2/bellbrook_industrial_estate/;Bellbrook Industrial Estate;bellbrook_industrial_estate
http://www.meetup.com/cities/gb/e2/bells_yew_green/;Bells Yew Green;bells_yew_green
http://www.meetup.com/cities/gb/e2/berwick/;Berwick;berwick
http://www.meetup.com/cities/gb/e2/bevendean/;Bevendean;bevendean
http://www.meetup.com/cities/gb/e2/bexhill-on-sea/;Bexhill-on-Sea;bexhill-on-sea
http://www.meetup.com/cities/gb/e2/birchetts_green/;Birchetts Green;birchetts_green
http://www.meetup.com/cities/gb/e2/bishopstone/;Bishopstone;bishopstone
http://www.meetup.com/cities/gb/e2/blackboys/;Blackboys;blackboys
http://www.meetup.com/cities/gb/e2/black_hill/;Black Hill;black_hill
http://www.meetup.com/cities/gb/e2/boars_head/;Boars Head;boars_head
http://www.meetup.com/cities/gb/e2/bodiam/;Bodiam;bodiam
http://www.meetup.com/cities/gb/e2/bodle_street/;Bodle Street;bodle_street
http://www.meetup.com/cities/gb/e2/bodle_street_green/;Bodle Street Green;bodle_street_green
http://www.meetup.com/cities/gb/e2/boreham_street/;Boreham Street;boreham_street
http://www.meetup.com/cities/gb/e2/brede/;Brede;brede
http://www.meetup.com/cities/gb/e2/brightling/;Brightling;brightling
http://www.meetup.com/cities/gb/e2/brighton/;Brighton;brighton
http://www.meetup.com/cities/gb/e2/brighton_marina_village/;Brighton Marina Village;brighton_marina_village
http://www.meetup.com/cities/gb/e2/broad_oak/;Broad Oak;broad_oak
http://www.meetup.com/cities/gb/e2/burnt_oak/;Burnt Oak;burnt_oak
http://www.meetup.com/cities/gb/e2/burwash/;Burwash;burwash
http://www.meetup.com/cities/gb/e2/burwash_common/;Burwash Common;burwash_common
http://www.meetup.com/cities/gb/e2/burwash_weald/;Burwash Weald;burwash_weald
http://www.meetup.com/cities/gb/e2/buss%27s_green/;Buss's Green;buss%27s_green
http://www.meetup.com/cities/gb/e2/buttons/;Buttons;buttons
http://www.meetup.com/cities/gb/e2/buxted/;Buxted;buxted
http://www.meetup.com/cities/gb/e2/cade_street/;Cade Street;cade_street
http://www.meetup.com/cities/gb/e2/camber/;Camber;camber
http://www.meetup.com/cities/gb/e2/caneheath/;Caneheath;caneheath
http://www.meetup.com/cities/gb/e2/carters_corner/;Carters Corner;carters_corner
http://www.meetup.com/cities/gb/e2/castle_hill/;Castle Hill;castle_hill
http://www.meetup.com/cities/gb/e2/catsfield/;Catsfield;catsfield
http://www.meetup.com/cities/gb/e2/chailey_green/;Chailey Green;chailey_green
http://www.meetup.com/cities/gb/e2/chalvington/;Chalvington;chalvington
http://www.meetup.com/cities/gb/e2/chapel_cross/;Chapel Cross;chapel_cross
http://www.meetup.com/cities/gb/e2/chiddingly/;Chiddingly;chiddingly
http://www.meetup.com/cities/gb/e2/chuck_hatch/;Chuck Hatch;chuck_hatch
http://www.meetup.com/cities/gb/e2/colemans_hatch/;Colemans Hatch;colemans_hatch
http://www.meetup.com/cities/gb/e2/cooden/;Cooden;cooden
http://www.meetup.com/cities/gb/e2/cooksbridge/;Cooksbridge;cooksbridge
http://www.meetup.com/cities/gb/e2/coopers_green/;Coopers Green;coopers_green
http://www.meetup.com/cities/gb/e2/cousley_wood/;Cousley Wood;cousley_wood
http://www.meetup.com/cities/gb/e2/cowbeech/;Cowbeech;cowbeech
http://www.meetup.com/cities/gb/e2/cross_in_hand/;Cross in Hand;cross_in_hand
http://www.meetup.com/cities/gb/e2/crowborough/;Crowborough;crowborough
http://www.meetup.com/cities/gb/e2/crowhurst/;Crowhurst;crowhurst
http://www.meetup.com/cities/gb/e2/cuckmere_haven/;Cuckmere Haven;cuckmere_haven
http://www.meetup.com/cities/gb/e2/dallington/;Dallington;dallington
http://www.meetup.com/cities/gb/e2/ditchling/;Ditchling;ditchling
http://www.meetup.com/cities/gb/e2/downash/;Downash;downash
http://www.meetup.com/cities/gb/e2/duddleswell/;Duddleswell;duddleswell
http://www.meetup.com/cities/gb/e2/durgates/;Durgates;durgates
http://www.meetup.com/cities/gb/e2/eastbourne/;Eastbourne;eastbourne
http://www.meetup.com/cities/gb/e2/east_chiltington/;East Chiltington;east_chiltington
http://www.meetup.com/cities/gb/e2/east_dean/;East Dean;east_dean
http://www.meetup.com/cities/gb/e2/east_hoathly/;East Hoathly;east_hoathly
http://www.meetup.com/cities/gb/e2/eridge_green/;Eridge Green;eridge_green
http://www.meetup.com/cities/gb/e2/etchingham/;Etchingham;etchingham
http://www.meetup.com/cities/gb/e2/ewhurst_green/;Ewhurst Green;ewhurst_green
http://www.meetup.com/cities/gb/e2/exceat/;Exceat;exceat
http://www.meetup.com/cities/gb/e2/fairlight/;Fairlight;fairlight
http://www.meetup.com/cities/gb/e2/fairwarp/;Fairwarp;fairwarp
http://www.meetup.com/cities/gb/e2/falmer/;Falmer;falmer
http://www.meetup.com/cities/gb/e2/filching/;Filching;filching
http://www.meetup.com/cities/gb/e2/firle/;Firle;firle
http://www.meetup.com/cities/gb/e2/five_ash_down/;Five Ash Down;five_ash_down
http://www.meetup.com/cities/gb/e2/five_ashes/;Five Ashes;five_ashes
http://www.meetup.com/cities/gb/e2/fletching/;Fletching;fletching
http://www.meetup.com/cities/gb/e2/folkington/;Folkington;folkington
http://www.meetup.com/cities/gb/e2/forest_row/;Forest Row;forest_row
http://www.meetup.com/cities/gb/e2/framfield/;Framfield;framfield
http://www.meetup.com/cities/gb/e2/frant/;Frant;frant
http://www.meetup.com/cities/gb/e2/friars_gate/;Friars Gate;friars_gate
http://www.meetup.com/cities/gb/e2/friston/;Friston;friston
http://www.meetup.com/cities/gb/e2/furners_green/;Furners Green;furners_green
http://www.meetup.com/cities/gb/e2/glynde/;Glynde;glynde
http://www.meetup.com/cities/gb/e2/golden_cross/;Golden Cross;golden_cross
http://www.meetup.com/cities/gb/e2/guestling/;Guestling;guestling
http://www.meetup.com/cities/gb/e2/gun_hill/;Gun Hill;gun_hill
http://www.meetup.com/cities/gb/e2/hadlow_down/;Hadlow Down;hadlow_down
http://www.meetup.com/cities/gb/e2/hailsham/;Hailsham;hailsham
http://www.meetup.com/cities/gb/e2/halland/;Halland;halland
http://www.meetup.com/cities/gb/e2/hammerwood/;Hammerwood;hammerwood
http://www.meetup.com/cities/gb/e2/hamsey/;Hamsey;hamsey
http://www.meetup.com/cities/gb/e2/hankham/;Hankham;hankham
http://www.meetup.com/cities/gb/e2/hartfield/;Hartfield;hartfield
http://www.meetup.com/cities/gb/e2/hastings/;Hastings;hastings
http://www.meetup.com/cities/gb/e2/heathfield/;Heathfield;heathfield
http://www.meetup.com/cities/gb/e2/hellingly/;Hellingly;hellingly
http://www.meetup.com/cities/gb/e2/herons_ghyll/;Herons Ghyll;herons_ghyll
http://www.meetup.com/cities/gb/e2/herstmonceux/;Herstmonceux;herstmonceux
http://www.meetup.com/cities/gb/e2/high_hurstwood/;High Hurstwood;high_hurstwood
http://www.meetup.com/cities/gb/e2/holmes_hill/;Holmes Hill;holmes_hill
http://www.meetup.com/cities/gb/e2/hooe/;Hooe;hooe
http://www.meetup.com/cities/gb/e2/horam/;Horam;horam
http://www.meetup.com/cities/gb/e2/horney_common/;Horney Common;horney_common
http://www.meetup.com/cities/gb/e2/horsebridge/;Horsebridge;horsebridge
http://www.meetup.com/cities/gb/e2/hove/;Hove;hove
http://www.meetup.com/cities/gb/e2/hurst_green/;Hurst Green;hurst_green
http://www.meetup.com/cities/gb/e2/icklesham/;Icklesham;icklesham
http://www.meetup.com/cities/gb/e2/iden/;Iden;iden
http://www.meetup.com/cities/gb/e2/iford/;Iford;iford
http://www.meetup.com/cities/gb/e2/isfield/;Isfield;isfield
http://www.meetup.com/cities/gb/e2/jevington/;Jevington;jevington
http://www.meetup.com/cities/gb/e2/jurys_gap/;Jurys Gap;jurys_gap
http://www.meetup.com/cities/gb/e2/kingston/;Kingston;kingston
http://www.meetup.com/cities/gb/e2/laughton/;Laughton;laughton
http://www.meetup.com/cities/gb/e2/lewes/;Lewes;lewes
http://www.meetup.com/cities/gb/e2/lions_green/;Lions Green;lions_green
http://www.meetup.com/cities/gb/e2/litlington/;Litlington;litlington
http://www.meetup.com/cities/gb/e2/little_horsted/;Little Horsted;little_horsted
http://www.meetup.com/cities/gb/e2/little_london/;Little London;little_london
http://www.meetup.com/cities/gb/e2/lower_dicker/;Lower Dicker;lower_dicker
http://www.meetup.com/cities/gb/e2/lower_horsebridge/;Lower Horsebridge;lower_horsebridge
http://www.meetup.com/cities/gb/e2/lullington/;Lullington;lullington
http://www.meetup.com/cities/gb/e2/magham_down/;Magham Down;magham_down
http://www.meetup.com/cities/gb/e2/maresfield/;Maresfield;maresfield
http://www.meetup.com/cities/gb/e2/mark_cross/;Mark Cross;mark_cross
http://www.meetup.com/cities/gb/e2/marle_green/;Marle Green;marle_green
http://www.meetup.com/cities/gb/e2/mayfield/;Mayfield;mayfield
http://www.meetup.com/cities/gb/e2/maynards_green/;Maynards Green;maynards_green
http://www.meetup.com/cities/gb/e2/milton_street/;Milton Street;milton_street
http://www.meetup.com/cities/gb/e2/moseham/;Moseham;moseham
http://www.meetup.com/cities/gb/e2/mountfield/;Mountfield;mountfield
http://www.meetup.com/cities/gb/e2/mulbrooks/;Mulbrooks;mulbrooks
http://www.meetup.com/cities/gb/e2/netherfield/;Netherfield;netherfield
http://www.meetup.com/cities/gb/e2/newhaven/;Newhaven;newhaven
http://www.meetup.com/cities/gb/e2/newick/;Newick;newick
http://www.meetup.com/cities/gb/e2/ninfield/;Ninfield;ninfield
http://www.meetup.com/cities/gb/e2/nomanswood/;Nomanswood;nomanswood
http://www.meetup.com/cities/gb/e2/normans_bay/;Normans Bay;normans_bay
http://www.meetup.com/cities/gb/e2/northiam/;Northiam;northiam
http://www.meetup.com/cities/gb/e2/norton/;Norton;norton
http://www.meetup.com/cities/gb/e2/nutley/;Nutley;nutley
http://www.meetup.com/cities/gb/e2/offham/;Offham;offham
http://www.meetup.com/cities/gb/e2/old_heathfield/;Old Heathfield;old_heathfield
http://www.meetup.com/cities/gb/e2/old_town/;Old Town;old_town
http://www.meetup.com/cities/gb/e2/ovingdean/;Ovingdean;ovingdean
http://www.meetup.com/cities/gb/e2/patcham/;Patcham;patcham
http://www.meetup.com/cities/gb/e2/peacehaven/;Peacehaven;peacehaven
http://www.meetup.com/cities/gb/e2/peasmarsh/;Peasmarsh;peasmarsh
http://www.meetup.com/cities/gb/e2/pell_green/;Pell Green;pell_green
http://www.meetup.com/cities/gb/e2/pell_hill/;Pell Hill;pell_hill
http://www.meetup.com/cities/gb/e2/penhurst/;Penhurst;penhurst
http://www.meetup.com/cities/gb/e2/pett/;Pett;pett
http://www.meetup.com/cities/gb/e2/pett_level/;Pett Level;pett_level
http://www.meetup.com/cities/gb/e2/pevensey/;Pevensey;pevensey
http://www.meetup.com/cities/gb/e2/pevensey_bay/;Pevensey Bay;pevensey_bay
http://www.meetup.com/cities/gb/e2/piddinghoe/;Piddinghoe;piddinghoe
http://www.meetup.com/cities/gb/e2/piltdown/;Piltdown;piltdown
http://www.meetup.com/cities/gb/e2/playden/;Playden;playden
http://www.meetup.com/cities/gb/e2/plumpton/;Plumpton;plumpton
http://www.meetup.com/cities/gb/e2/plumpton_green/;Plumpton Green;plumpton_green
http://www.meetup.com/cities/gb/e2/polegate/;Polegate;polegate
http://www.meetup.com/cities/gb/e2/poundgate/;Poundgate;poundgate
http://www.meetup.com/cities/gb/e2/preston/;Preston;preston
http://www.meetup.com/cities/gb/e2/primmers_green/;Primmers Green;primmers_green
http://www.meetup.com/cities/gb/e2/punnetts_town/;Punnetts Town;punnetts_town
http://www.meetup.com/cities/gb/e2/ratton/;Ratton;ratton
http://www.meetup.com/cities/gb/e2/rickney/;Rickney;rickney
http://www.meetup.com/cities/gb/e2/ridgewood/;Ridgewood;ridgewood
http://www.meetup.com/cities/gb/e2/ringmer/;Ringmer;ringmer
http://www.meetup.com/cities/gb/e2/ripe/;Ripe;ripe
http://www.meetup.com/cities/gb/e2/robertsbridge/;Robertsbridge;robertsbridge
http://www.meetup.com/cities/gb/e2/rodmell/;Rodmell;rodmell
http://www.meetup.com/cities/gb/e2/rosers_cross/;Rosers Cross;rosers_cross
http://www.meetup.com/cities/gb/e2/rotherfield/;Rotherfield;rotherfield
http://www.meetup.com/cities/gb/e2/rottingdean/;Rottingdean;rottingdean
http://www.meetup.com/cities/gb/e2/rushers_cross/;Rushers Cross;rushers_cross
http://www.meetup.com/cities/gb/e2/rushlake_green/;Rushlake Green;rushlake_green
http://www.meetup.com/cities/gb/e2/rye/;Rye;rye
http://www.meetup.com/cities/gb/e2/rye_foreign/;Rye Foreign;rye_foreign
http://www.meetup.com/cities/gb/e2/rye_harbour/;Rye Harbour;rye_harbour
http://www.meetup.com/cities/gb/e2/salehurst/;Salehurst;salehurst
http://www.meetup.com/cities/gb/e2/saltdean/;Saltdean;saltdean
http://www.meetup.com/cities/gb/e2/salters_green/;Salters Green;salters_green
http://www.meetup.com/cities/gb/e2/sandy_cross/;Sandy Cross;sandy_cross
http://www.meetup.com/cities/gb/e2/sayerland/;Sayerland;sayerland
http://www.meetup.com/cities/gb/e2/scrag_oak/;Scrag Oak;scrag_oak
http://www.meetup.com/cities/gb/e2/seaford/;Seaford;seaford
http://www.meetup.com/cities/gb/e2/sedlescombe/;Sedlescombe;sedlescombe
http://www.meetup.com/cities/gb/e2/selmeston/;Selmeston;selmeston
http://www.meetup.com/cities/gb/e2/sheffield_park/;Sheffield Park;sheffield_park
http://www.meetup.com/cities/gb/e2/shortgate/;Shortgate;shortgate
http://www.meetup.com/cities/gb/e2/shovers_green/;Shovers Green;shovers_green
http://www.meetup.com/cities/gb/e2/south_chailey/;South Chailey;south_chailey
http://www.meetup.com/cities/gb/e2/southease/;Southease;southease
http://www.meetup.com/cities/gb/e2/southerham/;Southerham;southerham
http://www.meetup.com/cities/gb/e2/south_heighton/;South Heighton;south_heighton
http://www.meetup.com/cities/gb/e2/sparrows_green/;Sparrows Green;sparrows_green
http://www.meetup.com/cities/gb/e2/splaynes_green/;Splaynes Green;splaynes_green
http://www.meetup.com/cities/gb/e2/stanmer/;Stanmer;stanmer
http://www.meetup.com/cities/gb/e2/staplecross/;Staplecross;staplecross
http://www.meetup.com/cities/gb/e2/st_johns/;St Johns;st_johns
http://www.meetup.com/cities/gb/e2/st_leonards-on-sea/;St Leonards-on-Sea;st_leonards-on-sea
http://www.meetup.com/cities/gb/e2/stone_cross/;Stone Cross;stone_cross
http://www.meetup.com/cities/gb/e2/stonegate/;Stonegate;stonegate
http://www.meetup.com/cities/gb/e2/stoneham/;Stoneham;stoneham
http://www.meetup.com/cities/gb/e2/streat/;Streat;streat
http://www.meetup.com/cities/gb/e2/summerhill/;Summerhill;summerhill
http://www.meetup.com/cities/gb/e2/swanborough/;Swanborough;swanborough
http://www.meetup.com/cities/gb/e2/tarring_neville/;Tarring Neville;tarring_neville
http://www.meetup.com/cities/gb/e2/telscombe/;Telscombe;telscombe
http://www.meetup.com/cities/gb/e2/telscombe_cliffs/;Telscombe Cliffs;telscombe_cliffs
http://www.meetup.com/cities/gb/e2/three_cups/;Three Cups;three_cups
http://www.meetup.com/cities/gb/e2/three_oaks/;Three Oaks;three_oaks
http://www.meetup.com/cities/gb/e2/ticehurst/;Ticehurst;ticehurst
http://www.meetup.com/cities/gb/e2/tidebrook/;Tidebrook;tidebrook
http://www.meetup.com/cities/gb/e2/town_row/;Town Row;town_row
http://www.meetup.com/cities/gb/e2/trolliloes/;Trolliloes;trolliloes
http://www.meetup.com/cities/gb/e2/turners_green/;Turners Green;turners_green
http://www.meetup.com/cities/gb/e2/uckfield/;Uckfield;uckfield
http://www.meetup.com/cities/gb/e2/udimore/;Udimore;udimore
http://www.meetup.com/cities/gb/e2/upper_dicker/;Upper Dicker;upper_dicker
http://www.meetup.com/cities/gb/e2/upper_hartfield/;Upper Hartfield;upper_hartfield
http://www.meetup.com/cities/gb/e2/vicarage_green/;Vicarage Green;vicarage_green
http://www.meetup.com/cities/gb/e2/vines_cross/;Vines Cross;vines_cross
http://www.meetup.com/cities/gb/e2/wadhurst/;Wadhurst;wadhurst
http://www.meetup.com/cities/gb/e2/waldron/;Waldron;waldron
http://www.meetup.com/cities/gb/e2/wallcrouch/;Wallcrouch;wallcrouch
http://www.meetup.com/cities/gb/e2/warbleton/;Warbleton;warbleton
http://www.meetup.com/cities/gb/e2/wartling/;Wartling;wartling
http://www.meetup.com/cities/gb/e2/wellbrook/;Wellbrook;wellbrook
http://www.meetup.com/cities/gb/e2/westdean/;Westdean;westdean
http://www.meetup.com/cities/gb/e2/westfield/;Westfield;westfield
http://www.meetup.com/cities/gb/e2/westham/;Westham;westham
http://www.meetup.com/cities/gb/e2/westmeston/;Westmeston;westmeston
http://www.meetup.com/cities/gb/e2/whatlington/;Whatlington;whatlington
http://www.meetup.com/cities/gb/e2/whitesmith/;Whitesmith;whitesmith
http://www.meetup.com/cities/gb/e2/willingdon/;Willingdon;willingdon
http://www.meetup.com/cities/gb/e2/wilmington/;Wilmington;wilmington
http://www.meetup.com/cities/gb/e2/winchelsea/;Winchelsea;winchelsea
http://www.meetup.com/cities/gb/e2/winchelsea_beach/;Winchelsea Beach;winchelsea_beach
http://www.meetup.com/cities/gb/e2/windmill_hill/;Windmill Hill;windmill_hill
http://www.meetup.com/cities/gb/e2/withdean/;Withdean;withdean
http://www.meetup.com/cities/gb/e2/withyham/;Withyham;withyham
http://www.meetup.com/cities/gb/e2/wivelsfield/;Wivelsfield;wivelsfield
http://www.meetup.com/cities/gb/e2/woods_green/;Woods Green;woods_green
http://www.meetup.com/cities/gb/e2/wych_cross/;Wych Cross;wych_cross
