http://www.meetup.com/cities/gb/43/acocks_green/;Acocks Green;acocks_green
http://www.meetup.com/cities/gb/43/aston/;Aston;aston
http://www.meetup.com/cities/gb/43/balsall_common/;Balsall Common;balsall_common
http://www.meetup.com/cities/gb/43/bilston/;Bilston;bilston
http://www.meetup.com/cities/gb/43/binley/;Binley;binley
http://www.meetup.com/cities/gb/43/birmingham/;Birmingham;birmingham
http://www.meetup.com/cities/gb/43/birmingham_business_park/;Birmingham Business Park;birmingham_business_park
http://www.meetup.com/cities/gb/43/bloxwich/;Bloxwich;bloxwich
http://www.meetup.com/cities/gb/43/burton_green/;Burton Green;burton_green
http://www.meetup.com/cities/gb/43/chelmsley_wood/;Chelmsley Wood;chelmsley_wood
http://www.meetup.com/cities/gb/43/codsall/;Codsall;codsall
http://www.meetup.com/cities/gb/43/coseley/;Coseley;coseley
http://www.meetup.com/cities/gb/43/coventry/;Coventry;coventry
http://www.meetup.com/cities/gb/43/cradley_heath/;Cradley Heath;cradley_heath
http://www.meetup.com/cities/gb/43/cross_point_business_park/;Cross Point Business Park;cross_point_business_park
http://www.meetup.com/cities/gb/43/deritend/;Deritend;deritend
http://www.meetup.com/cities/gb/43/dudley/;Dudley;dudley
http://www.meetup.com/cities/gb/43/edgbaston/;Edgbaston;edgbaston
http://www.meetup.com/cities/gb/43/erdington/;Erdington;erdington
http://www.meetup.com/cities/gb/43/friar_park/;Friar Park;friar_park
http://www.meetup.com/cities/gb/43/halesowen/;Halesowen;halesowen
http://www.meetup.com/cities/gb/43/hall_green/;Hall Green;hall_green
http://www.meetup.com/cities/gb/43/hockley_heath/;Hockley Heath;hockley_heath
http://www.meetup.com/cities/gb/43/kenilworth/;Kenilworth;kenilworth
http://www.meetup.com/cities/gb/43/kings_heath/;Kings Heath;kings_heath
http://www.meetup.com/cities/gb/43/kings_norton/;Kings Norton;kings_norton
http://www.meetup.com/cities/gb/43/longford/;Longford;longford
http://www.meetup.com/cities/gb/43/lower_gornal/;Lower Gornal;lower_gornal
http://www.meetup.com/cities/gb/43/marston_green/;Marston Green;marston_green
http://www.meetup.com/cities/gb/43/millisons_wood/;Millisons Wood;millisons_wood
http://www.meetup.com/cities/gb/43/oldbury/;Oldbury;oldbury
http://www.meetup.com/cities/gb/43/parkfields/;Parkfields;parkfields
http://www.meetup.com/cities/gb/43/penn/;Penn;penn
http://www.meetup.com/cities/gb/43/penn_fields/;Penn Fields;penn_fields
http://www.meetup.com/cities/gb/43/rowley_regis/;Rowley Regis;rowley_regis
http://www.meetup.com/cities/gb/43/rushall/;Rushall;rushall
http://www.meetup.com/cities/gb/43/selly_oak/;Selly Oak;selly_oak
http://www.meetup.com/cities/gb/43/selly_park/;Selly Park;selly_park
http://www.meetup.com/cities/gb/43/smethwick/;Smethwick;smethwick
http://www.meetup.com/cities/gb/43/solihull/;Solihull;solihull
http://www.meetup.com/cities/gb/43/stirchley/;Stirchley;stirchley
http://www.meetup.com/cities/gb/43/sutton_coldfield/;Sutton Coldfield;sutton_coldfield
http://www.meetup.com/cities/gb/43/tipton/;Tipton;tipton
http://www.meetup.com/cities/gb/43/walsall/;Walsall;walsall
http://www.meetup.com/cities/gb/43/wednesbury/;Wednesbury;wednesbury
http://www.meetup.com/cities/gb/43/west_bromwich/;West Bromwich;west_bromwich
http://www.meetup.com/cities/gb/43/westwood_business_park/;Westwood Business Park;westwood_business_park
http://www.meetup.com/cities/gb/43/willenhall/;Willenhall;willenhall
http://www.meetup.com/cities/gb/43/wolverhampton/;Wolverhampton;wolverhampton
http://www.meetup.com/cities/gb/43/yardley/;Yardley;yardley
