http://www.meetup.com/cities/gb/43/acocks_green/;Acocks Green;acocks_green
http://www.meetup.com/cities/gb/43/aldermans_green/;Aldermans Green;aldermans_green
http://www.meetup.com/cities/gb/43/aldermans_green_industrial_estate/;Aldermans Green Industrial Estate;aldermans_green_industrial_estate
http://www.meetup.com/cities/gb/43/aldridge/;Aldridge;aldridge
http://www.meetup.com/cities/gb/43/allesley/;Allesley;allesley
http://www.meetup.com/cities/gb/43/alum_rock/;Alum Rock;alum_rock
http://www.meetup.com/cities/gb/43/amblecote/;Amblecote;amblecote
http://www.meetup.com/cities/gb/43/aston/;Aston;aston
http://www.meetup.com/cities/gb/43/audnam/;Audnam;audnam
http://www.meetup.com/cities/gb/43/balsall_common/;Balsall Common;balsall_common
http://www.meetup.com/cities/gb/43/balsall_heath/;Balsall Heath;balsall_heath
http://www.meetup.com/cities/gb/43/barston/;Barston;barston
http://www.meetup.com/cities/gb/43/bartley_green/;Bartley Green;bartley_green
http://www.meetup.com/cities/gb/43/bassetts_pole/;Bassetts Pole;bassetts_pole
http://www.meetup.com/cities/gb/43/bells_mill/;Bells Mill;bells_mill
http://www.meetup.com/cities/gb/43/bentley/;Bentley;bentley
http://www.meetup.com/cities/gb/43/bentley_heath/;Bentley Heath;bentley_heath
http://www.meetup.com/cities/gb/43/berkswell/;Berkswell;berkswell
http://www.meetup.com/cities/gb/43/bickenhill/;Bickenhill;bickenhill
http://www.meetup.com/cities/gb/43/bilston/;Bilston;bilston
http://www.meetup.com/cities/gb/43/binley/;Binley;binley
http://www.meetup.com/cities/gb/43/binley_industrial_estate/;Binley Industrial Estate;binley_industrial_estate
http://www.meetup.com/cities/gb/43/binley_woods/;Binley Woods;binley_woods
http://www.meetup.com/cities/gb/43/birchfield/;Birchfield;birchfield
http://www.meetup.com/cities/gb/43/birchills/;Birchills;birchills
http://www.meetup.com/cities/gb/43/birmingham/;Birmingham;birmingham
http://www.meetup.com/cities/gb/43/birmingham_business_park/;Birmingham Business Park;birmingham_business_park
http://www.meetup.com/cities/gb/43/birmingham_international_airport/;Birmingham International Airport;birmingham_international_airport
http://www.meetup.com/cities/gb/43/blackburn_road_industrial_estate/;Blackburn Road Industrial Estate;blackburn_road_industrial_estate
http://www.meetup.com/cities/gb/43/blakenhall/;Blakenhall;blakenhall
http://www.meetup.com/cities/gb/43/bloxwich/;Bloxwich;bloxwich
http://www.meetup.com/cities/gb/43/blythe_valley_park/;Blythe Valley Park;blythe_valley_park
http://www.meetup.com/cities/gb/43/bordesley/;Bordesley;bordesley
http://www.meetup.com/cities/gb/43/bordesley_green/;Bordesley Green;bordesley_green
http://www.meetup.com/cities/gb/43/bournbrook/;Bournbrook;bournbrook
http://www.meetup.com/cities/gb/43/bournville/;Bournville;bournville
http://www.meetup.com/cities/gb/43/bradley/;Bradley;bradley
http://www.meetup.com/cities/gb/43/bradmore/;Bradmore;bradmore
http://www.meetup.com/cities/gb/43/bradnocks_marsh/;Bradnocks Marsh;bradnocks_marsh
http://www.meetup.com/cities/gb/43/brierley_hill/;Brierley Hill;brierley_hill
http://www.meetup.com/cities/gb/43/brockmoor/;Brockmoor;brockmoor
http://www.meetup.com/cities/gb/43/brownhills/;Brownhills;brownhills
http://www.meetup.com/cities/gb/43/buckland_end/;Buckland End;buckland_end
http://www.meetup.com/cities/gb/43/burton_green/;Burton Green;burton_green
http://www.meetup.com/cities/gb/43/bushbury/;Bushbury;bushbury
http://www.meetup.com/cities/gb/43/camp_hill/;Camp Hill;camp_hill
http://www.meetup.com/cities/gb/43/canwell/;Canwell;canwell
http://www.meetup.com/cities/gb/43/castle_bromwich/;Castle Bromwich;castle_bromwich
http://www.meetup.com/cities/gb/43/castlecroft/;Castlecroft;castlecroft
http://www.meetup.com/cities/gb/43/castle_vale/;Castle Vale;castle_vale
http://www.meetup.com/cities/gb/43/catherine-de-barnes/;Catherine-de-Barnes;catherine-de-barnes
http://www.meetup.com/cities/gb/43/chadwick_end/;Chadwick End;chadwick_end
http://www.meetup.com/cities/gb/43/charter_avenue_industrial_estate/;Charter Avenue Industrial Estate;charter_avenue_industrial_estate
http://www.meetup.com/cities/gb/43/chelmsley_wood/;Chelmsley Wood;chelmsley_wood
http://www.meetup.com/cities/gb/43/clayhanger/;Clayhanger;clayhanger
http://www.meetup.com/cities/gb/43/codsall/;Codsall;codsall
http://www.meetup.com/cities/gb/43/compton/;Compton;compton
http://www.meetup.com/cities/gb/43/corley/;Corley;corley
http://www.meetup.com/cities/gb/43/corngreaves_trading_estate/;Corngreaves Trading Estate;corngreaves_trading_estate
http://www.meetup.com/cities/gb/43/coseley/;Coseley;coseley
http://www.meetup.com/cities/gb/43/coven/;Coven;coven
http://www.meetup.com/cities/gb/43/coventry/;Coventry;coventry
http://www.meetup.com/cities/gb/43/coventry_walsgrave_triangle/;Coventry Walsgrave Triangle;coventry_walsgrave_triangle
http://www.meetup.com/cities/gb/43/cradley_heath/;Cradley Heath;cradley_heath
http://www.meetup.com/cities/gb/43/cross_point_business_park/;Cross Point Business Park;cross_point_business_park
http://www.meetup.com/cities/gb/43/darlaston/;Darlaston;darlaston
http://www.meetup.com/cities/gb/43/deritend/;Deritend;deritend
http://www.meetup.com/cities/gb/43/dickens_heath/;Dickens Heath;dickens_heath
http://www.meetup.com/cities/gb/43/dorridge/;Dorridge;dorridge
http://www.meetup.com/cities/gb/43/dudley/;Dudley;dudley
http://www.meetup.com/cities/gb/43/dudley_port/;Dudley Port;dudley_port
http://www.meetup.com/cities/gb/43/earlswood/;Earlswood;earlswood
http://www.meetup.com/cities/gb/43/eastern_green/;Eastern Green;eastern_green
http://www.meetup.com/cities/gb/43/edgbaston/;Edgbaston;edgbaston
http://www.meetup.com/cities/gb/43/elmdon/;Elmdon;elmdon
http://www.meetup.com/cities/gb/43/erdington/;Erdington;erdington
http://www.meetup.com/cities/gb/43/essington/;Essington;essington
http://www.meetup.com/cities/gb/43/ettingshall/;Ettingshall;ettingshall
http://www.meetup.com/cities/gb/43/ettingshall_park/;Ettingshall Park;ettingshall_park
http://www.meetup.com/cities/gb/43/fallings_park/;Fallings Park;fallings_park
http://www.meetup.com/cities/gb/43/featherstone/;Featherstone;featherstone
http://www.meetup.com/cities/gb/43/finchfield/;Finchfield;finchfield
http://www.meetup.com/cities/gb/43/fordbridge/;Fordbridge;fordbridge
http://www.meetup.com/cities/gb/43/fordhouses/;Fordhouses;fordhouses
http://www.meetup.com/cities/gb/43/four_oaks/;Four Oaks;four_oaks
http://www.meetup.com/cities/gb/43/french_walls/;French Walls;french_walls
http://www.meetup.com/cities/gb/43/friar_park/;Friar Park;friar_park
http://www.meetup.com/cities/gb/43/godiva_trading_estate/;Godiva Trading Estate;godiva_trading_estate
http://www.meetup.com/cities/gb/43/golds_hill/;Golds Hill;golds_hill
http://www.meetup.com/cities/gb/43/goldthorn_park/;Goldthorn Park;goldthorn_park
http://www.meetup.com/cities/gb/43/gornal_wood/;Gornal Wood;gornal_wood
http://www.meetup.com/cities/gb/43/great_barr/;Great Barr;great_barr
http://www.meetup.com/cities/gb/43/great_bridge/;Great Bridge;great_bridge
http://www.meetup.com/cities/gb/43/greet/;Greet;greet
http://www.meetup.com/cities/gb/43/halesowen/;Halesowen;halesowen
http://www.meetup.com/cities/gb/43/hall_green/;Hall Green;hall_green
http://www.meetup.com/cities/gb/43/hampstead_industrial_estate/;Hampstead Industrial Estate;hampstead_industrial_estate
http://www.meetup.com/cities/gb/43/hampton-in-arden/;Hampton-in-Arden;hampton-in-arden
http://www.meetup.com/cities/gb/43/handsworth/;Handsworth;handsworth
http://www.meetup.com/cities/gb/43/harborne/;Harborne;harborne
http://www.meetup.com/cities/gb/43/hasbury/;Hasbury;hasbury
http://www.meetup.com/cities/gb/43/hayley_green/;Hayley Green;hayley_green
http://www.meetup.com/cities/gb/43/heath_town/;Heath Town;heath_town
http://www.meetup.com/cities/gb/43/hill_top/;Hill Top;hill_top
http://www.meetup.com/cities/gb/43/hockley/;Hockley;hockley
http://www.meetup.com/cities/gb/43/hockley_heath/;Hockley Heath;hockley_heath
http://www.meetup.com/cities/gb/43/holford/;Holford;holford
http://www.meetup.com/cities/gb/43/holly_hall/;Holly Hall;holly_hall
http://www.meetup.com/cities/gb/43/honiley/;Honiley;honiley
http://www.meetup.com/cities/gb/43/hurst_business_park/;Hurst Business Park;hurst_business_park
http://www.meetup.com/cities/gb/43/hurst_green/;Hurst Green;hurst_green
http://www.meetup.com/cities/gb/43/kenilworth/;Kenilworth;kenilworth
http://www.meetup.com/cities/gb/43/keresley/;Keresley;keresley
http://www.meetup.com/cities/gb/43/keresley_end/;Keresley End;keresley_end
http://www.meetup.com/cities/gb/43/kings_heath/;Kings Heath;kings_heath
http://www.meetup.com/cities/gb/43/kingshurst/;Kingshurst;kingshurst
http://www.meetup.com/cities/gb/43/kings_norton/;Kings Norton;kings_norton
http://www.meetup.com/cities/gb/43/kingstanding/;Kingstanding;kingstanding
http://www.meetup.com/cities/gb/43/kingswinford/;Kingswinford;kingswinford
http://www.meetup.com/cities/gb/43/kitts_green/;Kitts Green;kitts_green
http://www.meetup.com/cities/gb/43/knowle/;Knowle;knowle
http://www.meetup.com/cities/gb/43/ladywood/;Ladywood;ladywood
http://www.meetup.com/cities/gb/43/lanesfield/;Lanesfield;lanesfield
http://www.meetup.com/cities/gb/43/lapworth/;Lapworth;lapworth
http://www.meetup.com/cities/gb/43/leamore/;Leamore;leamore
http://www.meetup.com/cities/gb/43/leofric_business_park/;Leofric Business Park;leofric_business_park
http://www.meetup.com/cities/gb/43/longbridge/;Longbridge;longbridge
http://www.meetup.com/cities/gb/43/longford/;Longford;longford
http://www.meetup.com/cities/gb/43/lower_gornal/;Lower Gornal;lower_gornal
http://www.meetup.com/cities/gb/43/lozells/;Lozells;lozells
http://www.meetup.com/cities/gb/43/lye/;Lye;lye
http://www.meetup.com/cities/gb/43/lyng/;Lyng;lyng
http://www.meetup.com/cities/gb/43/maney/;Maney;maney
http://www.meetup.com/cities/gb/43/marston_green/;Marston Green;marston_green
http://www.meetup.com/cities/gb/43/maypole/;Maypole;maypole
http://www.meetup.com/cities/gb/43/meriden/;Meriden;meriden
http://www.meetup.com/cities/gb/43/merry_hill/;Merry Hill;merry_hill
http://www.meetup.com/cities/gb/43/middlemarch_business_park/;Middlemarch Business Park;middlemarch_business_park
http://www.meetup.com/cities/gb/43/middlemore_industrial_estate/;Middlemore Industrial Estate;middlemore_industrial_estate
http://www.meetup.com/cities/gb/43/millisons_wood/;Millisons Wood;millisons_wood
http://www.meetup.com/cities/gb/43/minworth/;Minworth;minworth
http://www.meetup.com/cities/gb/43/minworth_industrial_park/;Minworth Industrial Park;minworth_industrial_park
http://www.meetup.com/cities/gb/43/moseley/;Moseley;moseley
http://www.meetup.com/cities/gb/43/moseley_village/;Moseley Village;moseley_village
http://www.meetup.com/cities/gb/43/moxley/;Moxley;moxley
http://www.meetup.com/cities/gb/43/nechells/;Nechells;nechells
http://www.meetup.com/cities/gb/43/netherton/;Netherton;netherton
http://www.meetup.com/cities/gb/43/newbridge/;Newbridge;newbridge
http://www.meetup.com/cities/gb/43/new_oscott/;New Oscott;new_oscott
http://www.meetup.com/cities/gb/43/new_shires_industrial_estate/;New Shires Industrial Estate;new_shires_industrial_estate
http://www.meetup.com/cities/gb/43/newtown/;Newtown;newtown
http://www.meetup.com/cities/gb/43/ocker_hill/;Ocker Hill;ocker_hill
http://www.meetup.com/cities/gb/43/oldbury/;Oldbury;oldbury
http://www.meetup.com/cities/gb/43/oxley/;Oxley;oxley
http://www.meetup.com/cities/gb/43/parkfields/;Parkfields;parkfields
http://www.meetup.com/cities/gb/43/park_village/;Park Village;park_village
http://www.meetup.com/cities/gb/43/pelsall/;Pelsall;pelsall
http://www.meetup.com/cities/gb/43/pendeford/;Pendeford;pendeford
http://www.meetup.com/cities/gb/43/penn/;Penn;penn
http://www.meetup.com/cities/gb/43/penn_fields/;Penn Fields;penn_fields
http://www.meetup.com/cities/gb/43/pensnett/;Pensnett;pensnett
http://www.meetup.com/cities/gb/43/pensnett_trading_estate/;Pensnett Trading Estate;pensnett_trading_estate
http://www.meetup.com/cities/gb/43/perry_barr/;Perry Barr;perry_barr
http://www.meetup.com/cities/gb/43/premier_business_park/;Premier Business Park;premier_business_park
http://www.meetup.com/cities/gb/43/princes_end/;Princes End;princes_end
http://www.meetup.com/cities/gb/43/prologis_park/;Prologis Park;prologis_park
http://www.meetup.com/cities/gb/43/quarry_bank/;Quarry Bank;quarry_bank
http://www.meetup.com/cities/gb/43/quinton/;Quinton;quinton
http://www.meetup.com/cities/gb/43/rowley_regis/;Rowley Regis;rowley_regis
http://www.meetup.com/cities/gb/43/rowley_village/;Rowley Village;rowley_village
http://www.meetup.com/cities/gb/43/rushall/;Rushall;rushall
http://www.meetup.com/cities/gb/43/saltley/;Saltley;saltley
http://www.meetup.com/cities/gb/43/sandhills/;Sandhills;sandhills
http://www.meetup.com/cities/gb/43/sandwell/;Sandwell;sandwell
http://www.meetup.com/cities/gb/43/sedgley/;Sedgley;sedgley
http://www.meetup.com/cities/gb/43/selly_oak/;Selly Oak;selly_oak
http://www.meetup.com/cities/gb/43/selly_park/;Selly Park;selly_park
http://www.meetup.com/cities/gb/43/shard_end/;Shard End;shard_end
http://www.meetup.com/cities/gb/43/sheldon/;Sheldon;sheldon
http://www.meetup.com/cities/gb/43/shelfield/;Shelfield;shelfield
http://www.meetup.com/cities/gb/43/small_heath/;Small Heath;small_heath
http://www.meetup.com/cities/gb/43/smethwick/;Smethwick;smethwick
http://www.meetup.com/cities/gb/43/solihull/;Solihull;solihull
http://www.meetup.com/cities/gb/43/sparkbrook/;Sparkbrook;sparkbrook
http://www.meetup.com/cities/gb/43/sparkhill/;Sparkhill;sparkhill
http://www.meetup.com/cities/gb/43/stechford/;Stechford;stechford
http://www.meetup.com/cities/gb/43/stirchley/;Stirchley;stirchley
http://www.meetup.com/cities/gb/43/stockland_green/;Stockland Green;stockland_green
http://www.meetup.com/cities/gb/43/stonnall/;Stonnall;stonnall
http://www.meetup.com/cities/gb/43/stourbridge/;Stourbridge;stourbridge
http://www.meetup.com/cities/gb/43/stow_heath/;Stow Heath;stow_heath
http://www.meetup.com/cities/gb/43/streetly/;Streetly;streetly
http://www.meetup.com/cities/gb/43/sutton_coldfield/;Sutton Coldfield;sutton_coldfield
http://www.meetup.com/cities/gb/43/sutton_new_hall/;Sutton New Hall;sutton_new_hall
http://www.meetup.com/cities/gb/43/sutton_park/;Sutton Park;sutton_park
http://www.meetup.com/cities/gb/43/swan_village/;Swan Village;swan_village
http://www.meetup.com/cities/gb/43/tettenhall/;Tettenhall;tettenhall
http://www.meetup.com/cities/gb/43/tettenhall_wood/;Tettenhall Wood;tettenhall_wood
http://www.meetup.com/cities/gb/43/tidbury_green/;Tidbury Green;tidbury_green
http://www.meetup.com/cities/gb/43/tipton/;Tipton;tipton
http://www.meetup.com/cities/gb/43/tividale/;Tividale;tividale
http://www.meetup.com/cities/gb/43/tyseley/;Tyseley;tyseley
http://www.meetup.com/cities/gb/43/upper_gornal/;Upper Gornal;upper_gornal
http://www.meetup.com/cities/gb/43/vauxhall/;Vauxhall;vauxhall
http://www.meetup.com/cities/gb/43/wallbrook/;Wallbrook;wallbrook
http://www.meetup.com/cities/gb/43/wall_heath/;Wall Heath;wall_heath
http://www.meetup.com/cities/gb/43/walsall/;Walsall;walsall
http://www.meetup.com/cities/gb/43/walsall_wood/;Walsall Wood;walsall_wood
http://www.meetup.com/cities/gb/43/walsgrave/;Walsgrave;walsgrave
http://www.meetup.com/cities/gb/43/walsgrave_on_sowe/;Walsgrave on Sowe;walsgrave_on_sowe
http://www.meetup.com/cities/gb/43/walsgrave_retail_park/;Walsgrave Retail Park;walsgrave_retail_park
http://www.meetup.com/cities/gb/43/ward_end/;Ward End;ward_end
http://www.meetup.com/cities/gb/43/washwood_heath/;Washwood Heath;washwood_heath
http://www.meetup.com/cities/gb/43/wednesbury/;Wednesbury;wednesbury
http://www.meetup.com/cities/gb/43/wednesfield/;Wednesfield;wednesfield
http://www.meetup.com/cities/gb/43/weoley_castle/;Weoley Castle;weoley_castle
http://www.meetup.com/cities/gb/43/wergs/;Wergs;wergs
http://www.meetup.com/cities/gb/43/west_bromwich/;West Bromwich;west_bromwich
http://www.meetup.com/cities/gb/43/westcroft/;Westcroft;westcroft
http://www.meetup.com/cities/gb/43/westwood_business_park/;Westwood Business Park;westwood_business_park
http://www.meetup.com/cities/gb/43/willenhall/;Willenhall;willenhall
http://www.meetup.com/cities/gb/43/winson_green/;Winson Green;winson_green
http://www.meetup.com/cities/gb/43/wishaw/;Wishaw;wishaw
http://www.meetup.com/cities/gb/43/witton/;Witton;witton
http://www.meetup.com/cities/gb/43/wollaston/;Wollaston;wollaston
http://www.meetup.com/cities/gb/43/wollescote/;Wollescote;wollescote
http://www.meetup.com/cities/gb/43/wolverhampton/;Wolverhampton;wolverhampton
http://www.meetup.com/cities/gb/43/woodcross/;Woodcross;woodcross
http://www.meetup.com/cities/gb/43/woodgate/;Woodgate;woodgate
http://www.meetup.com/cities/gb/43/woodsetton/;Woodsetton;woodsetton
http://www.meetup.com/cities/gb/43/wordsley/;Wordsley;wordsley
http://www.meetup.com/cities/gb/43/wylde_green/;Wylde Green;wylde_green
http://www.meetup.com/cities/gb/43/yardley/;Yardley;yardley
http://www.meetup.com/cities/gb/43/yardley_wood/;Yardley Wood;yardley_wood
http://www.meetup.com/cities/gb/43/yew_tree_estate/;Yew Tree Estate;yew_tree_estate
