http://www.meetup.com/cities/gb/f7/abbeydore/;Abbeydore;abbeydore
http://www.meetup.com/cities/gb/f7/aconbury/;Aconbury;aconbury
http://www.meetup.com/cities/gb/f7/acton_beauchamp/;Acton Beauchamp;acton_beauchamp
http://www.meetup.com/cities/gb/f7/adforton/;Adforton;adforton
http://www.meetup.com/cities/gb/f7/adleymoor/;Adleymoor;adleymoor
http://www.meetup.com/cities/gb/f7/allensmore/;Allensmore;allensmore
http://www.meetup.com/cities/gb/f7/almeley/;Almeley;almeley
http://www.meetup.com/cities/gb/f7/archenfield/;Archenfield;archenfield
http://www.meetup.com/cities/gb/f7/ashburton_industrial_estate/;Ashburton Industrial Estate;ashburton_industrial_estate
http://www.meetup.com/cities/gb/f7/ashperton/;Ashperton;ashperton
http://www.meetup.com/cities/gb/f7/ashton/;Ashton;ashton
http://www.meetup.com/cities/gb/f7/aston/;Aston;aston
http://www.meetup.com/cities/gb/f7/aston_crews/;Aston Crews;aston_crews
http://www.meetup.com/cities/gb/f7/aston_ingham/;Aston Ingham;aston_ingham
http://www.meetup.com/cities/gb/f7/auberrow/;Auberrow;auberrow
http://www.meetup.com/cities/gb/f7/aulden/;Aulden;aulden
http://www.meetup.com/cities/gb/f7/avenbury/;Avenbury;avenbury
http://www.meetup.com/cities/gb/f7/aylton/;Aylton;aylton
http://www.meetup.com/cities/gb/f7/aymestrey/;Aymestrey;aymestrey
http://www.meetup.com/cities/gb/f7/bacton/;Bacton;bacton
http://www.meetup.com/cities/gb/f7/bailey_lane_end/;Bailey Lane End;bailey_lane_end
http://www.meetup.com/cities/gb/f7/ballingham/;Ballingham;ballingham
http://www.meetup.com/cities/gb/f7/barons_cross/;Barons Cross;barons_cross
http://www.meetup.com/cities/gb/f7/barrack_hill/;Barrack Hill;barrack_hill
http://www.meetup.com/cities/gb/f7/bartestree/;Bartestree;bartestree
http://www.meetup.com/cities/gb/f7/baysham/;Baysham;baysham
http://www.meetup.com/cities/gb/f7/bearwood/;Bearwood;bearwood
http://www.meetup.com/cities/gb/f7/becknell/;Becknell;becknell
http://www.meetup.com/cities/gb/f7/beechgrove/;Beechgrove;beechgrove
http://www.meetup.com/cities/gb/f7/belmont/;Belmont;belmont
http://www.meetup.com/cities/gb/f7/berrington/;Berrington;berrington
http://www.meetup.com/cities/gb/f7/bewdley_bank/;Bewdley Bank;bewdley_bank
http://www.meetup.com/cities/gb/f7/bicton/;Bicton;bicton
http://www.meetup.com/cities/gb/f7/bircher/;Bircher;bircher
http://www.meetup.com/cities/gb/f7/birley/;Birley;birley
http://www.meetup.com/cities/gb/f7/birtley/;Birtley;birtley
http://www.meetup.com/cities/gb/f7/bishopstone/;Bishopstone;bishopstone
http://www.meetup.com/cities/gb/f7/bishopswood/;Bishopswood;bishopswood
http://www.meetup.com/cities/gb/f7/blackbridge/;Blackbridge;blackbridge
http://www.meetup.com/cities/gb/f7/blakemere/;Blakemere;blakemere
http://www.meetup.com/cities/gb/f7/bleathwood/;Bleathwood;bleathwood
http://www.meetup.com/cities/gb/f7/bobblestock/;Bobblestock;bobblestock
http://www.meetup.com/cities/gb/f7/bodenham/;Bodenham;bodenham
http://www.meetup.com/cities/gb/f7/bolstone/;Bolstone;bolstone
http://www.meetup.com/cities/gb/f7/boresford/;Boresford;boresford
http://www.meetup.com/cities/gb/f7/bosbury/;Bosbury;bosbury
http://www.meetup.com/cities/gb/f7/bradlow/;Bradlow;bradlow
http://www.meetup.com/cities/gb/f7/bradnor/;Bradnor;bradnor
http://www.meetup.com/cities/gb/f7/brampton_abbotts/;Brampton Abbotts;brampton_abbotts
http://www.meetup.com/cities/gb/f7/brampton_bryan/;Brampton Bryan;brampton_bryan
http://www.meetup.com/cities/gb/f7/bredenbury/;Bredenbury;bredenbury
http://www.meetup.com/cities/gb/f7/bredward/;Bredward;bredward
http://www.meetup.com/cities/gb/f7/bredwardine/;Bredwardine;bredwardine
http://www.meetup.com/cities/gb/f7/breinton/;Breinton;breinton
http://www.meetup.com/cities/gb/f7/bridge_sollars/;Bridge Sollars;bridge_sollars
http://www.meetup.com/cities/gb/f7/bridstow/;Bridstow;bridstow
http://www.meetup.com/cities/gb/f7/brierley/;Brierley;brierley
http://www.meetup.com/cities/gb/f7/brierley_hill/;Brierley Hill;brierley_hill
http://www.meetup.com/cities/gb/f7/brimfield/;Brimfield;brimfield
http://www.meetup.com/cities/gb/f7/bringsty/;Bringsty;bringsty
http://www.meetup.com/cities/gb/f7/brinsop/;Brinsop;brinsop
http://www.meetup.com/cities/gb/f7/broad_oak/;Broad Oak;broad_oak
http://www.meetup.com/cities/gb/f7/broadward/;Broadward;broadward
http://www.meetup.com/cities/gb/f7/brobury/;Brobury;brobury
http://www.meetup.com/cities/gb/f7/brockhampton/;Brockhampton;brockhampton
http://www.meetup.com/cities/gb/f7/brockmanton/;Brockmanton;brockmanton
http://www.meetup.com/cities/gb/f7/bromsash/;Bromsash;bromsash
http://www.meetup.com/cities/gb/f7/bromsberrow_heath/;Bromsberrow Heath;bromsberrow_heath
http://www.meetup.com/cities/gb/f7/bromyard/;Bromyard;bromyard
http://www.meetup.com/cities/gb/f7/broxwood/;Broxwood;broxwood
http://www.meetup.com/cities/gb/f7/buckenhill/;Buckenhill;buckenhill
http://www.meetup.com/cities/gb/f7/buckton/;Buckton;buckton
http://www.meetup.com/cities/gb/f7/bullinghope/;Bullinghope;bullinghope
http://www.meetup.com/cities/gb/f7/bullocks_mill/;Bullocks Mill;bullocks_mill
http://www.meetup.com/cities/gb/f7/burcott/;Burcott;burcott
http://www.meetup.com/cities/gb/f7/burghill/;Burghill;burghill
http://www.meetup.com/cities/gb/f7/burley_gate/;Burley Gate;burley_gate
http://www.meetup.com/cities/gb/f7/burrington/;Burrington;burrington
http://www.meetup.com/cities/gb/f7/bush_bank/;Bush Bank;bush_bank
http://www.meetup.com/cities/gb/f7/byford/;Byford;byford
http://www.meetup.com/cities/gb/f7/byton/;Byton;byton
http://www.meetup.com/cities/gb/f7/callow/;Callow;callow
http://www.meetup.com/cities/gb/f7/canon_bridge/;Canon Bridge;canon_bridge
http://www.meetup.com/cities/gb/f7/canon_frome/;Canon Frome;canon_frome
http://www.meetup.com/cities/gb/f7/canon_pyon/;Canon Pyon;canon_pyon
http://www.meetup.com/cities/gb/f7/carey/;Carey;carey
http://www.meetup.com/cities/gb/f7/castle_frome/;Castle Frome;castle_frome
http://www.meetup.com/cities/gb/f7/catley/;Catley;catley
http://www.meetup.com/cities/gb/f7/checkley/;Checkley;checkley
http://www.meetup.com/cities/gb/f7/chickward/;Chickward;chickward
http://www.meetup.com/cities/gb/f7/chilstone/;Chilstone;chilstone
http://www.meetup.com/cities/gb/f7/cholstrey/;Cholstrey;cholstrey
http://www.meetup.com/cities/gb/f7/clehonger/;Clehonger;clehonger
http://www.meetup.com/cities/gb/f7/clifford/;Clifford;clifford
http://www.meetup.com/cities/gb/f7/cobnash/;Cobnash;cobnash
http://www.meetup.com/cities/gb/f7/coddington/;Coddington;coddington
http://www.meetup.com/cities/gb/f7/collington/;Collington;collington
http://www.meetup.com/cities/gb/f7/comberton/;Comberton;comberton
http://www.meetup.com/cities/gb/f7/coombe/;Coombe;coombe
http://www.meetup.com/cities/gb/f7/coombes_moor/;Coombes Moor;coombes_moor
http://www.meetup.com/cities/gb/f7/coughton/;Coughton;coughton
http://www.meetup.com/cities/gb/f7/craswall/;Craswall;craswall
http://www.meetup.com/cities/gb/f7/credenhill/;Credenhill;credenhill
http://www.meetup.com/cities/gb/f7/croft/;Croft;croft
http://www.meetup.com/cities/gb/f7/croft_lane/;Croft Lane;croft_lane
http://www.meetup.com/cities/gb/f7/cross_keys/;Cross Keys;cross_keys
http://www.meetup.com/cities/gb/f7/dadnor/;Dadnor;dadnor
http://www.meetup.com/cities/gb/f7/dancing_green/;Dancing Green;dancing_green
http://www.meetup.com/cities/gb/f7/deepdean/;Deepdean;deepdean
http://www.meetup.com/cities/gb/f7/deerfold/;Deerfold;deerfold
http://www.meetup.com/cities/gb/f7/didley/;Didley;didley
http://www.meetup.com/cities/gb/f7/dilwyn/;Dilwyn;dilwyn
http://www.meetup.com/cities/gb/f7/dinedor/;Dinedor;dinedor
http://www.meetup.com/cities/gb/f7/dinmore/;Dinmore;dinmore
http://www.meetup.com/cities/gb/f7/docklow/;Docklow;docklow
http://www.meetup.com/cities/gb/f7/donnington/;Donnington;donnington
http://www.meetup.com/cities/gb/f7/dormington/;Dormington;dormington
http://www.meetup.com/cities/gb/f7/dorstone/;Dorstone;dorstone
http://www.meetup.com/cities/gb/f7/downton_castle/;Downton Castle;downton_castle
http://www.meetup.com/cities/gb/f7/downton-on-the-rock/;Downton-on-the-Rock;downton-on-the-rock
http://www.meetup.com/cities/gb/f7/drybrook/;Drybrook;drybrook
http://www.meetup.com/cities/gb/f7/dulas/;Dulas;dulas
http://www.meetup.com/cities/gb/f7/dunfield/;Dunfield;dunfield
http://www.meetup.com/cities/gb/f7/durlow/;Durlow;durlow
http://www.meetup.com/cities/gb/f7/eardisland/;Eardisland;eardisland
http://www.meetup.com/cities/gb/f7/eardisley/;Eardisley;eardisley
http://www.meetup.com/cities/gb/f7/easthampton/;Easthampton;easthampton
http://www.meetup.com/cities/gb/f7/eastnor/;Eastnor;eastnor
http://www.meetup.com/cities/gb/f7/eastwood/;Eastwood;eastwood
http://www.meetup.com/cities/gb/f7/eaton_bishop/;Eaton Bishop;eaton_bishop
http://www.meetup.com/cities/gb/f7/eau_withington/;Eau Withington;eau_withington
http://www.meetup.com/cities/gb/f7/ebnall/;Ebnall;ebnall
http://www.meetup.com/cities/gb/f7/edvin_loach/;Edvin Loach;edvin_loach
http://www.meetup.com/cities/gb/f7/edwyn_ralph/;Edwyn Ralph;edwyn_ralph
http://www.meetup.com/cities/gb/f7/elms_green/;Elms Green;elms_green
http://www.meetup.com/cities/gb/f7/elton/;Elton;elton
http://www.meetup.com/cities/gb/f7/endale/;Endale;endale
http://www.meetup.com/cities/gb/f7/ewyas_harold/;Ewyas Harold;ewyas_harold
http://www.meetup.com/cities/gb/f7/eye/;Eye;eye
http://www.meetup.com/cities/gb/f7/eyton/;Eyton;eyton
http://www.meetup.com/cities/gb/f7/fair_mile/;Fair Mile;fair_mile
http://www.meetup.com/cities/gb/f7/fawley/;Fawley;fawley
http://www.meetup.com/cities/gb/f7/felton/;Felton;felton
http://www.meetup.com/cities/gb/f7/five_bridges/;Five Bridges;five_bridges
http://www.meetup.com/cities/gb/f7/flaggoners_green/;Flaggoners Green;flaggoners_green
http://www.meetup.com/cities/gb/f7/floodgates/;Floodgates;floodgates
http://www.meetup.com/cities/gb/f7/ford_bridge/;Ford Bridge;ford_bridge
http://www.meetup.com/cities/gb/f7/forest_green/;Forest Green;forest_green
http://www.meetup.com/cities/gb/f7/fownhope/;Fownhope;fownhope
http://www.meetup.com/cities/gb/f7/foy/;Foy;foy
http://www.meetup.com/cities/gb/f7/fromes_hill/;Fromes Hill;fromes_hill
http://www.meetup.com/cities/gb/f7/ganarew/;Ganarew;ganarew
http://www.meetup.com/cities/gb/f7/garway/;Garway;garway
http://www.meetup.com/cities/gb/f7/garway_hill/;Garway Hill;garway_hill
http://www.meetup.com/cities/gb/f7/gatsford/;Gatsford;gatsford
http://www.meetup.com/cities/gb/f7/glewstone/;Glewstone;glewstone
http://www.meetup.com/cities/gb/f7/goodrich/;Goodrich;goodrich
http://www.meetup.com/cities/gb/f7/gorsley/;Gorsley;gorsley
http://www.meetup.com/cities/gb/f7/gorsty/;Gorsty;gorsty
http://www.meetup.com/cities/gb/f7/grafton/;Grafton;grafton
http://www.meetup.com/cities/gb/f7/great_doward/;Great Doward;great_doward
http://www.meetup.com/cities/gb/f7/green_crize/;Green Crize;green_crize
http://www.meetup.com/cities/gb/f7/greenway/;Greenway;greenway
http://www.meetup.com/cities/gb/f7/greytree/;Greytree;greytree
http://www.meetup.com/cities/gb/f7/grove_common/;Grove Common;grove_common
http://www.meetup.com/cities/gb/f7/halmonds_frome/;Halmonds Frome;halmonds_frome
http://www.meetup.com/cities/gb/f7/hamnish/;Hamnish;hamnish
http://www.meetup.com/cities/gb/f7/hampton_bishop/;Hampton Bishop;hampton_bishop
http://www.meetup.com/cities/gb/f7/hampton_charles/;Hampton Charles;hampton_charles
http://www.meetup.com/cities/gb/f7/hardwicke/;Hardwicke;hardwicke
http://www.meetup.com/cities/gb/f7/harewood_end/;Harewood End;harewood_end
http://www.meetup.com/cities/gb/f7/hatfield/;Hatfield;hatfield
http://www.meetup.com/cities/gb/f7/haynall/;Haynall;haynall
http://www.meetup.com/cities/gb/f7/haywood/;Haywood;haywood
http://www.meetup.com/cities/gb/f7/headlands/;Headlands;headlands
http://www.meetup.com/cities/gb/f7/hennor/;Hennor;hennor
http://www.meetup.com/cities/gb/f7/hentland/;Hentland;hentland
http://www.meetup.com/cities/gb/f7/hereford/;Hereford;hereford
http://www.meetup.com/cities/gb/f7/hildersley/;Hildersley;hildersley
http://www.meetup.com/cities/gb/f7/hillgates/;Hillgates;hillgates
http://www.meetup.com/cities/gb/f7/hill_hampton/;Hill Hampton;hill_hampton
http://www.meetup.com/cities/gb/f7/hoarwithy/;Hoarwithy;hoarwithy
http://www.meetup.com/cities/gb/f7/holme_lacy/;Holme Lacy;holme_lacy
http://www.meetup.com/cities/gb/f7/holme_marsh/;Holme Marsh;holme_marsh
http://www.meetup.com/cities/gb/f7/holmer/;Holmer;holmer
http://www.meetup.com/cities/gb/f7/hom_green/;Hom Green;hom_green
http://www.meetup.com/cities/gb/f7/hoovers_lane/;Hoovers Lane;hoovers_lane
http://www.meetup.com/cities/gb/f7/hope_mansell/;Hope Mansell;hope_mansell
http://www.meetup.com/cities/gb/f7/hope-under-dinmore/;Hope-under-Dinmore;hope-under-dinmore
http://www.meetup.com/cities/gb/f7/how_caple/;How Caple;how_caple
http://www.meetup.com/cities/gb/f7/howle_hill/;Howle Hill;howle_hill
http://www.meetup.com/cities/gb/f7/huntington/;Huntington;huntington
http://www.meetup.com/cities/gb/f7/hyde_ash/;Hyde Ash;hyde_ash
http://www.meetup.com/cities/gb/f7/ivington/;Ivington;ivington
http://www.meetup.com/cities/gb/f7/kenchester/;Kenchester;kenchester
http://www.meetup.com/cities/gb/f7/kentchurch/;Kentchurch;kentchurch
http://www.meetup.com/cities/gb/f7/kerne_bridge/;Kerne Bridge;kerne_bridge
http://www.meetup.com/cities/gb/f7/kerrys_gate/;Kerrys Gate;kerrys_gate
http://www.meetup.com/cities/gb/f7/kilcot/;Kilcot;kilcot
http://www.meetup.com/cities/gb/f7/kilpeck/;Kilpeck;kilpeck
http://www.meetup.com/cities/gb/f7/kimbolton/;Kimbolton;kimbolton
http://www.meetup.com/cities/gb/f7/kings_caple/;Kings Caple;kings_caple
http://www.meetup.com/cities/gb/f7/kingsland/;Kingsland;kingsland
http://www.meetup.com/cities/gb/f7/kings_pyon/;Kings Pyon;kings_pyon
http://www.meetup.com/cities/gb/f7/kingsthorne/;Kingsthorne;kingsthorne
http://www.meetup.com/cities/gb/f7/kingstone/;Kingstone;kingstone
http://www.meetup.com/cities/gb/f7/kingswood/;Kingswood;kingswood
http://www.meetup.com/cities/gb/f7/kington/;Kington;kington
http://www.meetup.com/cities/gb/f7/kinnersley/;Kinnersley;kinnersley
http://www.meetup.com/cities/gb/f7/kinsham/;Kinsham;kinsham
http://www.meetup.com/cities/gb/f7/kinton/;Kinton;kinton
http://www.meetup.com/cities/gb/f7/knapton/;Knapton;knapton
http://www.meetup.com/cities/gb/f7/knill/;Knill;knill
http://www.meetup.com/cities/gb/f7/kynaston/;Kynaston;kynaston
http://www.meetup.com/cities/gb/f7/lea/;Lea;lea
http://www.meetup.com/cities/gb/f7/lea_bailey/;Lea Bailey;lea_bailey
http://www.meetup.com/cities/gb/f7/ledbury/;Ledbury;ledbury
http://www.meetup.com/cities/gb/f7/leddington/;Leddington;leddington
http://www.meetup.com/cities/gb/f7/leinthall_earls/;Leinthall Earls;leinthall_earls
http://www.meetup.com/cities/gb/f7/leinthall_starkes/;Leinthall Starkes;leinthall_starkes
http://www.meetup.com/cities/gb/f7/leominster/;Leominster;leominster
http://www.meetup.com/cities/gb/f7/leominster_enterprise_park/;Leominster Enterprise Park;leominster_enterprise_park
http://www.meetup.com/cities/gb/f7/letton/;Letton;letton
http://www.meetup.com/cities/gb/f7/leys_hill/;Leys Hill;leys_hill
http://www.meetup.com/cities/gb/f7/leysters/;Leysters;leysters
http://www.meetup.com/cities/gb/f7/lincoln_hill/;Lincoln Hill;lincoln_hill
http://www.meetup.com/cities/gb/f7/lingen/;Lingen;lingen
http://www.meetup.com/cities/gb/f7/linton/;Linton;linton
http://www.meetup.com/cities/gb/f7/little_birch/;Little Birch;little_birch
http://www.meetup.com/cities/gb/f7/little_cowarne/;Little Cowarne;little_cowarne
http://www.meetup.com/cities/gb/f7/little_dewchurch/;Little Dewchurch;little_dewchurch
http://www.meetup.com/cities/gb/f7/little_doward/;Little Doward;little_doward
http://www.meetup.com/cities/gb/f7/little_marcle/;Little Marcle;little_marcle
http://www.meetup.com/cities/gb/f7/little_tarrington/;Little Tarrington;little_tarrington
http://www.meetup.com/cities/gb/f7/little_tedney/;Little Tedney;little_tedney
http://www.meetup.com/cities/gb/f7/llancloudy/;Llancloudy;llancloudy
http://www.meetup.com/cities/gb/f7/llandinabo/;Llandinabo;llandinabo
http://www.meetup.com/cities/gb/f7/llangarron/;Llangarron;llangarron
http://www.meetup.com/cities/gb/f7/llangrove/;Llangrove;llangrove
http://www.meetup.com/cities/gb/f7/llanveynoe/;Llanveynoe;llanveynoe
http://www.meetup.com/cities/gb/f7/llanwarne/;Llanwarne;llanwarne
http://www.meetup.com/cities/gb/f7/longhope/;Longhope;longhope
http://www.meetup.com/cities/gb/f7/longtown/;Longtown;longtown
http://www.meetup.com/cities/gb/f7/longworth/;Longworth;longworth
http://www.meetup.com/cities/gb/f7/lower_bullingham/;Lower Bullingham;lower_bullingham
http://www.meetup.com/cities/gb/f7/lower_burton/;Lower Burton;lower_burton
http://www.meetup.com/cities/gb/f7/lower_eggleton/;Lower Eggleton;lower_eggleton
http://www.meetup.com/cities/gb/f7/lower_grove_common/;Lower Grove Common;lower_grove_common
http://www.meetup.com/cities/gb/f7/lower_lyde/;Lower Lyde;lower_lyde
http://www.meetup.com/cities/gb/f7/lower_lye/;Lower Lye;lower_lye
http://www.meetup.com/cities/gb/f7/lower_maescoed/;Lower Maescoed;lower_maescoed
http://www.meetup.com/cities/gb/f7/lower_willey/;Lower Willey;lower_willey
http://www.meetup.com/cities/gb/f7/lucton/;Lucton;lucton
http://www.meetup.com/cities/gb/f7/lugg_bridge/;Lugg Bridge;lugg_bridge
http://www.meetup.com/cities/gb/f7/lugwardine/;Lugwardine;lugwardine
http://www.meetup.com/cities/gb/f7/lulham/;Lulham;lulham
http://www.meetup.com/cities/gb/f7/luston/;Luston;luston
http://www.meetup.com/cities/gb/f7/lyde/;Lyde;lyde
http://www.meetup.com/cities/gb/f7/lyde_cross/;Lyde Cross;lyde_cross
http://www.meetup.com/cities/gb/f7/lyne_down/;Lyne Down;lyne_down
http://www.meetup.com/cities/gb/f7/lyonshall/;Lyonshall;lyonshall
http://www.meetup.com/cities/gb/f7/madley/;Madley;madley
http://www.meetup.com/cities/gb/f7/mahollem/;Mahollem;mahollem
http://www.meetup.com/cities/gb/f7/mansel_gamage/;Mansel Gamage;mansel_gamage
http://www.meetup.com/cities/gb/f7/mansel_lacy/;Mansel Lacy;mansel_lacy
http://www.meetup.com/cities/gb/f7/marden/;Marden;marden
http://www.meetup.com/cities/gb/f7/marlas/;Marlas;marlas
http://www.meetup.com/cities/gb/f7/marlbrook/;Marlbrook;marlbrook
http://www.meetup.com/cities/gb/f7/marlow/;Marlow;marlow
http://www.meetup.com/cities/gb/f7/marston/;Marston;marston
http://www.meetup.com/cities/gb/f7/marstow/;Marstow;marstow
http://www.meetup.com/cities/gb/f7/massington/;Massington;massington
http://www.meetup.com/cities/gb/f7/mathon/;Mathon;mathon
http://www.meetup.com/cities/gb/f7/michaelchurch_escley/;Michaelchurch Escley;michaelchurch_escley
http://www.meetup.com/cities/gb/f7/middleton_on_the_hill/;Middleton on the Hill;middleton_on_the_hill
http://www.meetup.com/cities/gb/f7/moccas/;Moccas;moccas
http://www.meetup.com/cities/gb/f7/mocktree/;Mocktree;mocktree
http://www.meetup.com/cities/gb/f7/monkhide/;Monkhide;monkhide
http://www.meetup.com/cities/gb/f7/monkland/;Monkland;monkland
http://www.meetup.com/cities/gb/f7/monkland_common/;Monkland Common;monkland_common
http://www.meetup.com/cities/gb/f7/monnington_on_wye/;Monnington on Wye;monnington_on_wye
http://www.meetup.com/cities/gb/f7/moorhampton/;Moorhampton;moorhampton
http://www.meetup.com/cities/gb/f7/mordiford/;Mordiford;mordiford
http://www.meetup.com/cities/gb/f7/moreton_eye/;Moreton Eye;moreton_eye
http://www.meetup.com/cities/gb/f7/moreton_jefferies/;Moreton Jefferies;moreton_jefferies
http://www.meetup.com/cities/gb/f7/moreton-on-lugg/;Moreton-on-Lugg;moreton-on-lugg
http://www.meetup.com/cities/gb/f7/mortimers_cross/;Mortimers Cross;mortimers_cross
http://www.meetup.com/cities/gb/f7/much_birch/;Much Birch;much_birch
http://www.meetup.com/cities/gb/f7/much_cowarne/;Much Cowarne;much_cowarne
http://www.meetup.com/cities/gb/f7/much_dewchurch/;Much Dewchurch;much_dewchurch
http://www.meetup.com/cities/gb/f7/much_marcle/;Much Marcle;much_marcle
http://www.meetup.com/cities/gb/f7/munderfield/;Munderfield;munderfield
http://www.meetup.com/cities/gb/f7/munsley/;Munsley;munsley
http://www.meetup.com/cities/gb/f7/munstone/;Munstone;munstone
http://www.meetup.com/cities/gb/f7/nash/;Nash;nash
http://www.meetup.com/cities/gb/f7/netherton/;Netherton;netherton
http://www.meetup.com/cities/gb/f7/newton/;Newton;newton
http://www.meetup.com/cities/gb/f7/newton_st_margarets/;Newton St Margarets;newton_st_margarets
http://www.meetup.com/cities/gb/f7/newtown/;Newtown;newtown
http://www.meetup.com/cities/gb/f7/nordan/;Nordan;nordan
http://www.meetup.com/cities/gb/f7/norton/;Norton;norton
http://www.meetup.com/cities/gb/f7/norton_canon/;Norton Canon;norton_canon
http://www.meetup.com/cities/gb/f7/nunnington/;Nunnington;nunnington
http://www.meetup.com/cities/gb/f7/ocle_pychard/;Ocle Pychard;ocle_pychard
http://www.meetup.com/cities/gb/f7/old_gore/;Old Gore;old_gore
http://www.meetup.com/cities/gb/f7/orcop/;Orcop;orcop
http://www.meetup.com/cities/gb/f7/orleton/;Orleton;orleton
http://www.meetup.com/cities/gb/f7/overross_industrial_estate/;Overross Industrial Estate;overross_industrial_estate
http://www.meetup.com/cities/gb/f7/palmers_flats/;Palmers Flats;palmers_flats
http://www.meetup.com/cities/gb/f7/parkway/;Parkway;parkway
http://www.meetup.com/cities/gb/f7/parrowfield/;Parrowfield;parrowfield
http://www.meetup.com/cities/gb/f7/pembridge/;Pembridge;pembridge
http://www.meetup.com/cities/gb/f7/pencombe/;Pencombe;pencombe
http://www.meetup.com/cities/gb/f7/pencraig/;Pencraig;pencraig
http://www.meetup.com/cities/gb/f7/perrystone_hill/;Perrystone Hill;perrystone_hill
http://www.meetup.com/cities/gb/f7/perton/;Perton;perton
http://www.meetup.com/cities/gb/f7/peterchurch/;Peterchurch;peterchurch
http://www.meetup.com/cities/gb/f7/peterstow/;Peterstow;peterstow
http://www.meetup.com/cities/gb/f7/petty_france/;Petty France;petty_france
http://www.meetup.com/cities/gb/f7/phocle_green/;Phocle Green;phocle_green
http://www.meetup.com/cities/gb/f7/picts_cross/;Picts Cross;picts_cross
http://www.meetup.com/cities/gb/f7/pipe_aston/;Pipe Aston;pipe_aston
http://www.meetup.com/cities/gb/f7/pixley/;Pixley;pixley
http://www.meetup.com/cities/gb/f7/pontrilas/;Pontrilas;pontrilas
http://www.meetup.com/cities/gb/f7/pontshill/;Pontshill;pontshill
http://www.meetup.com/cities/gb/f7/portway/;Portway;portway
http://www.meetup.com/cities/gb/f7/preston-on-wye/;Preston-on-Wye;preston-on-wye
http://www.meetup.com/cities/gb/f7/preston_wynne/;Preston Wynne;preston_wynne
http://www.meetup.com/cities/gb/f7/priors_frome/;Priors Frome;priors_frome
http://www.meetup.com/cities/gb/f7/putley/;Putley;putley
http://www.meetup.com/cities/gb/f7/redhill/;Redhill;redhill
http://www.meetup.com/cities/gb/f7/ridgehill/;Ridgehill;ridgehill
http://www.meetup.com/cities/gb/f7/risbury/;Risbury;risbury
http://www.meetup.com/cities/gb/f7/roddhurst/;Roddhurst;roddhurst
http://www.meetup.com/cities/gb/f7/ross-on-wye/;Ross-on-Wye;ross-on-wye
http://www.meetup.com/cities/gb/f7/rotherwas/;Rotherwas;rotherwas
http://www.meetup.com/cities/gb/f7/rotherwas_industrial_estate/;Rotherwas Industrial Estate;rotherwas_industrial_estate
http://www.meetup.com/cities/gb/f7/rowlestone/;Rowlestone;rowlestone
http://www.meetup.com/cities/gb/f7/rudge_pitch/;Rudge Pitch;rudge_pitch
http://www.meetup.com/cities/gb/f7/rushall/;Rushall;rushall
http://www.meetup.com/cities/gb/f7/rushock/;Rushock;rushock
http://www.meetup.com/cities/gb/f7/ryeford/;Ryeford;ryeford
http://www.meetup.com/cities/gb/f7/ryelands/;Ryelands;ryelands
http://www.meetup.com/cities/gb/f7/sarnesfield/;Sarnesfield;sarnesfield
http://www.meetup.com/cities/gb/f7/sellack/;Sellack;sellack
http://www.meetup.com/cities/gb/f7/shelwick/;Shelwick;shelwick
http://www.meetup.com/cities/gb/f7/shirlheath/;Shirlheath;shirlheath
http://www.meetup.com/cities/gb/f7/shobdon/;Shobdon;shobdon
http://www.meetup.com/cities/gb/f7/shucknall/;Shucknall;shucknall
http://www.meetup.com/cities/gb/f7/shucknall_hill/;Shucknall Hill;shucknall_hill
http://www.meetup.com/cities/gb/f7/snodhill/;Snodhill;snodhill
http://www.meetup.com/cities/gb/f7/sollers_hope/;Sollers Hope;sollers_hope
http://www.meetup.com/cities/gb/f7/spond/;Spond;spond
http://www.meetup.com/cities/gb/f7/stag_batch/;Stag Batch;stag_batch
http://www.meetup.com/cities/gb/f7/stanford_bishop/;Stanford Bishop;stanford_bishop
http://www.meetup.com/cities/gb/f7/stansbatch/;Stansbatch;stansbatch
http://www.meetup.com/cities/gb/f7/stapleton/;Stapleton;stapleton
http://www.meetup.com/cities/gb/f7/staplow/;Staplow;staplow
http://www.meetup.com/cities/gb/f7/staunton-on-arrow/;Staunton-on-Arrow;staunton-on-arrow
http://www.meetup.com/cities/gb/f7/staunton-on-wye/;Staunton-on-Wye;staunton-on-wye
http://www.meetup.com/cities/gb/f7/st_devereux/;St Devereux;st_devereux
http://www.meetup.com/cities/gb/f7/steensbridge/;Steensbridge;steensbridge
http://www.meetup.com/cities/gb/f7/st_martins/;St Martins;st_martins
http://www.meetup.com/cities/gb/f7/stoke_edith/;Stoke Edith;stoke_edith
http://www.meetup.com/cities/gb/f7/stoke_lacy/;Stoke Lacy;stoke_lacy
http://www.meetup.com/cities/gb/f7/stoke_prior/;Stoke Prior;stoke_prior
http://www.meetup.com/cities/gb/f7/st_owens_cross/;St Owens Cross;st_owens_cross
http://www.meetup.com/cities/gb/f7/strangford/;Strangford;strangford
http://www.meetup.com/cities/gb/f7/stretford/;Stretford;stretford
http://www.meetup.com/cities/gb/f7/stretton_grandison/;Stretton Grandison;stretton_grandison
http://www.meetup.com/cities/gb/f7/stretton_sugwas/;Stretton Sugwas;stretton_sugwas
http://www.meetup.com/cities/gb/f7/st_weonards/;St Weonards;st_weonards
http://www.meetup.com/cities/gb/f7/sunset/;Sunset;sunset
http://www.meetup.com/cities/gb/f7/sutton_lakes/;Sutton Lakes;sutton_lakes
http://www.meetup.com/cities/gb/f7/sutton_st_nicholas/;Sutton St Nicholas;sutton_st_nicholas
http://www.meetup.com/cities/gb/f7/swainshill/;Swainshill;swainshill
http://www.meetup.com/cities/gb/f7/symonds_yat/;Symonds Yat;symonds_yat
http://www.meetup.com/cities/gb/f7/tarrington/;Tarrington;tarrington
http://www.meetup.com/cities/gb/f7/tedstone_delamere/;Tedstone Delamere;tedstone_delamere
http://www.meetup.com/cities/gb/f7/the_doward/;The Doward;the_doward
http://www.meetup.com/cities/gb/f7/the_downs/;The Downs;the_downs
http://www.meetup.com/cities/gb/f7/the_goggin/;The Goggin;the_goggin
http://www.meetup.com/cities/gb/f7/the_rodd/;The Rodd;the_rodd
http://www.meetup.com/cities/gb/f7/thornbury/;Thornbury;thornbury
http://www.meetup.com/cities/gb/f7/three_ashes/;Three Ashes;three_ashes
http://www.meetup.com/cities/gb/f7/three_elms/;Three Elms;three_elms
http://www.meetup.com/cities/gb/f7/thruxton/;Thruxton;thruxton
http://www.meetup.com/cities/gb/f7/tillington/;Tillington;tillington
http://www.meetup.com/cities/gb/f7/titley/;Titley;titley
http://www.meetup.com/cities/gb/f7/toddings/;Toddings;toddings
http://www.meetup.com/cities/gb/f7/tram_inn/;Tram Inn;tram_inn
http://www.meetup.com/cities/gb/f7/trumpet/;Trumpet;trumpet
http://www.meetup.com/cities/gb/f7/tudorville/;Tudorville;tudorville
http://www.meetup.com/cities/gb/f7/twyford/;Twyford;twyford
http://www.meetup.com/cities/gb/f7/tyberton/;Tyberton;tyberton
http://www.meetup.com/cities/gb/f7/ullingswick/;Ullingswick;ullingswick
http://www.meetup.com/cities/gb/f7/uphampton/;Uphampton;uphampton
http://www.meetup.com/cities/gb/f7/upper_colwall/;Upper Colwall;upper_colwall
http://www.meetup.com/cities/gb/f7/upper_dormington/;Upper Dormington;upper_dormington
http://www.meetup.com/cities/gb/f7/upper_hergest/;Upper Hergest;upper_hergest
http://www.meetup.com/cities/gb/f7/upper_hill/;Upper Hill;upper_hill
http://www.meetup.com/cities/gb/f7/upper_ivington/;Upper Ivington;upper_ivington
http://www.meetup.com/cities/gb/f7/upper_lyde/;Upper Lyde;upper_lyde
http://www.meetup.com/cities/gb/f7/upton_bishop/;Upton Bishop;upton_bishop
http://www.meetup.com/cities/gb/f7/urishay/;Urishay;urishay
http://www.meetup.com/cities/gb/f7/vowchurch/;Vowchurch;vowchurch
http://www.meetup.com/cities/gb/f7/walford/;Walford;walford
http://www.meetup.com/cities/gb/f7/walterstone/;Walterstone;walterstone
http://www.meetup.com/cities/gb/f7/weir_end/;Weir End;weir_end
http://www.meetup.com/cities/gb/f7/wellington/;Wellington;wellington
http://www.meetup.com/cities/gb/f7/wellington_heath/;Wellington Heath;wellington_heath
http://www.meetup.com/cities/gb/f7/welsh_bicknor/;Welsh Bicknor;welsh_bicknor
http://www.meetup.com/cities/gb/f7/welsh_newton/;Welsh Newton;welsh_newton
http://www.meetup.com/cities/gb/f7/welsh_newton_common/;Welsh Newton Common;welsh_newton_common
http://www.meetup.com/cities/gb/f7/weobley/;Weobley;weobley
http://www.meetup.com/cities/gb/f7/westbrook/;Westbrook;westbrook
http://www.meetup.com/cities/gb/f7/westhide/;Westhide;westhide
http://www.meetup.com/cities/gb/f7/westhill/;Westhill;westhill
http://www.meetup.com/cities/gb/f7/westhope/;Westhope;westhope
http://www.meetup.com/cities/gb/f7/weston/;Weston;weston
http://www.meetup.com/cities/gb/f7/weston_beggard/;Weston Beggard;weston_beggard
http://www.meetup.com/cities/gb/f7/weston_under_penyard/;Weston under Penyard;weston_under_penyard
http://www.meetup.com/cities/gb/f7/wetmore/;Wetmore;wetmore
http://www.meetup.com/cities/gb/f7/wharton/;Wharton;wharton
http://www.meetup.com/cities/gb/f7/whitchurch/;Whitchurch;whitchurch
http://www.meetup.com/cities/gb/f7/whitestone/;Whitestone;whitestone
http://www.meetup.com/cities/gb/f7/whitfield/;Whitfield;whitfield
http://www.meetup.com/cities/gb/f7/whitton/;Whitton;whitton
http://www.meetup.com/cities/gb/f7/wigmore/;Wigmore;wigmore
http://www.meetup.com/cities/gb/f7/willersley/;Willersley;willersley
http://www.meetup.com/cities/gb/f7/willey/;Willey;willey
http://www.meetup.com/cities/gb/f7/wilton/;Wilton;wilton
http://www.meetup.com/cities/gb/f7/winforton/;Winforton;winforton
http://www.meetup.com/cities/gb/f7/winnal/;Winnal;winnal
http://www.meetup.com/cities/gb/f7/winslow/;Winslow;winslow
http://www.meetup.com/cities/gb/f7/withington/;Withington;withington
http://www.meetup.com/cities/gb/f7/wolferlow/;Wolferlow;wolferlow
http://www.meetup.com/cities/gb/f7/woodend/;Woodend;woodend
http://www.meetup.com/cities/gb/f7/woodredding/;Woodredding;woodredding
http://www.meetup.com/cities/gb/f7/woolhope/;Woolhope;woolhope
http://www.meetup.com/cities/gb/f7/woonton/;Woonton;woonton
http://www.meetup.com/cities/gb/f7/wormbridge/;Wormbridge;wormbridge
http://www.meetup.com/cities/gb/f7/wormelow/;Wormelow;wormelow
http://www.meetup.com/cities/gb/f7/wormsley/;Wormsley;wormsley
http://www.meetup.com/cities/gb/f7/wrigglebrook/;Wrigglebrook;wrigglebrook
http://www.meetup.com/cities/gb/f7/yarkhill/;Yarkhill;yarkhill
http://www.meetup.com/cities/gb/f7/yarpole/;Yarpole;yarpole
http://www.meetup.com/cities/gb/f7/yarsop/;Yarsop;yarsop
http://www.meetup.com/cities/gb/f7/yatton/;Yatton;yatton
http://www.meetup.com/cities/gb/f7/yazor/;Yazor;yazor
http://www.meetup.com/cities/gb/f7/abbeydore/;Abbeydore;abbeydore
http://www.meetup.com/cities/gb/f7/aconbury/;Aconbury;aconbury
http://www.meetup.com/cities/gb/f7/acton_beauchamp/;Acton Beauchamp;acton_beauchamp
http://www.meetup.com/cities/gb/f7/adforton/;Adforton;adforton
http://www.meetup.com/cities/gb/f7/adleymoor/;Adleymoor;adleymoor
http://www.meetup.com/cities/gb/f7/allensmore/;Allensmore;allensmore
http://www.meetup.com/cities/gb/f7/almeley/;Almeley;almeley
http://www.meetup.com/cities/gb/f7/archenfield/;Archenfield;archenfield
http://www.meetup.com/cities/gb/f7/ashburton_industrial_estate/;Ashburton Industrial Estate;ashburton_industrial_estate
http://www.meetup.com/cities/gb/f7/ashperton/;Ashperton;ashperton
http://www.meetup.com/cities/gb/f7/ashton/;Ashton;ashton
http://www.meetup.com/cities/gb/f7/aston/;Aston;aston
http://www.meetup.com/cities/gb/f7/aston_crews/;Aston Crews;aston_crews
http://www.meetup.com/cities/gb/f7/aston_ingham/;Aston Ingham;aston_ingham
http://www.meetup.com/cities/gb/f7/auberrow/;Auberrow;auberrow
http://www.meetup.com/cities/gb/f7/aulden/;Aulden;aulden
http://www.meetup.com/cities/gb/f7/avenbury/;Avenbury;avenbury
http://www.meetup.com/cities/gb/f7/aylton/;Aylton;aylton
http://www.meetup.com/cities/gb/f7/aymestrey/;Aymestrey;aymestrey
http://www.meetup.com/cities/gb/f7/bacton/;Bacton;bacton
http://www.meetup.com/cities/gb/f7/bailey_lane_end/;Bailey Lane End;bailey_lane_end
http://www.meetup.com/cities/gb/f7/ballingham/;Ballingham;ballingham
http://www.meetup.com/cities/gb/f7/barons_cross/;Barons Cross;barons_cross
http://www.meetup.com/cities/gb/f7/barrack_hill/;Barrack Hill;barrack_hill
http://www.meetup.com/cities/gb/f7/bartestree/;Bartestree;bartestree
http://www.meetup.com/cities/gb/f7/baysham/;Baysham;baysham
http://www.meetup.com/cities/gb/f7/bearwood/;Bearwood;bearwood
http://www.meetup.com/cities/gb/f7/becknell/;Becknell;becknell
http://www.meetup.com/cities/gb/f7/beechgrove/;Beechgrove;beechgrove
http://www.meetup.com/cities/gb/f7/belmont/;Belmont;belmont
http://www.meetup.com/cities/gb/f7/berrington/;Berrington;berrington
http://www.meetup.com/cities/gb/f7/bewdley_bank/;Bewdley Bank;bewdley_bank
http://www.meetup.com/cities/gb/f7/bicton/;Bicton;bicton
http://www.meetup.com/cities/gb/f7/bircher/;Bircher;bircher
http://www.meetup.com/cities/gb/f7/birley/;Birley;birley
http://www.meetup.com/cities/gb/f7/birtley/;Birtley;birtley
http://www.meetup.com/cities/gb/f7/bishopstone/;Bishopstone;bishopstone
http://www.meetup.com/cities/gb/f7/bishopswood/;Bishopswood;bishopswood
http://www.meetup.com/cities/gb/f7/blackbridge/;Blackbridge;blackbridge
http://www.meetup.com/cities/gb/f7/blakemere/;Blakemere;blakemere
http://www.meetup.com/cities/gb/f7/bleathwood/;Bleathwood;bleathwood
http://www.meetup.com/cities/gb/f7/bobblestock/;Bobblestock;bobblestock
http://www.meetup.com/cities/gb/f7/bodenham/;Bodenham;bodenham
http://www.meetup.com/cities/gb/f7/bolstone/;Bolstone;bolstone
http://www.meetup.com/cities/gb/f7/boresford/;Boresford;boresford
http://www.meetup.com/cities/gb/f7/bosbury/;Bosbury;bosbury
http://www.meetup.com/cities/gb/f7/bradlow/;Bradlow;bradlow
http://www.meetup.com/cities/gb/f7/bradnor/;Bradnor;bradnor
http://www.meetup.com/cities/gb/f7/brampton_abbotts/;Brampton Abbotts;brampton_abbotts
http://www.meetup.com/cities/gb/f7/brampton_bryan/;Brampton Bryan;brampton_bryan
http://www.meetup.com/cities/gb/f7/bredenbury/;Bredenbury;bredenbury
http://www.meetup.com/cities/gb/f7/bredward/;Bredward;bredward
http://www.meetup.com/cities/gb/f7/bredwardine/;Bredwardine;bredwardine
http://www.meetup.com/cities/gb/f7/breinton/;Breinton;breinton
http://www.meetup.com/cities/gb/f7/bridge_sollars/;Bridge Sollars;bridge_sollars
http://www.meetup.com/cities/gb/f7/bridstow/;Bridstow;bridstow
http://www.meetup.com/cities/gb/f7/brierley/;Brierley;brierley
http://www.meetup.com/cities/gb/f7/brierley_hill/;Brierley Hill;brierley_hill
http://www.meetup.com/cities/gb/f7/brimfield/;Brimfield;brimfield
http://www.meetup.com/cities/gb/f7/bringsty/;Bringsty;bringsty
http://www.meetup.com/cities/gb/f7/brinsop/;Brinsop;brinsop
http://www.meetup.com/cities/gb/f7/broad_oak/;Broad Oak;broad_oak
http://www.meetup.com/cities/gb/f7/broadward/;Broadward;broadward
http://www.meetup.com/cities/gb/f7/brobury/;Brobury;brobury
http://www.meetup.com/cities/gb/f7/brockhampton/;Brockhampton;brockhampton
http://www.meetup.com/cities/gb/f7/brockmanton/;Brockmanton;brockmanton
http://www.meetup.com/cities/gb/f7/bromsash/;Bromsash;bromsash
http://www.meetup.com/cities/gb/f7/bromsberrow_heath/;Bromsberrow Heath;bromsberrow_heath
http://www.meetup.com/cities/gb/f7/bromyard/;Bromyard;bromyard
http://www.meetup.com/cities/gb/f7/broxwood/;Broxwood;broxwood
http://www.meetup.com/cities/gb/f7/buckenhill/;Buckenhill;buckenhill
http://www.meetup.com/cities/gb/f7/buckton/;Buckton;buckton
http://www.meetup.com/cities/gb/f7/bullinghope/;Bullinghope;bullinghope
http://www.meetup.com/cities/gb/f7/bullocks_mill/;Bullocks Mill;bullocks_mill
http://www.meetup.com/cities/gb/f7/burcott/;Burcott;burcott
http://www.meetup.com/cities/gb/f7/burghill/;Burghill;burghill
http://www.meetup.com/cities/gb/f7/burley_gate/;Burley Gate;burley_gate
http://www.meetup.com/cities/gb/f7/burrington/;Burrington;burrington
http://www.meetup.com/cities/gb/f7/bush_bank/;Bush Bank;bush_bank
http://www.meetup.com/cities/gb/f7/byford/;Byford;byford
http://www.meetup.com/cities/gb/f7/byton/;Byton;byton
http://www.meetup.com/cities/gb/f7/callow/;Callow;callow
http://www.meetup.com/cities/gb/f7/canon_bridge/;Canon Bridge;canon_bridge
http://www.meetup.com/cities/gb/f7/canon_frome/;Canon Frome;canon_frome
http://www.meetup.com/cities/gb/f7/canon_pyon/;Canon Pyon;canon_pyon
http://www.meetup.com/cities/gb/f7/carey/;Carey;carey
http://www.meetup.com/cities/gb/f7/castle_frome/;Castle Frome;castle_frome
http://www.meetup.com/cities/gb/f7/catley/;Catley;catley
http://www.meetup.com/cities/gb/f7/checkley/;Checkley;checkley
http://www.meetup.com/cities/gb/f7/chickward/;Chickward;chickward
http://www.meetup.com/cities/gb/f7/chilstone/;Chilstone;chilstone
http://www.meetup.com/cities/gb/f7/cholstrey/;Cholstrey;cholstrey
http://www.meetup.com/cities/gb/f7/clehonger/;Clehonger;clehonger
http://www.meetup.com/cities/gb/f7/clifford/;Clifford;clifford
http://www.meetup.com/cities/gb/f7/cobnash/;Cobnash;cobnash
http://www.meetup.com/cities/gb/f7/coddington/;Coddington;coddington
http://www.meetup.com/cities/gb/f7/collington/;Collington;collington
http://www.meetup.com/cities/gb/f7/comberton/;Comberton;comberton
http://www.meetup.com/cities/gb/f7/coombe/;Coombe;coombe
http://www.meetup.com/cities/gb/f7/coombes_moor/;Coombes Moor;coombes_moor
http://www.meetup.com/cities/gb/f7/coughton/;Coughton;coughton
http://www.meetup.com/cities/gb/f7/craswall/;Craswall;craswall
http://www.meetup.com/cities/gb/f7/credenhill/;Credenhill;credenhill
http://www.meetup.com/cities/gb/f7/croft/;Croft;croft
http://www.meetup.com/cities/gb/f7/croft_lane/;Croft Lane;croft_lane
http://www.meetup.com/cities/gb/f7/cross_keys/;Cross Keys;cross_keys
http://www.meetup.com/cities/gb/f7/dadnor/;Dadnor;dadnor
http://www.meetup.com/cities/gb/f7/dancing_green/;Dancing Green;dancing_green
http://www.meetup.com/cities/gb/f7/deepdean/;Deepdean;deepdean
http://www.meetup.com/cities/gb/f7/deerfold/;Deerfold;deerfold
http://www.meetup.com/cities/gb/f7/didley/;Didley;didley
http://www.meetup.com/cities/gb/f7/dilwyn/;Dilwyn;dilwyn
http://www.meetup.com/cities/gb/f7/dinedor/;Dinedor;dinedor
http://www.meetup.com/cities/gb/f7/dinmore/;Dinmore;dinmore
http://www.meetup.com/cities/gb/f7/docklow/;Docklow;docklow
http://www.meetup.com/cities/gb/f7/donnington/;Donnington;donnington
http://www.meetup.com/cities/gb/f7/dormington/;Dormington;dormington
http://www.meetup.com/cities/gb/f7/dorstone/;Dorstone;dorstone
http://www.meetup.com/cities/gb/f7/downton_castle/;Downton Castle;downton_castle
http://www.meetup.com/cities/gb/f7/downton-on-the-rock/;Downton-on-the-Rock;downton-on-the-rock
http://www.meetup.com/cities/gb/f7/drybrook/;Drybrook;drybrook
http://www.meetup.com/cities/gb/f7/dulas/;Dulas;dulas
http://www.meetup.com/cities/gb/f7/dunfield/;Dunfield;dunfield
http://www.meetup.com/cities/gb/f7/durlow/;Durlow;durlow
http://www.meetup.com/cities/gb/f7/eardisland/;Eardisland;eardisland
http://www.meetup.com/cities/gb/f7/eardisley/;Eardisley;eardisley
http://www.meetup.com/cities/gb/f7/easthampton/;Easthampton;easthampton
http://www.meetup.com/cities/gb/f7/eastnor/;Eastnor;eastnor
http://www.meetup.com/cities/gb/f7/eastwood/;Eastwood;eastwood
http://www.meetup.com/cities/gb/f7/eaton_bishop/;Eaton Bishop;eaton_bishop
http://www.meetup.com/cities/gb/f7/eau_withington/;Eau Withington;eau_withington
http://www.meetup.com/cities/gb/f7/ebnall/;Ebnall;ebnall
http://www.meetup.com/cities/gb/f7/edvin_loach/;Edvin Loach;edvin_loach
http://www.meetup.com/cities/gb/f7/edwyn_ralph/;Edwyn Ralph;edwyn_ralph
http://www.meetup.com/cities/gb/f7/elms_green/;Elms Green;elms_green
http://www.meetup.com/cities/gb/f7/elton/;Elton;elton
http://www.meetup.com/cities/gb/f7/endale/;Endale;endale
http://www.meetup.com/cities/gb/f7/ewyas_harold/;Ewyas Harold;ewyas_harold
http://www.meetup.com/cities/gb/f7/eye/;Eye;eye
http://www.meetup.com/cities/gb/f7/eyton/;Eyton;eyton
http://www.meetup.com/cities/gb/f7/fair_mile/;Fair Mile;fair_mile
http://www.meetup.com/cities/gb/f7/fawley/;Fawley;fawley
http://www.meetup.com/cities/gb/f7/felton/;Felton;felton
http://www.meetup.com/cities/gb/f7/five_bridges/;Five Bridges;five_bridges
http://www.meetup.com/cities/gb/f7/flaggoners_green/;Flaggoners Green;flaggoners_green
http://www.meetup.com/cities/gb/f7/floodgates/;Floodgates;floodgates
http://www.meetup.com/cities/gb/f7/ford_bridge/;Ford Bridge;ford_bridge
http://www.meetup.com/cities/gb/f7/forest_green/;Forest Green;forest_green
http://www.meetup.com/cities/gb/f7/fownhope/;Fownhope;fownhope
http://www.meetup.com/cities/gb/f7/foy/;Foy;foy
http://www.meetup.com/cities/gb/f7/fromes_hill/;Fromes Hill;fromes_hill
http://www.meetup.com/cities/gb/f7/ganarew/;Ganarew;ganarew
http://www.meetup.com/cities/gb/f7/garway/;Garway;garway
http://www.meetup.com/cities/gb/f7/garway_hill/;Garway Hill;garway_hill
http://www.meetup.com/cities/gb/f7/gatsford/;Gatsford;gatsford
http://www.meetup.com/cities/gb/f7/glewstone/;Glewstone;glewstone
http://www.meetup.com/cities/gb/f7/goodrich/;Goodrich;goodrich
http://www.meetup.com/cities/gb/f7/gorsley/;Gorsley;gorsley
http://www.meetup.com/cities/gb/f7/gorsty/;Gorsty;gorsty
http://www.meetup.com/cities/gb/f7/grafton/;Grafton;grafton
http://www.meetup.com/cities/gb/f7/great_doward/;Great Doward;great_doward
http://www.meetup.com/cities/gb/f7/green_crize/;Green Crize;green_crize
http://www.meetup.com/cities/gb/f7/greenway/;Greenway;greenway
http://www.meetup.com/cities/gb/f7/greytree/;Greytree;greytree
http://www.meetup.com/cities/gb/f7/grove_common/;Grove Common;grove_common
http://www.meetup.com/cities/gb/f7/halmonds_frome/;Halmonds Frome;halmonds_frome
http://www.meetup.com/cities/gb/f7/hamnish/;Hamnish;hamnish
http://www.meetup.com/cities/gb/f7/hampton_bishop/;Hampton Bishop;hampton_bishop
http://www.meetup.com/cities/gb/f7/hampton_charles/;Hampton Charles;hampton_charles
http://www.meetup.com/cities/gb/f7/hardwicke/;Hardwicke;hardwicke
http://www.meetup.com/cities/gb/f7/harewood_end/;Harewood End;harewood_end
http://www.meetup.com/cities/gb/f7/hatfield/;Hatfield;hatfield
http://www.meetup.com/cities/gb/f7/haynall/;Haynall;haynall
http://www.meetup.com/cities/gb/f7/haywood/;Haywood;haywood
http://www.meetup.com/cities/gb/f7/headlands/;Headlands;headlands
http://www.meetup.com/cities/gb/f7/hennor/;Hennor;hennor
http://www.meetup.com/cities/gb/f7/hentland/;Hentland;hentland
http://www.meetup.com/cities/gb/f7/hereford/;Hereford;hereford
http://www.meetup.com/cities/gb/f7/hildersley/;Hildersley;hildersley
http://www.meetup.com/cities/gb/f7/hillgates/;Hillgates;hillgates
http://www.meetup.com/cities/gb/f7/hill_hampton/;Hill Hampton;hill_hampton
http://www.meetup.com/cities/gb/f7/hoarwithy/;Hoarwithy;hoarwithy
http://www.meetup.com/cities/gb/f7/holme_lacy/;Holme Lacy;holme_lacy
http://www.meetup.com/cities/gb/f7/holme_marsh/;Holme Marsh;holme_marsh
http://www.meetup.com/cities/gb/f7/holmer/;Holmer;holmer
http://www.meetup.com/cities/gb/f7/hom_green/;Hom Green;hom_green
http://www.meetup.com/cities/gb/f7/hoovers_lane/;Hoovers Lane;hoovers_lane
http://www.meetup.com/cities/gb/f7/hope_mansell/;Hope Mansell;hope_mansell
http://www.meetup.com/cities/gb/f7/hope-under-dinmore/;Hope-under-Dinmore;hope-under-dinmore
http://www.meetup.com/cities/gb/f7/how_caple/;How Caple;how_caple
http://www.meetup.com/cities/gb/f7/howle_hill/;Howle Hill;howle_hill
http://www.meetup.com/cities/gb/f7/huntington/;Huntington;huntington
http://www.meetup.com/cities/gb/f7/hyde_ash/;Hyde Ash;hyde_ash
http://www.meetup.com/cities/gb/f7/ivington/;Ivington;ivington
http://www.meetup.com/cities/gb/f7/kenchester/;Kenchester;kenchester
http://www.meetup.com/cities/gb/f7/kentchurch/;Kentchurch;kentchurch
http://www.meetup.com/cities/gb/f7/kerne_bridge/;Kerne Bridge;kerne_bridge
http://www.meetup.com/cities/gb/f7/kerrys_gate/;Kerrys Gate;kerrys_gate
http://www.meetup.com/cities/gb/f7/kilcot/;Kilcot;kilcot
http://www.meetup.com/cities/gb/f7/kilpeck/;Kilpeck;kilpeck
http://www.meetup.com/cities/gb/f7/kimbolton/;Kimbolton;kimbolton
http://www.meetup.com/cities/gb/f7/kings_caple/;Kings Caple;kings_caple
http://www.meetup.com/cities/gb/f7/kingsland/;Kingsland;kingsland
http://www.meetup.com/cities/gb/f7/kings_pyon/;Kings Pyon;kings_pyon
http://www.meetup.com/cities/gb/f7/kingsthorne/;Kingsthorne;kingsthorne
http://www.meetup.com/cities/gb/f7/kingstone/;Kingstone;kingstone
http://www.meetup.com/cities/gb/f7/kingswood/;Kingswood;kingswood
http://www.meetup.com/cities/gb/f7/kington/;Kington;kington
http://www.meetup.com/cities/gb/f7/kinnersley/;Kinnersley;kinnersley
http://www.meetup.com/cities/gb/f7/kinsham/;Kinsham;kinsham
http://www.meetup.com/cities/gb/f7/kinton/;Kinton;kinton
http://www.meetup.com/cities/gb/f7/knapton/;Knapton;knapton
http://www.meetup.com/cities/gb/f7/knill/;Knill;knill
http://www.meetup.com/cities/gb/f7/kynaston/;Kynaston;kynaston
http://www.meetup.com/cities/gb/f7/lea/;Lea;lea
http://www.meetup.com/cities/gb/f7/lea_bailey/;Lea Bailey;lea_bailey
http://www.meetup.com/cities/gb/f7/ledbury/;Ledbury;ledbury
http://www.meetup.com/cities/gb/f7/leddington/;Leddington;leddington
http://www.meetup.com/cities/gb/f7/leinthall_earls/;Leinthall Earls;leinthall_earls
http://www.meetup.com/cities/gb/f7/leinthall_starkes/;Leinthall Starkes;leinthall_starkes
http://www.meetup.com/cities/gb/f7/leominster/;Leominster;leominster
http://www.meetup.com/cities/gb/f7/leominster_enterprise_park/;Leominster Enterprise Park;leominster_enterprise_park
http://www.meetup.com/cities/gb/f7/letton/;Letton;letton
http://www.meetup.com/cities/gb/f7/leys_hill/;Leys Hill;leys_hill
http://www.meetup.com/cities/gb/f7/leysters/;Leysters;leysters
http://www.meetup.com/cities/gb/f7/lincoln_hill/;Lincoln Hill;lincoln_hill
http://www.meetup.com/cities/gb/f7/lingen/;Lingen;lingen
http://www.meetup.com/cities/gb/f7/linton/;Linton;linton
http://www.meetup.com/cities/gb/f7/little_birch/;Little Birch;little_birch
http://www.meetup.com/cities/gb/f7/little_cowarne/;Little Cowarne;little_cowarne
http://www.meetup.com/cities/gb/f7/little_dewchurch/;Little Dewchurch;little_dewchurch
http://www.meetup.com/cities/gb/f7/little_doward/;Little Doward;little_doward
http://www.meetup.com/cities/gb/f7/little_marcle/;Little Marcle;little_marcle
http://www.meetup.com/cities/gb/f7/little_tarrington/;Little Tarrington;little_tarrington
http://www.meetup.com/cities/gb/f7/little_tedney/;Little Tedney;little_tedney
http://www.meetup.com/cities/gb/f7/llancloudy/;Llancloudy;llancloudy
http://www.meetup.com/cities/gb/f7/llandinabo/;Llandinabo;llandinabo
http://www.meetup.com/cities/gb/f7/llangarron/;Llangarron;llangarron
http://www.meetup.com/cities/gb/f7/llangrove/;Llangrove;llangrove
http://www.meetup.com/cities/gb/f7/llanveynoe/;Llanveynoe;llanveynoe
http://www.meetup.com/cities/gb/f7/llanwarne/;Llanwarne;llanwarne
http://www.meetup.com/cities/gb/f7/longhope/;Longhope;longhope
http://www.meetup.com/cities/gb/f7/longtown/;Longtown;longtown
http://www.meetup.com/cities/gb/f7/longworth/;Longworth;longworth
http://www.meetup.com/cities/gb/f7/lower_bullingham/;Lower Bullingham;lower_bullingham
http://www.meetup.com/cities/gb/f7/lower_burton/;Lower Burton;lower_burton
http://www.meetup.com/cities/gb/f7/lower_eggleton/;Lower Eggleton;lower_eggleton
http://www.meetup.com/cities/gb/f7/lower_grove_common/;Lower Grove Common;lower_grove_common
http://www.meetup.com/cities/gb/f7/lower_lyde/;Lower Lyde;lower_lyde
http://www.meetup.com/cities/gb/f7/lower_lye/;Lower Lye;lower_lye
http://www.meetup.com/cities/gb/f7/lower_maescoed/;Lower Maescoed;lower_maescoed
http://www.meetup.com/cities/gb/f7/lower_willey/;Lower Willey;lower_willey
http://www.meetup.com/cities/gb/f7/lucton/;Lucton;lucton
http://www.meetup.com/cities/gb/f7/lugg_bridge/;Lugg Bridge;lugg_bridge
http://www.meetup.com/cities/gb/f7/lugwardine/;Lugwardine;lugwardine
http://www.meetup.com/cities/gb/f7/lulham/;Lulham;lulham
http://www.meetup.com/cities/gb/f7/luston/;Luston;luston
http://www.meetup.com/cities/gb/f7/lyde/;Lyde;lyde
http://www.meetup.com/cities/gb/f7/lyde_cross/;Lyde Cross;lyde_cross
http://www.meetup.com/cities/gb/f7/lyne_down/;Lyne Down;lyne_down
http://www.meetup.com/cities/gb/f7/lyonshall/;Lyonshall;lyonshall
http://www.meetup.com/cities/gb/f7/madley/;Madley;madley
http://www.meetup.com/cities/gb/f7/mahollem/;Mahollem;mahollem
http://www.meetup.com/cities/gb/f7/mansel_gamage/;Mansel Gamage;mansel_gamage
http://www.meetup.com/cities/gb/f7/mansel_lacy/;Mansel Lacy;mansel_lacy
http://www.meetup.com/cities/gb/f7/marden/;Marden;marden
http://www.meetup.com/cities/gb/f7/marlas/;Marlas;marlas
http://www.meetup.com/cities/gb/f7/marlbrook/;Marlbrook;marlbrook
http://www.meetup.com/cities/gb/f7/marlow/;Marlow;marlow
http://www.meetup.com/cities/gb/f7/marston/;Marston;marston
http://www.meetup.com/cities/gb/f7/marstow/;Marstow;marstow
http://www.meetup.com/cities/gb/f7/massington/;Massington;massington
http://www.meetup.com/cities/gb/f7/mathon/;Mathon;mathon
http://www.meetup.com/cities/gb/f7/michaelchurch_escley/;Michaelchurch Escley;michaelchurch_escley
http://www.meetup.com/cities/gb/f7/middleton_on_the_hill/;Middleton on the Hill;middleton_on_the_hill
http://www.meetup.com/cities/gb/f7/moccas/;Moccas;moccas
http://www.meetup.com/cities/gb/f7/mocktree/;Mocktree;mocktree
http://www.meetup.com/cities/gb/f7/monkhide/;Monkhide;monkhide
http://www.meetup.com/cities/gb/f7/monkland/;Monkland;monkland
http://www.meetup.com/cities/gb/f7/monkland_common/;Monkland Common;monkland_common
http://www.meetup.com/cities/gb/f7/monnington_on_wye/;Monnington on Wye;monnington_on_wye
http://www.meetup.com/cities/gb/f7/moorhampton/;Moorhampton;moorhampton
http://www.meetup.com/cities/gb/f7/mordiford/;Mordiford;mordiford
http://www.meetup.com/cities/gb/f7/moreton_eye/;Moreton Eye;moreton_eye
http://www.meetup.com/cities/gb/f7/moreton_jefferies/;Moreton Jefferies;moreton_jefferies
http://www.meetup.com/cities/gb/f7/moreton-on-lugg/;Moreton-on-Lugg;moreton-on-lugg
http://www.meetup.com/cities/gb/f7/mortimers_cross/;Mortimers Cross;mortimers_cross
http://www.meetup.com/cities/gb/f7/much_birch/;Much Birch;much_birch
http://www.meetup.com/cities/gb/f7/much_cowarne/;Much Cowarne;much_cowarne
http://www.meetup.com/cities/gb/f7/much_dewchurch/;Much Dewchurch;much_dewchurch
http://www.meetup.com/cities/gb/f7/much_marcle/;Much Marcle;much_marcle
http://www.meetup.com/cities/gb/f7/munderfield/;Munderfield;munderfield
http://www.meetup.com/cities/gb/f7/munsley/;Munsley;munsley
http://www.meetup.com/cities/gb/f7/munstone/;Munstone;munstone
http://www.meetup.com/cities/gb/f7/nash/;Nash;nash
http://www.meetup.com/cities/gb/f7/netherton/;Netherton;netherton
http://www.meetup.com/cities/gb/f7/newton/;Newton;newton
http://www.meetup.com/cities/gb/f7/newton_st_margarets/;Newton St Margarets;newton_st_margarets
http://www.meetup.com/cities/gb/f7/newtown/;Newtown;newtown
http://www.meetup.com/cities/gb/f7/nordan/;Nordan;nordan
http://www.meetup.com/cities/gb/f7/norton/;Norton;norton
http://www.meetup.com/cities/gb/f7/norton_canon/;Norton Canon;norton_canon
http://www.meetup.com/cities/gb/f7/nunnington/;Nunnington;nunnington
http://www.meetup.com/cities/gb/f7/ocle_pychard/;Ocle Pychard;ocle_pychard
http://www.meetup.com/cities/gb/f7/old_gore/;Old Gore;old_gore
http://www.meetup.com/cities/gb/f7/orcop/;Orcop;orcop
http://www.meetup.com/cities/gb/f7/orleton/;Orleton;orleton
http://www.meetup.com/cities/gb/f7/overross_industrial_estate/;Overross Industrial Estate;overross_industrial_estate
http://www.meetup.com/cities/gb/f7/palmers_flats/;Palmers Flats;palmers_flats
http://www.meetup.com/cities/gb/f7/parkway/;Parkway;parkway
http://www.meetup.com/cities/gb/f7/parrowfield/;Parrowfield;parrowfield
http://www.meetup.com/cities/gb/f7/pembridge/;Pembridge;pembridge
http://www.meetup.com/cities/gb/f7/pencombe/;Pencombe;pencombe
http://www.meetup.com/cities/gb/f7/pencraig/;Pencraig;pencraig
http://www.meetup.com/cities/gb/f7/perrystone_hill/;Perrystone Hill;perrystone_hill
http://www.meetup.com/cities/gb/f7/perton/;Perton;perton
http://www.meetup.com/cities/gb/f7/peterchurch/;Peterchurch;peterchurch
http://www.meetup.com/cities/gb/f7/peterstow/;Peterstow;peterstow
http://www.meetup.com/cities/gb/f7/petty_france/;Petty France;petty_france
http://www.meetup.com/cities/gb/f7/phocle_green/;Phocle Green;phocle_green
http://www.meetup.com/cities/gb/f7/picts_cross/;Picts Cross;picts_cross
http://www.meetup.com/cities/gb/f7/pipe_aston/;Pipe Aston;pipe_aston
http://www.meetup.com/cities/gb/f7/pixley/;Pixley;pixley
http://www.meetup.com/cities/gb/f7/pontrilas/;Pontrilas;pontrilas
http://www.meetup.com/cities/gb/f7/pontshill/;Pontshill;pontshill
http://www.meetup.com/cities/gb/f7/portway/;Portway;portway
http://www.meetup.com/cities/gb/f7/preston-on-wye/;Preston-on-Wye;preston-on-wye
http://www.meetup.com/cities/gb/f7/preston_wynne/;Preston Wynne;preston_wynne
http://www.meetup.com/cities/gb/f7/priors_frome/;Priors Frome;priors_frome
http://www.meetup.com/cities/gb/f7/putley/;Putley;putley
http://www.meetup.com/cities/gb/f7/redhill/;Redhill;redhill
http://www.meetup.com/cities/gb/f7/ridgehill/;Ridgehill;ridgehill
http://www.meetup.com/cities/gb/f7/risbury/;Risbury;risbury
http://www.meetup.com/cities/gb/f7/roddhurst/;Roddhurst;roddhurst
http://www.meetup.com/cities/gb/f7/ross-on-wye/;Ross-on-Wye;ross-on-wye
http://www.meetup.com/cities/gb/f7/rotherwas/;Rotherwas;rotherwas
http://www.meetup.com/cities/gb/f7/rotherwas_industrial_estate/;Rotherwas Industrial Estate;rotherwas_industrial_estate
http://www.meetup.com/cities/gb/f7/rowlestone/;Rowlestone;rowlestone
http://www.meetup.com/cities/gb/f7/rudge_pitch/;Rudge Pitch;rudge_pitch
http://www.meetup.com/cities/gb/f7/rushall/;Rushall;rushall
http://www.meetup.com/cities/gb/f7/rushock/;Rushock;rushock
http://www.meetup.com/cities/gb/f7/ryeford/;Ryeford;ryeford
http://www.meetup.com/cities/gb/f7/ryelands/;Ryelands;ryelands
http://www.meetup.com/cities/gb/f7/sarnesfield/;Sarnesfield;sarnesfield
http://www.meetup.com/cities/gb/f7/sellack/;Sellack;sellack
http://www.meetup.com/cities/gb/f7/shelwick/;Shelwick;shelwick
http://www.meetup.com/cities/gb/f7/shirlheath/;Shirlheath;shirlheath
http://www.meetup.com/cities/gb/f7/shobdon/;Shobdon;shobdon
http://www.meetup.com/cities/gb/f7/shucknall/;Shucknall;shucknall
http://www.meetup.com/cities/gb/f7/shucknall_hill/;Shucknall Hill;shucknall_hill
http://www.meetup.com/cities/gb/f7/snodhill/;Snodhill;snodhill
http://www.meetup.com/cities/gb/f7/sollers_hope/;Sollers Hope;sollers_hope
http://www.meetup.com/cities/gb/f7/spond/;Spond;spond
http://www.meetup.com/cities/gb/f7/stag_batch/;Stag Batch;stag_batch
http://www.meetup.com/cities/gb/f7/stanford_bishop/;Stanford Bishop;stanford_bishop
http://www.meetup.com/cities/gb/f7/stansbatch/;Stansbatch;stansbatch
http://www.meetup.com/cities/gb/f7/stapleton/;Stapleton;stapleton
http://www.meetup.com/cities/gb/f7/staplow/;Staplow;staplow
http://www.meetup.com/cities/gb/f7/staunton-on-arrow/;Staunton-on-Arrow;staunton-on-arrow
http://www.meetup.com/cities/gb/f7/staunton-on-wye/;Staunton-on-Wye;staunton-on-wye
http://www.meetup.com/cities/gb/f7/st_devereux/;St Devereux;st_devereux
http://www.meetup.com/cities/gb/f7/steensbridge/;Steensbridge;steensbridge
http://www.meetup.com/cities/gb/f7/st_martins/;St Martins;st_martins
http://www.meetup.com/cities/gb/f7/stoke_edith/;Stoke Edith;stoke_edith
http://www.meetup.com/cities/gb/f7/stoke_lacy/;Stoke Lacy;stoke_lacy
http://www.meetup.com/cities/gb/f7/stoke_prior/;Stoke Prior;stoke_prior
http://www.meetup.com/cities/gb/f7/st_owens_cross/;St Owens Cross;st_owens_cross
http://www.meetup.com/cities/gb/f7/strangford/;Strangford;strangford
http://www.meetup.com/cities/gb/f7/stretford/;Stretford;stretford
http://www.meetup.com/cities/gb/f7/stretton_grandison/;Stretton Grandison;stretton_grandison
http://www.meetup.com/cities/gb/f7/stretton_sugwas/;Stretton Sugwas;stretton_sugwas
http://www.meetup.com/cities/gb/f7/st_weonards/;St Weonards;st_weonards
http://www.meetup.com/cities/gb/f7/sunset/;Sunset;sunset
http://www.meetup.com/cities/gb/f7/sutton_lakes/;Sutton Lakes;sutton_lakes
http://www.meetup.com/cities/gb/f7/sutton_st_nicholas/;Sutton St Nicholas;sutton_st_nicholas
http://www.meetup.com/cities/gb/f7/swainshill/;Swainshill;swainshill
http://www.meetup.com/cities/gb/f7/symonds_yat/;Symonds Yat;symonds_yat
http://www.meetup.com/cities/gb/f7/tarrington/;Tarrington;tarrington
http://www.meetup.com/cities/gb/f7/tedstone_delamere/;Tedstone Delamere;tedstone_delamere
http://www.meetup.com/cities/gb/f7/the_doward/;The Doward;the_doward
http://www.meetup.com/cities/gb/f7/the_downs/;The Downs;the_downs
http://www.meetup.com/cities/gb/f7/the_goggin/;The Goggin;the_goggin
http://www.meetup.com/cities/gb/f7/the_rodd/;The Rodd;the_rodd
http://www.meetup.com/cities/gb/f7/thornbury/;Thornbury;thornbury
http://www.meetup.com/cities/gb/f7/three_ashes/;Three Ashes;three_ashes
http://www.meetup.com/cities/gb/f7/three_elms/;Three Elms;three_elms
http://www.meetup.com/cities/gb/f7/thruxton/;Thruxton;thruxton
http://www.meetup.com/cities/gb/f7/tillington/;Tillington;tillington
http://www.meetup.com/cities/gb/f7/titley/;Titley;titley
http://www.meetup.com/cities/gb/f7/toddings/;Toddings;toddings
http://www.meetup.com/cities/gb/f7/tram_inn/;Tram Inn;tram_inn
http://www.meetup.com/cities/gb/f7/trumpet/;Trumpet;trumpet
http://www.meetup.com/cities/gb/f7/tudorville/;Tudorville;tudorville
http://www.meetup.com/cities/gb/f7/twyford/;Twyford;twyford
http://www.meetup.com/cities/gb/f7/tyberton/;Tyberton;tyberton
http://www.meetup.com/cities/gb/f7/ullingswick/;Ullingswick;ullingswick
http://www.meetup.com/cities/gb/f7/uphampton/;Uphampton;uphampton
http://www.meetup.com/cities/gb/f7/upper_colwall/;Upper Colwall;upper_colwall
http://www.meetup.com/cities/gb/f7/upper_dormington/;Upper Dormington;upper_dormington
http://www.meetup.com/cities/gb/f7/upper_hergest/;Upper Hergest;upper_hergest
http://www.meetup.com/cities/gb/f7/upper_hill/;Upper Hill;upper_hill
http://www.meetup.com/cities/gb/f7/upper_ivington/;Upper Ivington;upper_ivington
http://www.meetup.com/cities/gb/f7/upper_lyde/;Upper Lyde;upper_lyde
http://www.meetup.com/cities/gb/f7/upton_bishop/;Upton Bishop;upton_bishop
http://www.meetup.com/cities/gb/f7/urishay/;Urishay;urishay
http://www.meetup.com/cities/gb/f7/vowchurch/;Vowchurch;vowchurch
http://www.meetup.com/cities/gb/f7/walford/;Walford;walford
http://www.meetup.com/cities/gb/f7/walterstone/;Walterstone;walterstone
http://www.meetup.com/cities/gb/f7/weir_end/;Weir End;weir_end
http://www.meetup.com/cities/gb/f7/wellington/;Wellington;wellington
http://www.meetup.com/cities/gb/f7/wellington_heath/;Wellington Heath;wellington_heath
http://www.meetup.com/cities/gb/f7/welsh_bicknor/;Welsh Bicknor;welsh_bicknor
http://www.meetup.com/cities/gb/f7/welsh_newton/;Welsh Newton;welsh_newton
http://www.meetup.com/cities/gb/f7/welsh_newton_common/;Welsh Newton Common;welsh_newton_common
http://www.meetup.com/cities/gb/f7/weobley/;Weobley;weobley
http://www.meetup.com/cities/gb/f7/westbrook/;Westbrook;westbrook
http://www.meetup.com/cities/gb/f7/westhide/;Westhide;westhide
http://www.meetup.com/cities/gb/f7/westhill/;Westhill;westhill
http://www.meetup.com/cities/gb/f7/westhope/;Westhope;westhope
http://www.meetup.com/cities/gb/f7/weston/;Weston;weston
http://www.meetup.com/cities/gb/f7/weston_beggard/;Weston Beggard;weston_beggard
http://www.meetup.com/cities/gb/f7/weston_under_penyard/;Weston under Penyard;weston_under_penyard
http://www.meetup.com/cities/gb/f7/wetmore/;Wetmore;wetmore
http://www.meetup.com/cities/gb/f7/wharton/;Wharton;wharton
http://www.meetup.com/cities/gb/f7/whitchurch/;Whitchurch;whitchurch
http://www.meetup.com/cities/gb/f7/whitestone/;Whitestone;whitestone
http://www.meetup.com/cities/gb/f7/whitfield/;Whitfield;whitfield
http://www.meetup.com/cities/gb/f7/whitton/;Whitton;whitton
http://www.meetup.com/cities/gb/f7/wigmore/;Wigmore;wigmore
http://www.meetup.com/cities/gb/f7/willersley/;Willersley;willersley
http://www.meetup.com/cities/gb/f7/willey/;Willey;willey
http://www.meetup.com/cities/gb/f7/wilton/;Wilton;wilton
http://www.meetup.com/cities/gb/f7/winforton/;Winforton;winforton
http://www.meetup.com/cities/gb/f7/winnal/;Winnal;winnal
http://www.meetup.com/cities/gb/f7/winslow/;Winslow;winslow
http://www.meetup.com/cities/gb/f7/withington/;Withington;withington
http://www.meetup.com/cities/gb/f7/wolferlow/;Wolferlow;wolferlow
http://www.meetup.com/cities/gb/f7/woodend/;Woodend;woodend
http://www.meetup.com/cities/gb/f7/woodredding/;Woodredding;woodredding
http://www.meetup.com/cities/gb/f7/woolhope/;Woolhope;woolhope
http://www.meetup.com/cities/gb/f7/woonton/;Woonton;woonton
http://www.meetup.com/cities/gb/f7/wormbridge/;Wormbridge;wormbridge
http://www.meetup.com/cities/gb/f7/wormelow/;Wormelow;wormelow
http://www.meetup.com/cities/gb/f7/wormsley/;Wormsley;wormsley
http://www.meetup.com/cities/gb/f7/wrigglebrook/;Wrigglebrook;wrigglebrook
http://www.meetup.com/cities/gb/f7/yarkhill/;Yarkhill;yarkhill
http://www.meetup.com/cities/gb/f7/yarpole/;Yarpole;yarpole
http://www.meetup.com/cities/gb/f7/yarsop/;Yarsop;yarsop
http://www.meetup.com/cities/gb/f7/yatton/;Yatton;yatton
http://www.meetup.com/cities/gb/f7/yazor/;Yazor;yazor
