http://www.meetup.com/cities/gb/z3/barry/;Barry;barry
http://www.meetup.com/cities/gb/z3/boverton/;Boverton;boverton
http://www.meetup.com/cities/gb/z3/broughton/;Broughton;broughton
http://www.meetup.com/cities/gb/z3/cardiff/;Cardiff;cardiff
http://www.meetup.com/cities/gb/z3/city/;City;city
http://www.meetup.com/cities/gb/z3/cogan/;Cogan;cogan
http://www.meetup.com/cities/gb/z3/cowbridge/;Cowbridge;cowbridge
http://www.meetup.com/cities/gb/z3/dinas_powys/;Dinas Powys;dinas_powys
http://www.meetup.com/cities/gb/z3/docks/;Docks;docks
http://www.meetup.com/cities/gb/z3/dyffryn/;Dyffryn;dyffryn
http://www.meetup.com/cities/gb/z3/fonmon/;Fonmon;fonmon
http://www.meetup.com/cities/gb/z3/gileston/;Gileston;gileston
http://www.meetup.com/cities/gb/z3/graig_penllyn/;Graig Penllyn;graig_penllyn
http://www.meetup.com/cities/gb/z3/hensol/;Hensol;hensol
http://www.meetup.com/cities/gb/z3/lavernock/;Lavernock;lavernock
http://www.meetup.com/cities/gb/z3/llancadle/;Llancadle;llancadle
http://www.meetup.com/cities/gb/z3/llancarfan/;Llancarfan;llancarfan
http://www.meetup.com/cities/gb/z3/llandough/;Llandough;llandough
http://www.meetup.com/cities/gb/z3/llandow/;Llandow;llandow
http://www.meetup.com/cities/gb/z3/llantrithyd/;Llantrithyd;llantrithyd
http://www.meetup.com/cities/gb/z3/llantwit_major/;Llantwit Major;llantwit_major
http://www.meetup.com/cities/gb/z3/llysworney/;Llysworney;llysworney
http://www.meetup.com/cities/gb/z3/michaelston-le-pit/;Michaelston-le-Pit;michaelston-le-pit
http://www.meetup.com/cities/gb/z3/miskin/;Miskin;miskin
http://www.meetup.com/cities/gb/z3/northcliffe/;Northcliffe;northcliffe
http://www.meetup.com/cities/gb/z3/nurston/;Nurston;nurston
http://www.meetup.com/cities/gb/z3/penarth/;Penarth;penarth
http://www.meetup.com/cities/gb/z3/pentre_meyrick/;Pentre Meyrick;pentre_meyrick
http://www.meetup.com/cities/gb/z3/picketston/;Picketston;picketston
http://www.meetup.com/cities/gb/z3/porthkerry/;Porthkerry;porthkerry
http://www.meetup.com/cities/gb/z3/prisk/;Prisk;prisk
http://www.meetup.com/cities/gb/z3/rhoose/;Rhoose;rhoose
http://www.meetup.com/cities/gb/z3/southerndown/;Southerndown;southerndown
http://www.meetup.com/cities/gb/z3/st_athan/;St Athan;st_athan
http://www.meetup.com/cities/gb/z3/st_brides_major/;St Brides Major;st_brides_major
http://www.meetup.com/cities/gb/z3/st_brides-super-ely/;St Brides-Super-Ely;st_brides-super-ely
http://www.meetup.com/cities/gb/z3/st_donat%27s/;St Donat's;st_donat%27s
http://www.meetup.com/cities/gb/z3/st_lythan%27s/;St Lythan's;st_lythan%27s
http://www.meetup.com/cities/gb/z3/st_mary_church/;St Mary Church;st_mary_church
http://www.meetup.com/cities/gb/z3/st_mary_hill/;St Mary Hill;st_mary_hill
http://www.meetup.com/cities/gb/z3/st_nicholas/;St Nicholas;st_nicholas
http://www.meetup.com/cities/gb/z3/sully/;Sully;sully
http://www.meetup.com/cities/gb/z3/tredodridge/;Tredodridge;tredodridge
http://www.meetup.com/cities/gb/z3/tredogan/;Tredogan;tredogan
http://www.meetup.com/cities/gb/z3/twyn-yr-odyn/;Twyn-Yr-Odyn;twyn-yr-odyn
http://www.meetup.com/cities/gb/z3/welsh_st_donats/;Welsh St Donats;welsh_st_donats
http://www.meetup.com/cities/gb/z3/wenvoe/;Wenvoe;wenvoe
http://www.meetup.com/cities/gb/z3/west_aberthaw/;West Aberthaw;west_aberthaw
http://www.meetup.com/cities/gb/z3/wick/;Wick;wick
http://www.meetup.com/cities/gb/z3/ystradowen/;Ystradowen;ystradowen
