http://www.meetup.com/cities/gb/28/aigburth/;Aigburth;aigburth
http://www.meetup.com/cities/gb/28/ainsdale/;Ainsdale;ainsdale
http://www.meetup.com/cities/gb/28/aintree/;Aintree;aintree
http://www.meetup.com/cities/gb/28/aintree_racecourse_retail_%26_bus_pk/;Aintree Racecourse Retail & Bus Pk;aintree_racecourse_retail_%26_bus_pk
http://www.meetup.com/cities/gb/28/allerton/;Allerton;allerton
http://www.meetup.com/cities/gb/28/anfield/;Anfield;anfield
http://www.meetup.com/cities/gb/28/ashton-in-makerfield/;Ashton-in-Makerfield;ashton-in-makerfield
http://www.meetup.com/cities/gb/28/barnston/;Barnston;barnston
http://www.meetup.com/cities/gb/28/bebington/;Bebington;bebington
http://www.meetup.com/cities/gb/28/belle_vale/;Belle Vale;belle_vale
http://www.meetup.com/cities/gb/28/billinge/;Billinge;billinge
http://www.meetup.com/cities/gb/28/birkdale/;Birkdale;birkdale
http://www.meetup.com/cities/gb/28/birkenhead/;Birkenhead;birkenhead
http://www.meetup.com/cities/gb/28/bold/;Bold;bold
http://www.meetup.com/cities/gb/28/bold_heath/;Bold Heath;bold_heath
http://www.meetup.com/cities/gb/28/bold_industrial_park/;Bold Industrial Park;bold_industrial_park
http://www.meetup.com/cities/gb/28/bootle/;Bootle;bootle
http://www.meetup.com/cities/gb/28/bowring_park/;Bowring Park;bowring_park
http://www.meetup.com/cities/gb/28/brighton-le-sands/;Brighton-le-Sands;brighton-le-sands
http://www.meetup.com/cities/gb/28/brimstage/;Brimstage;brimstage
http://www.meetup.com/cities/gb/28/broadgreen/;Broadgreen;broadgreen
http://www.meetup.com/cities/gb/28/bromborough/;Bromborough;bromborough
http://www.meetup.com/cities/gb/28/bromborough_pool/;Bromborough Pool;bromborough_pool
http://www.meetup.com/cities/gb/28/brunswick_business_park/;Brunswick Business Park;brunswick_business_park
http://www.meetup.com/cities/gb/28/caldy/;Caldy;caldy
http://www.meetup.com/cities/gb/28/childwall/;Childwall;childwall
http://www.meetup.com/cities/gb/28/churchtown/;Churchtown;churchtown
http://www.meetup.com/cities/gb/28/clock_face/;Clock Face;clock_face
http://www.meetup.com/cities/gb/28/clubmoor/;Clubmoor;clubmoor
http://www.meetup.com/cities/gb/28/crank/;Crank;crank
http://www.meetup.com/cities/gb/28/cressington/;Cressington;cressington
http://www.meetup.com/cities/gb/28/croft/;Croft;croft
http://www.meetup.com/cities/gb/28/cronton/;Cronton;cronton
http://www.meetup.com/cities/gb/28/crosby/;Crosby;crosby
http://www.meetup.com/cities/gb/28/croxteth/;Croxteth;croxteth
http://www.meetup.com/cities/gb/28/dentons_green/;Dentons Green;dentons_green
http://www.meetup.com/cities/gb/28/dingle/;Dingle;dingle
http://www.meetup.com/cities/gb/28/dovecot/;Dovecot;dovecot
http://www.meetup.com/cities/gb/28/eastham/;Eastham;eastham
http://www.meetup.com/cities/gb/28/eccleston/;Eccleston;eccleston
http://www.meetup.com/cities/gb/28/eccleston_lane_ends/;Eccleston Lane Ends;eccleston_lane_ends
http://www.meetup.com/cities/gb/28/eccleston_park/;Eccleston Park;eccleston_park
http://www.meetup.com/cities/gb/28/edge_hill/;Edge Hill;edge_hill
http://www.meetup.com/cities/gb/28/ellesmere_port/;Ellesmere Port;ellesmere_port
http://www.meetup.com/cities/gb/28/erskine_industrial_estate/;Erskine Industrial Estate;erskine_industrial_estate
http://www.meetup.com/cities/gb/28/everton/;Everton;everton
http://www.meetup.com/cities/gb/28/fairfield/;Fairfield;fairfield
http://www.meetup.com/cities/gb/28/fazakerley/;Fazakerley;fazakerley
http://www.meetup.com/cities/gb/28/ford/;Ford;ford
http://www.meetup.com/cities/gb/28/formby/;Formby;formby
http://www.meetup.com/cities/gb/28/frankby/;Frankby;frankby
http://www.meetup.com/cities/gb/28/freshfield/;Freshfield;freshfield
http://www.meetup.com/cities/gb/28/garston/;Garston;garston
http://www.meetup.com/cities/gb/28/gateacre/;Gateacre;gateacre
http://www.meetup.com/cities/gb/28/gilmoss_industrial_estate/;Gilmoss Industrial Estate;gilmoss_industrial_estate
http://www.meetup.com/cities/gb/28/golborne/;Golborne;golborne
http://www.meetup.com/cities/gb/28/grange_park/;Grange Park;grange_park
http://www.meetup.com/cities/gb/28/grassendale_park/;Grassendale Park;grassendale_park
http://www.meetup.com/cities/gb/28/greasby/;Greasby;greasby
http://www.meetup.com/cities/gb/28/great_crosby/;Great Crosby;great_crosby
http://www.meetup.com/cities/gb/28/great_sankey/;Great Sankey;great_sankey
http://www.meetup.com/cities/gb/28/hale_village/;Hale Village;hale_village
http://www.meetup.com/cities/gb/28/halewood/;Halewood;halewood
http://www.meetup.com/cities/gb/28/halsnead_park/;Halsnead Park;halsnead_park
http://www.meetup.com/cities/gb/28/haydock/;Haydock;haydock
http://www.meetup.com/cities/gb/28/haydock_industrial_estate/;Haydock Industrial Estate;haydock_industrial_estate
http://www.meetup.com/cities/gb/28/heswall/;Heswall;heswall
http://www.meetup.com/cities/gb/28/higher_bebington/;Higher Bebington;higher_bebington
http://www.meetup.com/cities/gb/28/higher_tranmere/;Higher Tranmere;higher_tranmere
http://www.meetup.com/cities/gb/28/hightown/;Hightown;hightown
http://www.meetup.com/cities/gb/28/hooton/;Hooton;hooton
http://www.meetup.com/cities/gb/28/hoylake/;Hoylake;hoylake
http://www.meetup.com/cities/gb/28/hunts_cross/;Hunts Cross;hunts_cross
http://www.meetup.com/cities/gb/28/huyton/;Huyton;huyton
http://www.meetup.com/cities/gb/28/ince_blundell/;Ince Blundell;ince_blundell
http://www.meetup.com/cities/gb/28/irby/;Irby;irby
http://www.meetup.com/cities/gb/28/kensington/;Kensington;kensington
http://www.meetup.com/cities/gb/28/kings_moss/;Kings Moss;kings_moss
http://www.meetup.com/cities/gb/28/kirkby/;Kirkby;kirkby
http://www.meetup.com/cities/gb/28/kirkdale/;Kirkdale;kirkdale
http://www.meetup.com/cities/gb/28/knotty_ash/;Knotty Ash;knotty_ash
http://www.meetup.com/cities/gb/28/knowsley/;Knowsley;knowsley
http://www.meetup.com/cities/gb/28/knowsley_business_park/;Knowsley Business Park;knowsley_business_park
http://www.meetup.com/cities/gb/28/knowsley_industrial_park/;Knowsley Industrial Park;knowsley_industrial_park
http://www.meetup.com/cities/gb/28/knowsley_industrial_park_north/;Knowsley Industrial Park North;knowsley_industrial_park_north
http://www.meetup.com/cities/gb/28/knowsley_park/;Knowsley Park;knowsley_park
http://www.meetup.com/cities/gb/28/lairdside_technology_park/;Lairdside Technology Park;lairdside_technology_park
http://www.meetup.com/cities/gb/28/litherland/;Litherland;litherland
http://www.meetup.com/cities/gb/28/little_crosby_village/;Little Crosby Village;little_crosby_village
http://www.meetup.com/cities/gb/28/liverpool/;Liverpool;liverpool
http://www.meetup.com/cities/gb/28/liverpool_airport/;Liverpool Airport;liverpool_airport
http://www.meetup.com/cities/gb/28/low_hill/;Low Hill;low_hill
http://www.meetup.com/cities/gb/28/lowton/;Lowton;lowton
http://www.meetup.com/cities/gb/28/lydiate/;Lydiate;lydiate
http://www.meetup.com/cities/gb/28/maghull/;Maghull;maghull
http://www.meetup.com/cities/gb/28/melling/;Melling;melling
http://www.meetup.com/cities/gb/28/meols/;Meols;meols
http://www.meetup.com/cities/gb/28/millers_bridge_industrial_estate/;Millers Bridge Industrial Estate;millers_bridge_industrial_estate
http://www.meetup.com/cities/gb/28/moreton/;Moreton;moreton
http://www.meetup.com/cities/gb/28/mossley_hill/;Mossley Hill;mossley_hill
http://www.meetup.com/cities/gb/28/neston/;Neston;neston
http://www.meetup.com/cities/gb/28/netherley/;Netherley;netherley
http://www.meetup.com/cities/gb/28/netherton/;Netherton;netherton
http://www.meetup.com/cities/gb/28/new_ferry/;New Ferry;new_ferry
http://www.meetup.com/cities/gb/28/newton-le-willows/;Newton-le-Willows;newton-le-willows
http://www.meetup.com/cities/gb/28/norris_green/;Norris Green;norris_green
http://www.meetup.com/cities/gb/28/north_cheshire_trading_estate/;North Cheshire Trading Estate;north_cheshire_trading_estate
http://www.meetup.com/cities/gb/28/old_boston_trading_estate/;Old Boston Trading Estate;old_boston_trading_estate
http://www.meetup.com/cities/gb/28/old_hall_industrial_estate/;Old Hall Industrial Estate;old_hall_industrial_estate
http://www.meetup.com/cities/gb/28/old_roan/;Old Roan;old_roan
http://www.meetup.com/cities/gb/28/old_swan/;Old Swan;old_swan
http://www.meetup.com/cities/gb/28/orrell_park/;Orrell Park;orrell_park
http://www.meetup.com/cities/gb/28/page_moss/;Page Moss;page_moss
http://www.meetup.com/cities/gb/28/parkgate/;Parkgate;parkgate
http://www.meetup.com/cities/gb/28/parr/;Parr;parr
http://www.meetup.com/cities/gb/28/parr_industrial_estate/;Parr Industrial Estate;parr_industrial_estate
http://www.meetup.com/cities/gb/28/pensby/;Pensby;pensby
http://www.meetup.com/cities/gb/28/port_sunlight/;Port Sunlight;port_sunlight
http://www.meetup.com/cities/gb/28/prenton/;Prenton;prenton
http://www.meetup.com/cities/gb/28/prescot/;Prescot;prescot
http://www.meetup.com/cities/gb/28/princes_park/;Princes Park;princes_park
http://www.meetup.com/cities/gb/28/raby_mere/;Raby Mere;raby_mere
http://www.meetup.com/cities/gb/28/rainford/;Rainford;rainford
http://www.meetup.com/cities/gb/28/rainford_industrial_estate/;Rainford Industrial Estate;rainford_industrial_estate
http://www.meetup.com/cities/gb/28/rainhill/;Rainhill;rainhill
http://www.meetup.com/cities/gb/28/reginald_road_industrial_estate/;Reginald Road Industrial Estate;reginald_road_industrial_estate
http://www.meetup.com/cities/gb/28/roby/;Roby;roby
http://www.meetup.com/cities/gb/28/sandfield_park/;Sandfield Park;sandfield_park
http://www.meetup.com/cities/gb/28/scarisbrick/;Scarisbrick;scarisbrick
http://www.meetup.com/cities/gb/28/seaforth/;Seaforth;seaforth
http://www.meetup.com/cities/gb/28/sefton/;Sefton;sefton
http://www.meetup.com/cities/gb/28/sefton_park/;Sefton Park;sefton_park
http://www.meetup.com/cities/gb/28/sherdley_road_industrial_estate/;Sherdley Road Industrial Estate;sherdley_road_industrial_estate
http://www.meetup.com/cities/gb/28/simonswood/;Simonswood;simonswood
http://www.meetup.com/cities/gb/28/southport/;Southport;southport
http://www.meetup.com/cities/gb/28/speke/;Speke;speke
http://www.meetup.com/cities/gb/28/spital/;Spital;spital
http://www.meetup.com/cities/gb/28/stanley/;Stanley;stanley
http://www.meetup.com/cities/gb/28/st_helens/;St Helens;st_helens
http://www.meetup.com/cities/gb/28/stockbridge_village/;Stockbridge Village;stockbridge_village
http://www.meetup.com/cities/gb/28/stoneycroft/;Stoneycroft;stoneycroft
http://www.meetup.com/cities/gb/28/sutton_leach/;Sutton Leach;sutton_leach
http://www.meetup.com/cities/gb/28/sutton_manor/;Sutton Manor;sutton_manor
http://www.meetup.com/cities/gb/28/tarbock/;Tarbock;tarbock
http://www.meetup.com/cities/gb/28/tarbock_green/;Tarbock Green;tarbock_green
http://www.meetup.com/cities/gb/28/tarran_industrial_estate/;Tarran Industrial Estate;tarran_industrial_estate
http://www.meetup.com/cities/gb/28/thatto_heath/;Thatto Heath;thatto_heath
http://www.meetup.com/cities/gb/28/thingwall/;Thingwall;thingwall
http://www.meetup.com/cities/gb/28/thornton/;Thornton;thornton
http://www.meetup.com/cities/gb/28/thornton_hough/;Thornton Hough;thornton_hough
http://www.meetup.com/cities/gb/28/thurstaston/;Thurstaston;thurstaston
http://www.meetup.com/cities/gb/28/toxteth/;Toxteth;toxteth
http://www.meetup.com/cities/gb/28/tuebrook/;Tuebrook;tuebrook
http://www.meetup.com/cities/gb/28/upholland/;Upholland;upholland
http://www.meetup.com/cities/gb/28/upton/;Upton;upton
http://www.meetup.com/cities/gb/28/wallasey/;Wallasey;wallasey
http://www.meetup.com/cities/gb/28/walton/;Walton;walton
http://www.meetup.com/cities/gb/28/waterloo/;Waterloo;waterloo
http://www.meetup.com/cities/gb/28/wavertree/;Wavertree;wavertree
http://www.meetup.com/cities/gb/28/west_derby/;West Derby;west_derby
http://www.meetup.com/cities/gb/28/west_kirby/;West Kirby;west_kirby
http://www.meetup.com/cities/gb/28/whiston/;Whiston;whiston
http://www.meetup.com/cities/gb/28/widnes/;Widnes;widnes
http://www.meetup.com/cities/gb/28/willaston/;Willaston;willaston
http://www.meetup.com/cities/gb/28/windle/;Windle;windle
http://www.meetup.com/cities/gb/28/winwick/;Winwick;winwick
http://www.meetup.com/cities/gb/28/wirral/;Wirral;wirral
http://www.meetup.com/cities/gb/28/woodchurch/;Woodchurch;woodchurch
http://www.meetup.com/cities/gb/28/woolton/;Woolton;woolton
http://www.meetup.com/cities/gb/28/aigburth/;Aigburth;aigburth
http://www.meetup.com/cities/gb/28/ainsdale/;Ainsdale;ainsdale
http://www.meetup.com/cities/gb/28/aintree/;Aintree;aintree
http://www.meetup.com/cities/gb/28/aintree_racecourse_retail_%26_bus_pk/;Aintree Racecourse Retail & Bus Pk;aintree_racecourse_retail_%26_bus_pk
http://www.meetup.com/cities/gb/28/allerton/;Allerton;allerton
http://www.meetup.com/cities/gb/28/anfield/;Anfield;anfield
http://www.meetup.com/cities/gb/28/ashton-in-makerfield/;Ashton-in-Makerfield;ashton-in-makerfield
http://www.meetup.com/cities/gb/28/barnston/;Barnston;barnston
http://www.meetup.com/cities/gb/28/bebington/;Bebington;bebington
http://www.meetup.com/cities/gb/28/belle_vale/;Belle Vale;belle_vale
http://www.meetup.com/cities/gb/28/billinge/;Billinge;billinge
http://www.meetup.com/cities/gb/28/birkdale/;Birkdale;birkdale
http://www.meetup.com/cities/gb/28/birkenhead/;Birkenhead;birkenhead
http://www.meetup.com/cities/gb/28/bold/;Bold;bold
http://www.meetup.com/cities/gb/28/bold_heath/;Bold Heath;bold_heath
http://www.meetup.com/cities/gb/28/bold_industrial_park/;Bold Industrial Park;bold_industrial_park
http://www.meetup.com/cities/gb/28/bootle/;Bootle;bootle
http://www.meetup.com/cities/gb/28/bowring_park/;Bowring Park;bowring_park
http://www.meetup.com/cities/gb/28/brighton-le-sands/;Brighton-le-Sands;brighton-le-sands
http://www.meetup.com/cities/gb/28/brimstage/;Brimstage;brimstage
http://www.meetup.com/cities/gb/28/broadgreen/;Broadgreen;broadgreen
http://www.meetup.com/cities/gb/28/bromborough/;Bromborough;bromborough
http://www.meetup.com/cities/gb/28/bromborough_pool/;Bromborough Pool;bromborough_pool
http://www.meetup.com/cities/gb/28/brunswick_business_park/;Brunswick Business Park;brunswick_business_park
http://www.meetup.com/cities/gb/28/caldy/;Caldy;caldy
http://www.meetup.com/cities/gb/28/childwall/;Childwall;childwall
http://www.meetup.com/cities/gb/28/churchtown/;Churchtown;churchtown
http://www.meetup.com/cities/gb/28/clock_face/;Clock Face;clock_face
http://www.meetup.com/cities/gb/28/clubmoor/;Clubmoor;clubmoor
http://www.meetup.com/cities/gb/28/crank/;Crank;crank
http://www.meetup.com/cities/gb/28/cressington/;Cressington;cressington
http://www.meetup.com/cities/gb/28/croft/;Croft;croft
http://www.meetup.com/cities/gb/28/cronton/;Cronton;cronton
http://www.meetup.com/cities/gb/28/crosby/;Crosby;crosby
http://www.meetup.com/cities/gb/28/croxteth/;Croxteth;croxteth
http://www.meetup.com/cities/gb/28/dentons_green/;Dentons Green;dentons_green
http://www.meetup.com/cities/gb/28/dingle/;Dingle;dingle
http://www.meetup.com/cities/gb/28/dovecot/;Dovecot;dovecot
http://www.meetup.com/cities/gb/28/eastham/;Eastham;eastham
http://www.meetup.com/cities/gb/28/eccleston/;Eccleston;eccleston
http://www.meetup.com/cities/gb/28/eccleston_lane_ends/;Eccleston Lane Ends;eccleston_lane_ends
http://www.meetup.com/cities/gb/28/eccleston_park/;Eccleston Park;eccleston_park
http://www.meetup.com/cities/gb/28/edge_hill/;Edge Hill;edge_hill
http://www.meetup.com/cities/gb/28/ellesmere_port/;Ellesmere Port;ellesmere_port
http://www.meetup.com/cities/gb/28/erskine_industrial_estate/;Erskine Industrial Estate;erskine_industrial_estate
http://www.meetup.com/cities/gb/28/everton/;Everton;everton
http://www.meetup.com/cities/gb/28/fairfield/;Fairfield;fairfield
http://www.meetup.com/cities/gb/28/fazakerley/;Fazakerley;fazakerley
http://www.meetup.com/cities/gb/28/ford/;Ford;ford
http://www.meetup.com/cities/gb/28/formby/;Formby;formby
http://www.meetup.com/cities/gb/28/frankby/;Frankby;frankby
http://www.meetup.com/cities/gb/28/freshfield/;Freshfield;freshfield
http://www.meetup.com/cities/gb/28/garston/;Garston;garston
http://www.meetup.com/cities/gb/28/gateacre/;Gateacre;gateacre
http://www.meetup.com/cities/gb/28/gilmoss_industrial_estate/;Gilmoss Industrial Estate;gilmoss_industrial_estate
http://www.meetup.com/cities/gb/28/golborne/;Golborne;golborne
http://www.meetup.com/cities/gb/28/grange_park/;Grange Park;grange_park
http://www.meetup.com/cities/gb/28/grassendale_park/;Grassendale Park;grassendale_park
http://www.meetup.com/cities/gb/28/greasby/;Greasby;greasby
http://www.meetup.com/cities/gb/28/great_crosby/;Great Crosby;great_crosby
http://www.meetup.com/cities/gb/28/great_sankey/;Great Sankey;great_sankey
http://www.meetup.com/cities/gb/28/hale_village/;Hale Village;hale_village
http://www.meetup.com/cities/gb/28/halewood/;Halewood;halewood
http://www.meetup.com/cities/gb/28/halsnead_park/;Halsnead Park;halsnead_park
http://www.meetup.com/cities/gb/28/haydock/;Haydock;haydock
http://www.meetup.com/cities/gb/28/haydock_industrial_estate/;Haydock Industrial Estate;haydock_industrial_estate
http://www.meetup.com/cities/gb/28/heswall/;Heswall;heswall
http://www.meetup.com/cities/gb/28/higher_bebington/;Higher Bebington;higher_bebington
http://www.meetup.com/cities/gb/28/higher_tranmere/;Higher Tranmere;higher_tranmere
http://www.meetup.com/cities/gb/28/hightown/;Hightown;hightown
http://www.meetup.com/cities/gb/28/hooton/;Hooton;hooton
http://www.meetup.com/cities/gb/28/hoylake/;Hoylake;hoylake
http://www.meetup.com/cities/gb/28/hunts_cross/;Hunts Cross;hunts_cross
http://www.meetup.com/cities/gb/28/huyton/;Huyton;huyton
http://www.meetup.com/cities/gb/28/ince_blundell/;Ince Blundell;ince_blundell
http://www.meetup.com/cities/gb/28/irby/;Irby;irby
http://www.meetup.com/cities/gb/28/kensington/;Kensington;kensington
http://www.meetup.com/cities/gb/28/kings_moss/;Kings Moss;kings_moss
http://www.meetup.com/cities/gb/28/kirkby/;Kirkby;kirkby
http://www.meetup.com/cities/gb/28/kirkdale/;Kirkdale;kirkdale
http://www.meetup.com/cities/gb/28/knotty_ash/;Knotty Ash;knotty_ash
http://www.meetup.com/cities/gb/28/knowsley/;Knowsley;knowsley
http://www.meetup.com/cities/gb/28/knowsley_business_park/;Knowsley Business Park;knowsley_business_park
http://www.meetup.com/cities/gb/28/knowsley_industrial_park/;Knowsley Industrial Park;knowsley_industrial_park
http://www.meetup.com/cities/gb/28/knowsley_industrial_park_north/;Knowsley Industrial Park North;knowsley_industrial_park_north
http://www.meetup.com/cities/gb/28/knowsley_park/;Knowsley Park;knowsley_park
http://www.meetup.com/cities/gb/28/lairdside_technology_park/;Lairdside Technology Park;lairdside_technology_park
http://www.meetup.com/cities/gb/28/litherland/;Litherland;litherland
http://www.meetup.com/cities/gb/28/little_crosby_village/;Little Crosby Village;little_crosby_village
http://www.meetup.com/cities/gb/28/liverpool/;Liverpool;liverpool
http://www.meetup.com/cities/gb/28/liverpool_airport/;Liverpool Airport;liverpool_airport
http://www.meetup.com/cities/gb/28/low_hill/;Low Hill;low_hill
http://www.meetup.com/cities/gb/28/lowton/;Lowton;lowton
http://www.meetup.com/cities/gb/28/lydiate/;Lydiate;lydiate
http://www.meetup.com/cities/gb/28/maghull/;Maghull;maghull
http://www.meetup.com/cities/gb/28/melling/;Melling;melling
http://www.meetup.com/cities/gb/28/meols/;Meols;meols
http://www.meetup.com/cities/gb/28/millers_bridge_industrial_estate/;Millers Bridge Industrial Estate;millers_bridge_industrial_estate
http://www.meetup.com/cities/gb/28/moreton/;Moreton;moreton
http://www.meetup.com/cities/gb/28/mossley_hill/;Mossley Hill;mossley_hill
http://www.meetup.com/cities/gb/28/neston/;Neston;neston
http://www.meetup.com/cities/gb/28/netherley/;Netherley;netherley
http://www.meetup.com/cities/gb/28/netherton/;Netherton;netherton
http://www.meetup.com/cities/gb/28/new_ferry/;New Ferry;new_ferry
http://www.meetup.com/cities/gb/28/newton-le-willows/;Newton-le-Willows;newton-le-willows
http://www.meetup.com/cities/gb/28/norris_green/;Norris Green;norris_green
http://www.meetup.com/cities/gb/28/north_cheshire_trading_estate/;North Cheshire Trading Estate;north_cheshire_trading_estate
http://www.meetup.com/cities/gb/28/old_boston_trading_estate/;Old Boston Trading Estate;old_boston_trading_estate
http://www.meetup.com/cities/gb/28/old_hall_industrial_estate/;Old Hall Industrial Estate;old_hall_industrial_estate
http://www.meetup.com/cities/gb/28/old_roan/;Old Roan;old_roan
http://www.meetup.com/cities/gb/28/old_swan/;Old Swan;old_swan
http://www.meetup.com/cities/gb/28/orrell_park/;Orrell Park;orrell_park
http://www.meetup.com/cities/gb/28/page_moss/;Page Moss;page_moss
http://www.meetup.com/cities/gb/28/parkgate/;Parkgate;parkgate
http://www.meetup.com/cities/gb/28/parr/;Parr;parr
http://www.meetup.com/cities/gb/28/parr_industrial_estate/;Parr Industrial Estate;parr_industrial_estate
http://www.meetup.com/cities/gb/28/pensby/;Pensby;pensby
http://www.meetup.com/cities/gb/28/port_sunlight/;Port Sunlight;port_sunlight
http://www.meetup.com/cities/gb/28/prenton/;Prenton;prenton
http://www.meetup.com/cities/gb/28/prescot/;Prescot;prescot
http://www.meetup.com/cities/gb/28/princes_park/;Princes Park;princes_park
http://www.meetup.com/cities/gb/28/raby_mere/;Raby Mere;raby_mere
http://www.meetup.com/cities/gb/28/rainford/;Rainford;rainford
http://www.meetup.com/cities/gb/28/rainford_industrial_estate/;Rainford Industrial Estate;rainford_industrial_estate
http://www.meetup.com/cities/gb/28/rainhill/;Rainhill;rainhill
http://www.meetup.com/cities/gb/28/reginald_road_industrial_estate/;Reginald Road Industrial Estate;reginald_road_industrial_estate
http://www.meetup.com/cities/gb/28/roby/;Roby;roby
http://www.meetup.com/cities/gb/28/sandfield_park/;Sandfield Park;sandfield_park
http://www.meetup.com/cities/gb/28/scarisbrick/;Scarisbrick;scarisbrick
http://www.meetup.com/cities/gb/28/seaforth/;Seaforth;seaforth
http://www.meetup.com/cities/gb/28/sefton/;Sefton;sefton
http://www.meetup.com/cities/gb/28/sefton_park/;Sefton Park;sefton_park
http://www.meetup.com/cities/gb/28/sherdley_road_industrial_estate/;Sherdley Road Industrial Estate;sherdley_road_industrial_estate
http://www.meetup.com/cities/gb/28/simonswood/;Simonswood;simonswood
http://www.meetup.com/cities/gb/28/southport/;Southport;southport
http://www.meetup.com/cities/gb/28/speke/;Speke;speke
http://www.meetup.com/cities/gb/28/spital/;Spital;spital
http://www.meetup.com/cities/gb/28/stanley/;Stanley;stanley
http://www.meetup.com/cities/gb/28/st_helens/;St Helens;st_helens
http://www.meetup.com/cities/gb/28/stockbridge_village/;Stockbridge Village;stockbridge_village
http://www.meetup.com/cities/gb/28/stoneycroft/;Stoneycroft;stoneycroft
http://www.meetup.com/cities/gb/28/sutton_leach/;Sutton Leach;sutton_leach
http://www.meetup.com/cities/gb/28/sutton_manor/;Sutton Manor;sutton_manor
http://www.meetup.com/cities/gb/28/tarbock/;Tarbock;tarbock
http://www.meetup.com/cities/gb/28/tarbock_green/;Tarbock Green;tarbock_green
http://www.meetup.com/cities/gb/28/tarran_industrial_estate/;Tarran Industrial Estate;tarran_industrial_estate
http://www.meetup.com/cities/gb/28/thatto_heath/;Thatto Heath;thatto_heath
http://www.meetup.com/cities/gb/28/thingwall/;Thingwall;thingwall
http://www.meetup.com/cities/gb/28/thornton/;Thornton;thornton
http://www.meetup.com/cities/gb/28/thornton_hough/;Thornton Hough;thornton_hough
http://www.meetup.com/cities/gb/28/thurstaston/;Thurstaston;thurstaston
http://www.meetup.com/cities/gb/28/toxteth/;Toxteth;toxteth
http://www.meetup.com/cities/gb/28/tuebrook/;Tuebrook;tuebrook
http://www.meetup.com/cities/gb/28/upholland/;Upholland;upholland
http://www.meetup.com/cities/gb/28/upton/;Upton;upton
http://www.meetup.com/cities/gb/28/wallasey/;Wallasey;wallasey
http://www.meetup.com/cities/gb/28/walton/;Walton;walton
http://www.meetup.com/cities/gb/28/waterloo/;Waterloo;waterloo
http://www.meetup.com/cities/gb/28/wavertree/;Wavertree;wavertree
http://www.meetup.com/cities/gb/28/west_derby/;West Derby;west_derby
http://www.meetup.com/cities/gb/28/west_kirby/;West Kirby;west_kirby
http://www.meetup.com/cities/gb/28/whiston/;Whiston;whiston
http://www.meetup.com/cities/gb/28/widnes/;Widnes;widnes
http://www.meetup.com/cities/gb/28/willaston/;Willaston;willaston
http://www.meetup.com/cities/gb/28/windle/;Windle;windle
http://www.meetup.com/cities/gb/28/winwick/;Winwick;winwick
http://www.meetup.com/cities/gb/28/wirral/;Wirral;wirral
http://www.meetup.com/cities/gb/28/woodchurch/;Woodchurch;woodchurch
http://www.meetup.com/cities/gb/28/woolton/;Woolton;woolton
