http://www.meetup.com/cities/gb/03/aldermaston/;Aldermaston;aldermaston
http://www.meetup.com/cities/gb/03/aldworth/;Aldworth;aldworth
http://www.meetup.com/cities/gb/03/arborfield/;Arborfield;arborfield
http://www.meetup.com/cities/gb/03/arborfield_cross/;Arborfield Cross;arborfield_cross
http://www.meetup.com/cities/gb/03/ascot/;Ascot;ascot
http://www.meetup.com/cities/gb/03/ashampstead/;Ashampstead;ashampstead
http://www.meetup.com/cities/gb/03/ashampstead_common/;Ashampstead Common;ashampstead_common
http://www.meetup.com/cities/gb/03/ashmore_green/;Ashmore Green;ashmore_green
http://www.meetup.com/cities/gb/03/aston/;Aston;aston
http://www.meetup.com/cities/gb/03/avington/;Avington;avington
http://www.meetup.com/cities/gb/03/bagnor/;Bagnor;bagnor
http://www.meetup.com/cities/gb/03/barkham/;Barkham;barkham
http://www.meetup.com/cities/gb/03/beech_hill/;Beech Hill;beech_hill
http://www.meetup.com/cities/gb/03/beedon/;Beedon;beedon
http://www.meetup.com/cities/gb/03/beedon_common/;Beedon Common;beedon_common
http://www.meetup.com/cities/gb/03/beenham/;Beenham;beenham
http://www.meetup.com/cities/gb/03/benham_hill/;Benham Hill;benham_hill
http://www.meetup.com/cities/gb/03/benham_valence/;Benham Valence;benham_valence
http://www.meetup.com/cities/gb/03/billingbear/;Billingbear;billingbear
http://www.meetup.com/cities/gb/03/binfield/;Binfield;binfield
http://www.meetup.com/cities/gb/03/bisham/;Bisham;bisham
http://www.meetup.com/cities/gb/03/boxford/;Boxford;boxford
http://www.meetup.com/cities/gb/03/bracknell/;Bracknell;bracknell
http://www.meetup.com/cities/gb/03/bradfield/;Bradfield;bradfield
http://www.meetup.com/cities/gb/03/bray/;Bray;bray
http://www.meetup.com/cities/gb/03/brightwalton/;Brightwalton;brightwalton
http://www.meetup.com/cities/gb/03/brimpton/;Brimpton;brimpton
http://www.meetup.com/cities/gb/03/brock_hill/;Brock Hill;brock_hill
http://www.meetup.com/cities/gb/03/bucklebury/;Bucklebury;bucklebury
http://www.meetup.com/cities/gb/03/burchetts_green/;Burchetts Green;burchetts_green
http://www.meetup.com/cities/gb/03/burghfield/;Burghfield;burghfield
http://www.meetup.com/cities/gb/03/burghfield_common/;Burghfield Common;burghfield_common
http://www.meetup.com/cities/gb/03/burnt_hill/;Burnt Hill;burnt_hill
http://www.meetup.com/cities/gb/03/calcot/;Calcot;calcot
http://www.meetup.com/cities/gb/03/cane_end/;Cane End;cane_end
http://www.meetup.com/cities/gb/03/catmore/;Catmore;catmore
http://www.meetup.com/cities/gb/03/caversham/;Caversham;caversham
http://www.meetup.com/cities/gb/03/chaddleworth/;Chaddleworth;chaddleworth
http://www.meetup.com/cities/gb/03/chalkhouse_green/;Chalkhouse Green;chalkhouse_green
http://www.meetup.com/cities/gb/03/chalvey/;Chalvey;chalvey
http://www.meetup.com/cities/gb/03/chapel_row/;Chapel Row;chapel_row
http://www.meetup.com/cities/gb/03/charvil/;Charvil;charvil
http://www.meetup.com/cities/gb/03/chavey_down/;Chavey Down;chavey_down
http://www.meetup.com/cities/gb/03/chazey_heath/;Chazey Heath;chazey_heath
http://www.meetup.com/cities/gb/03/checkendon/;Checkendon;checkendon
http://www.meetup.com/cities/gb/03/chieveley/;Chieveley;chieveley
http://www.meetup.com/cities/gb/03/chilton/;Chilton;chilton
http://www.meetup.com/cities/gb/03/cippenham/;Cippenham;cippenham
http://www.meetup.com/cities/gb/03/cockpole_green/;Cockpole Green;cockpole_green
http://www.meetup.com/cities/gb/03/cold_ash/;Cold Ash;cold_ash
http://www.meetup.com/cities/gb/03/cold_harbour/;Cold Harbour;cold_harbour
http://www.meetup.com/cities/gb/03/college_town/;College Town;college_town
http://www.meetup.com/cities/gb/03/colnbrook/;Colnbrook;colnbrook
http://www.meetup.com/cities/gb/03/colthrop/;Colthrop;colthrop
http://www.meetup.com/cities/gb/03/combe/;Combe;combe
http://www.meetup.com/cities/gb/03/compton/;Compton;compton
http://www.meetup.com/cities/gb/03/cookham/;Cookham;cookham
http://www.meetup.com/cities/gb/03/cookham_dean/;Cookham Dean;cookham_dean
http://www.meetup.com/cities/gb/03/crays_pond/;Crays Pond;crays_pond
http://www.meetup.com/cities/gb/03/crazies_hill/;Crazies Hill;crazies_hill
http://www.meetup.com/cities/gb/03/crockham_heath/;Crockham Heath;crockham_heath
http://www.meetup.com/cities/gb/03/crookham/;Crookham;crookham
http://www.meetup.com/cities/gb/03/crookham_common/;Crookham Common;crookham_common
http://www.meetup.com/cities/gb/03/crowthorne/;Crowthorne;crowthorne
http://www.meetup.com/cities/gb/03/curridge/;Curridge;curridge
http://www.meetup.com/cities/gb/03/datchet/;Datchet;datchet
http://www.meetup.com/cities/gb/03/denford_park/;Denford Park;denford_park
http://www.meetup.com/cities/gb/03/donnington/;Donnington;donnington
http://www.meetup.com/cities/gb/03/down_end/;Down End;down_end
http://www.meetup.com/cities/gb/03/dunsden/;Dunsden;dunsden
http://www.meetup.com/cities/gb/03/earley/;Earley;earley
http://www.meetup.com/cities/gb/03/eastbury/;Eastbury;eastbury
http://www.meetup.com/cities/gb/03/east_garston/;East Garston;east_garston
http://www.meetup.com/cities/gb/03/east_ilsley/;East Ilsley;east_ilsley
http://www.meetup.com/cities/gb/03/easton/;Easton;easton
http://www.meetup.com/cities/gb/03/eddington/;Eddington;eddington
http://www.meetup.com/cities/gb/03/elcot/;Elcot;elcot
http://www.meetup.com/cities/gb/03/eling_hermitage/;Eling Hermitage;eling_hermitage
http://www.meetup.com/cities/gb/03/emmer_green/;Emmer Green;emmer_green
http://www.meetup.com/cities/gb/03/enborne/;Enborne;enborne
http://www.meetup.com/cities/gb/03/englefield/;Englefield;englefield
http://www.meetup.com/cities/gb/03/eton/;Eton;eton
http://www.meetup.com/cities/gb/03/eton_college/;Eton College;eton_college
http://www.meetup.com/cities/gb/03/eton_wick/;Eton Wick;eton_wick
http://www.meetup.com/cities/gb/03/farley_hill/;Farley Hill;farley_hill
http://www.meetup.com/cities/gb/03/fifield/;Fifield;fifield
http://www.meetup.com/cities/gb/03/finchampstead/;Finchampstead;finchampstead
http://www.meetup.com/cities/gb/03/frilsham/;Frilsham;frilsham
http://www.meetup.com/cities/gb/03/gallowstree_common/;Gallowstree Common;gallowstree_common
http://www.meetup.com/cities/gb/03/goddards_green/;Goddards Green;goddards_green
http://www.meetup.com/cities/gb/03/goring/;Goring;goring
http://www.meetup.com/cities/gb/03/goring_heath/;Goring Heath;goring_heath
http://www.meetup.com/cities/gb/03/grazeley/;Grazeley;grazeley
http://www.meetup.com/cities/gb/03/grazeley_green/;Grazeley Green;grazeley_green
http://www.meetup.com/cities/gb/03/great_shefford/;Great Shefford;great_shefford
http://www.meetup.com/cities/gb/03/greenham/;Greenham;greenham
http://www.meetup.com/cities/gb/03/halfway/;Halfway;halfway
http://www.meetup.com/cities/gb/03/hampstead_norreys/;Hampstead Norreys;hampstead_norreys
http://www.meetup.com/cities/gb/03/hamstead_marshall/;Hamstead Marshall;hamstead_marshall
http://www.meetup.com/cities/gb/03/hare_hatch/;Hare Hatch;hare_hatch
http://www.meetup.com/cities/gb/03/hayley_green/;Hayley Green;hayley_green
http://www.meetup.com/cities/gb/03/heads_hill/;Heads Hill;heads_hill
http://www.meetup.com/cities/gb/03/henwick/;Henwick;henwick
http://www.meetup.com/cities/gb/03/hermitage/;Hermitage;hermitage
http://www.meetup.com/cities/gb/03/hoe_benham/;Hoe Benham;hoe_benham
http://www.meetup.com/cities/gb/03/holyport/;Holyport;holyport
http://www.meetup.com/cities/gb/03/honey_bottom/;Honey Bottom;honey_bottom
http://www.meetup.com/cities/gb/03/horton/;Horton;horton
http://www.meetup.com/cities/gb/03/hungerford_park/;Hungerford Park;hungerford_park
http://www.meetup.com/cities/gb/03/hunts_green/;Hunts Green;hunts_green
http://www.meetup.com/cities/gb/03/hurley/;Hurley;hurley
http://www.meetup.com/cities/gb/03/hurst/;Hurst;hurst
http://www.meetup.com/cities/gb/03/inkpen/;Inkpen;inkpen
http://www.meetup.com/cities/gb/03/inkpen_common/;Inkpen Common;inkpen_common
http://www.meetup.com/cities/gb/03/kidmore_end/;Kidmore End;kidmore_end
http://www.meetup.com/cities/gb/03/kiln_green/;Kiln Green;kiln_green
http://www.meetup.com/cities/gb/03/kintbury/;Kintbury;kintbury
http://www.meetup.com/cities/gb/03/kintbury_holt/;Kintbury Holt;kintbury_holt
http://www.meetup.com/cities/gb/03/knowl_hill/;Knowl Hill;knowl_hill
http://www.meetup.com/cities/gb/03/lambourn_woodlands/;Lambourn Woodlands;lambourn_woodlands
http://www.meetup.com/cities/gb/03/lands_end/;Lands End;lands_end
http://www.meetup.com/cities/gb/03/leckhampstead/;Leckhampstead;leckhampstead
http://www.meetup.com/cities/gb/03/leverton/;Leverton;leverton
http://www.meetup.com/cities/gb/03/little_sandhurst/;Little Sandhurst;little_sandhurst
http://www.meetup.com/cities/gb/03/littlewick_green/;Littlewick Green;littlewick_green
http://www.meetup.com/cities/gb/03/lower_basildon/;Lower Basildon;lower_basildon
http://www.meetup.com/cities/gb/03/lower_denford/;Lower Denford;lower_denford
http://www.meetup.com/cities/gb/03/lower_earley/;Lower Earley;lower_earley
http://www.meetup.com/cities/gb/03/lower_padworth/;Lower Padworth;lower_padworth
http://www.meetup.com/cities/gb/03/maidenhead/;Maidenhead;maidenhead
http://www.meetup.com/cities/gb/03/maidens_green/;Maidens Green;maidens_green
http://www.meetup.com/cities/gb/03/mapledurham/;Mapledurham;mapledurham
http://www.meetup.com/cities/gb/03/mapledurham_village/;Mapledurham Village;mapledurham_village
http://www.meetup.com/cities/gb/03/marlston_hermitage/;Marlston Hermitage;marlston_hermitage
http://www.meetup.com/cities/gb/03/marsh_benham/;Marsh Benham;marsh_benham
http://www.meetup.com/cities/gb/03/midgham/;Midgham;midgham
http://www.meetup.com/cities/gb/03/newbury/;Newbury;newbury
http://www.meetup.com/cities/gb/03/newell_green/;Newell Green;newell_green
http://www.meetup.com/cities/gb/03/newtown/;Newtown;newtown
http://www.meetup.com/cities/gb/03/north_ascot/;North Ascot;north_ascot
http://www.meetup.com/cities/gb/03/north_fawley/;North Fawley;north_fawley
http://www.meetup.com/cities/gb/03/north_standen/;North Standen;north_standen
http://www.meetup.com/cities/gb/03/nuptown/;Nuptown;nuptown
http://www.meetup.com/cities/gb/03/oakley_green/;Oakley Green;oakley_green
http://www.meetup.com/cities/gb/03/owlsmoor/;Owlsmoor;owlsmoor
http://www.meetup.com/cities/gb/03/ownham/;Ownham;ownham
http://www.meetup.com/cities/gb/03/padworth/;Padworth;padworth
http://www.meetup.com/cities/gb/03/paley_street/;Paley Street;paley_street
http://www.meetup.com/cities/gb/03/pangbourne/;Pangbourne;pangbourne
http://www.meetup.com/cities/gb/03/peasemore/;Peasemore;peasemore
http://www.meetup.com/cities/gb/03/pingewood/;Pingewood;pingewood
http://www.meetup.com/cities/gb/03/playhatch/;Playhatch;playhatch
http://www.meetup.com/cities/gb/03/purley_on_thames/;Purley on Thames;purley_on_thames
http://www.meetup.com/cities/gb/03/radley/;Radley;radley
http://www.meetup.com/cities/gb/03/reading/;Reading;reading
http://www.meetup.com/cities/gb/03/remenham/;Remenham;remenham
http://www.meetup.com/cities/gb/03/riseley/;Riseley;riseley
http://www.meetup.com/cities/gb/03/rosehill/;Rosehill;rosehill
http://www.meetup.com/cities/gb/03/ruscombe/;Ruscombe;ruscombe
http://www.meetup.com/cities/gb/03/ryeish_green/;Ryeish Green;ryeish_green
http://www.meetup.com/cities/gb/03/sandford/;Sandford;sandford
http://www.meetup.com/cities/gb/03/sandhurst/;Sandhurst;sandhurst
http://www.meetup.com/cities/gb/03/shaw/;Shaw;shaw
http://www.meetup.com/cities/gb/03/shefford_woodlands/;Shefford Woodlands;shefford_woodlands
http://www.meetup.com/cities/gb/03/shinfield/;Shinfield;shinfield
http://www.meetup.com/cities/gb/03/shurlock_row/;Shurlock Row;shurlock_row
http://www.meetup.com/cities/gb/03/sindlesham/;Sindlesham;sindlesham
http://www.meetup.com/cities/gb/03/slough/;Slough;slough
http://www.meetup.com/cities/gb/03/snelsmore/;Snelsmore;snelsmore
http://www.meetup.com/cities/gb/03/snelsmore_common/;Snelsmore Common;snelsmore_common
http://www.meetup.com/cities/gb/03/sonning/;Sonning;sonning
http://www.meetup.com/cities/gb/03/sonning_common/;Sonning Common;sonning_common
http://www.meetup.com/cities/gb/03/sonning_eye/;Sonning Eye;sonning_eye
http://www.meetup.com/cities/gb/03/south_ascot/;South Ascot;south_ascot
http://www.meetup.com/cities/gb/03/southend/;Southend;southend
http://www.meetup.com/cities/gb/03/south_fawley/;South Fawley;south_fawley
http://www.meetup.com/cities/gb/03/south_stoke/;South Stoke;south_stoke
http://www.meetup.com/cities/gb/03/speen/;Speen;speen
http://www.meetup.com/cities/gb/03/speenhamland/;Speenhamland;speenhamland
http://www.meetup.com/cities/gb/03/spencers_wood/;Spencers Wood;spencers_wood
http://www.meetup.com/cities/gb/03/stanford_dingley/;Stanford Dingley;stanford_dingley
http://www.meetup.com/cities/gb/03/stockcross/;Stockcross;stockcross
http://www.meetup.com/cities/gb/03/streatley/;Streatley;streatley
http://www.meetup.com/cities/gb/03/sulham/;Sulham;sulham
http://www.meetup.com/cities/gb/03/sulhamstead/;Sulhamstead;sulhamstead
http://www.meetup.com/cities/gb/03/sulhamstead_abbots/;Sulhamstead Abbots;sulhamstead_abbots
http://www.meetup.com/cities/gb/03/sunningdale/;Sunningdale;sunningdale
http://www.meetup.com/cities/gb/03/sunninghill/;Sunninghill;sunninghill
http://www.meetup.com/cities/gb/03/swallowfield/;Swallowfield;swallowfield
http://www.meetup.com/cities/gb/03/templecombe/;Templecombe;templecombe
http://www.meetup.com/cities/gb/03/thatcham/;Thatcham;thatcham
http://www.meetup.com/cities/gb/03/theale/;Theale;theale
http://www.meetup.com/cities/gb/03/three_mile_cross/;Three Mile Cross;three_mile_cross
http://www.meetup.com/cities/gb/03/tidmarsh/;Tidmarsh;tidmarsh
http://www.meetup.com/cities/gb/03/tilehurst/;Tilehurst;tilehurst
http://www.meetup.com/cities/gb/03/tokers_green/;Tokers Green;tokers_green
http://www.meetup.com/cities/gb/03/tutts_clump/;Tutts Clump;tutts_clump
http://www.meetup.com/cities/gb/03/twyford/;Twyford;twyford
http://www.meetup.com/cities/gb/03/ufton_nervet/;Ufton Nervet;ufton_nervet
http://www.meetup.com/cities/gb/03/upper_basildon/;Upper Basildon;upper_basildon
http://www.meetup.com/cities/gb/03/upper_bucklebury/;Upper Bucklebury;upper_bucklebury
http://www.meetup.com/cities/gb/03/upper_culham/;Upper Culham;upper_culham
http://www.meetup.com/cities/gb/03/upper_denford/;Upper Denford;upper_denford
http://www.meetup.com/cities/gb/03/upper_eddington/;Upper Eddington;upper_eddington
http://www.meetup.com/cities/gb/03/upper_lambourn/;Upper Lambourn;upper_lambourn
http://www.meetup.com/cities/gb/03/upper_woolhampton/;Upper Woolhampton;upper_woolhampton
http://www.meetup.com/cities/gb/03/waltham_st_lawrence/;Waltham St Lawrence;waltham_st_lawrence
http://www.meetup.com/cities/gb/03/warfield/;Warfield;warfield
http://www.meetup.com/cities/gb/03/warfield_park/;Warfield Park;warfield_park
http://www.meetup.com/cities/gb/03/wargrave/;Wargrave;wargrave
http://www.meetup.com/cities/gb/03/warren_row/;Warren Row;warren_row
http://www.meetup.com/cities/gb/03/water_oakley/;Water Oakley;water_oakley
http://www.meetup.com/cities/gb/03/welford/;Welford;welford
http://www.meetup.com/cities/gb/03/wellington_college/;Wellington College;wellington_college
http://www.meetup.com/cities/gb/03/westbrook/;Westbrook;westbrook
http://www.meetup.com/cities/gb/03/west_ilsley/;West Ilsley;west_ilsley
http://www.meetup.com/cities/gb/03/weston/;Weston;weston
http://www.meetup.com/cities/gb/03/whatcombe/;Whatcombe;whatcombe
http://www.meetup.com/cities/gb/03/whistley_green/;Whistley Green;whistley_green
http://www.meetup.com/cities/gb/03/whitchurch_hill/;Whitchurch Hill;whitchurch_hill
http://www.meetup.com/cities/gb/03/whitchurch_on_thames/;Whitchurch on Thames;whitchurch_on_thames
http://www.meetup.com/cities/gb/03/white_waltham/;White Waltham;white_waltham
http://www.meetup.com/cities/gb/03/wickham/;Wickham;wickham
http://www.meetup.com/cities/gb/03/wickham_heath/;Wickham Heath;wickham_heath
http://www.meetup.com/cities/gb/03/windsor/;Windsor;windsor
http://www.meetup.com/cities/gb/03/windsor_castle/;Windsor Castle;windsor_castle
http://www.meetup.com/cities/gb/03/winkfield/;Winkfield;winkfield
http://www.meetup.com/cities/gb/03/winkfield_row/;Winkfield Row;winkfield_row
http://www.meetup.com/cities/gb/03/winnersh/;Winnersh;winnersh
http://www.meetup.com/cities/gb/03/winterbourne/;Winterbourne;winterbourne
http://www.meetup.com/cities/gb/03/wokefield_green/;Wokefield Green;wokefield_green
http://www.meetup.com/cities/gb/03/wokingham/;Wokingham;wokingham
http://www.meetup.com/cities/gb/03/woodcote/;Woodcote;woodcote
http://www.meetup.com/cities/gb/03/woodlands_st_mary/;Woodlands St Mary;woodlands_st_mary
http://www.meetup.com/cities/gb/03/woodley/;Woodley;woodley
http://www.meetup.com/cities/gb/03/woodspeen/;Woodspeen;woodspeen
http://www.meetup.com/cities/gb/03/woolhampton/;Woolhampton;woolhampton
http://www.meetup.com/cities/gb/03/woolley/;Woolley;woolley
http://www.meetup.com/cities/gb/03/woosehill/;Woosehill;woosehill
http://www.meetup.com/cities/gb/03/wraysbury/;Wraysbury;wraysbury
http://www.meetup.com/cities/gb/03/wyfold/;Wyfold;wyfold
http://www.meetup.com/cities/gb/03/yattendon/;Yattendon;yattendon
http://www.meetup.com/cities/gb/03/aldermaston/;Aldermaston;aldermaston
http://www.meetup.com/cities/gb/03/aldworth/;Aldworth;aldworth
http://www.meetup.com/cities/gb/03/arborfield/;Arborfield;arborfield
http://www.meetup.com/cities/gb/03/arborfield_cross/;Arborfield Cross;arborfield_cross
http://www.meetup.com/cities/gb/03/ascot/;Ascot;ascot
http://www.meetup.com/cities/gb/03/ashampstead/;Ashampstead;ashampstead
http://www.meetup.com/cities/gb/03/ashampstead_common/;Ashampstead Common;ashampstead_common
http://www.meetup.com/cities/gb/03/ashmore_green/;Ashmore Green;ashmore_green
http://www.meetup.com/cities/gb/03/aston/;Aston;aston
http://www.meetup.com/cities/gb/03/avington/;Avington;avington
http://www.meetup.com/cities/gb/03/bagnor/;Bagnor;bagnor
http://www.meetup.com/cities/gb/03/barkham/;Barkham;barkham
http://www.meetup.com/cities/gb/03/beech_hill/;Beech Hill;beech_hill
http://www.meetup.com/cities/gb/03/beedon/;Beedon;beedon
http://www.meetup.com/cities/gb/03/beedon_common/;Beedon Common;beedon_common
http://www.meetup.com/cities/gb/03/beenham/;Beenham;beenham
http://www.meetup.com/cities/gb/03/benham_hill/;Benham Hill;benham_hill
http://www.meetup.com/cities/gb/03/benham_valence/;Benham Valence;benham_valence
http://www.meetup.com/cities/gb/03/billingbear/;Billingbear;billingbear
http://www.meetup.com/cities/gb/03/binfield/;Binfield;binfield
http://www.meetup.com/cities/gb/03/bisham/;Bisham;bisham
http://www.meetup.com/cities/gb/03/boxford/;Boxford;boxford
http://www.meetup.com/cities/gb/03/bracknell/;Bracknell;bracknell
http://www.meetup.com/cities/gb/03/bradfield/;Bradfield;bradfield
http://www.meetup.com/cities/gb/03/bray/;Bray;bray
http://www.meetup.com/cities/gb/03/brightwalton/;Brightwalton;brightwalton
http://www.meetup.com/cities/gb/03/brimpton/;Brimpton;brimpton
http://www.meetup.com/cities/gb/03/brock_hill/;Brock Hill;brock_hill
http://www.meetup.com/cities/gb/03/bucklebury/;Bucklebury;bucklebury
http://www.meetup.com/cities/gb/03/burchetts_green/;Burchetts Green;burchetts_green
http://www.meetup.com/cities/gb/03/burghfield/;Burghfield;burghfield
http://www.meetup.com/cities/gb/03/burghfield_common/;Burghfield Common;burghfield_common
http://www.meetup.com/cities/gb/03/burnt_hill/;Burnt Hill;burnt_hill
http://www.meetup.com/cities/gb/03/calcot/;Calcot;calcot
http://www.meetup.com/cities/gb/03/cane_end/;Cane End;cane_end
http://www.meetup.com/cities/gb/03/catmore/;Catmore;catmore
http://www.meetup.com/cities/gb/03/caversham/;Caversham;caversham
http://www.meetup.com/cities/gb/03/chaddleworth/;Chaddleworth;chaddleworth
http://www.meetup.com/cities/gb/03/chalkhouse_green/;Chalkhouse Green;chalkhouse_green
http://www.meetup.com/cities/gb/03/chalvey/;Chalvey;chalvey
http://www.meetup.com/cities/gb/03/chapel_row/;Chapel Row;chapel_row
http://www.meetup.com/cities/gb/03/charvil/;Charvil;charvil
http://www.meetup.com/cities/gb/03/chavey_down/;Chavey Down;chavey_down
http://www.meetup.com/cities/gb/03/chazey_heath/;Chazey Heath;chazey_heath
http://www.meetup.com/cities/gb/03/checkendon/;Checkendon;checkendon
http://www.meetup.com/cities/gb/03/chieveley/;Chieveley;chieveley
http://www.meetup.com/cities/gb/03/chilton/;Chilton;chilton
http://www.meetup.com/cities/gb/03/cippenham/;Cippenham;cippenham
http://www.meetup.com/cities/gb/03/cockpole_green/;Cockpole Green;cockpole_green
http://www.meetup.com/cities/gb/03/cold_ash/;Cold Ash;cold_ash
http://www.meetup.com/cities/gb/03/cold_harbour/;Cold Harbour;cold_harbour
http://www.meetup.com/cities/gb/03/college_town/;College Town;college_town
http://www.meetup.com/cities/gb/03/colnbrook/;Colnbrook;colnbrook
http://www.meetup.com/cities/gb/03/colthrop/;Colthrop;colthrop
http://www.meetup.com/cities/gb/03/combe/;Combe;combe
http://www.meetup.com/cities/gb/03/compton/;Compton;compton
http://www.meetup.com/cities/gb/03/cookham/;Cookham;cookham
http://www.meetup.com/cities/gb/03/cookham_dean/;Cookham Dean;cookham_dean
http://www.meetup.com/cities/gb/03/crays_pond/;Crays Pond;crays_pond
http://www.meetup.com/cities/gb/03/crazies_hill/;Crazies Hill;crazies_hill
http://www.meetup.com/cities/gb/03/crockham_heath/;Crockham Heath;crockham_heath
http://www.meetup.com/cities/gb/03/crookham/;Crookham;crookham
http://www.meetup.com/cities/gb/03/crookham_common/;Crookham Common;crookham_common
http://www.meetup.com/cities/gb/03/crowthorne/;Crowthorne;crowthorne
http://www.meetup.com/cities/gb/03/curridge/;Curridge;curridge
http://www.meetup.com/cities/gb/03/datchet/;Datchet;datchet
http://www.meetup.com/cities/gb/03/denford_park/;Denford Park;denford_park
http://www.meetup.com/cities/gb/03/donnington/;Donnington;donnington
http://www.meetup.com/cities/gb/03/down_end/;Down End;down_end
http://www.meetup.com/cities/gb/03/dunsden/;Dunsden;dunsden
http://www.meetup.com/cities/gb/03/earley/;Earley;earley
http://www.meetup.com/cities/gb/03/eastbury/;Eastbury;eastbury
http://www.meetup.com/cities/gb/03/east_garston/;East Garston;east_garston
http://www.meetup.com/cities/gb/03/east_ilsley/;East Ilsley;east_ilsley
http://www.meetup.com/cities/gb/03/easton/;Easton;easton
http://www.meetup.com/cities/gb/03/eddington/;Eddington;eddington
http://www.meetup.com/cities/gb/03/elcot/;Elcot;elcot
http://www.meetup.com/cities/gb/03/eling_hermitage/;Eling Hermitage;eling_hermitage
http://www.meetup.com/cities/gb/03/emmer_green/;Emmer Green;emmer_green
http://www.meetup.com/cities/gb/03/enborne/;Enborne;enborne
http://www.meetup.com/cities/gb/03/englefield/;Englefield;englefield
http://www.meetup.com/cities/gb/03/eton/;Eton;eton
http://www.meetup.com/cities/gb/03/eton_college/;Eton College;eton_college
http://www.meetup.com/cities/gb/03/eton_wick/;Eton Wick;eton_wick
http://www.meetup.com/cities/gb/03/farley_hill/;Farley Hill;farley_hill
http://www.meetup.com/cities/gb/03/fifield/;Fifield;fifield
http://www.meetup.com/cities/gb/03/finchampstead/;Finchampstead;finchampstead
http://www.meetup.com/cities/gb/03/frilsham/;Frilsham;frilsham
http://www.meetup.com/cities/gb/03/gallowstree_common/;Gallowstree Common;gallowstree_common
http://www.meetup.com/cities/gb/03/goddards_green/;Goddards Green;goddards_green
http://www.meetup.com/cities/gb/03/goring/;Goring;goring
http://www.meetup.com/cities/gb/03/goring_heath/;Goring Heath;goring_heath
http://www.meetup.com/cities/gb/03/grazeley/;Grazeley;grazeley
http://www.meetup.com/cities/gb/03/grazeley_green/;Grazeley Green;grazeley_green
http://www.meetup.com/cities/gb/03/great_shefford/;Great Shefford;great_shefford
http://www.meetup.com/cities/gb/03/greenham/;Greenham;greenham
http://www.meetup.com/cities/gb/03/halfway/;Halfway;halfway
http://www.meetup.com/cities/gb/03/hampstead_norreys/;Hampstead Norreys;hampstead_norreys
http://www.meetup.com/cities/gb/03/hamstead_marshall/;Hamstead Marshall;hamstead_marshall
http://www.meetup.com/cities/gb/03/hare_hatch/;Hare Hatch;hare_hatch
http://www.meetup.com/cities/gb/03/hayley_green/;Hayley Green;hayley_green
http://www.meetup.com/cities/gb/03/heads_hill/;Heads Hill;heads_hill
http://www.meetup.com/cities/gb/03/henwick/;Henwick;henwick
http://www.meetup.com/cities/gb/03/hermitage/;Hermitage;hermitage
http://www.meetup.com/cities/gb/03/hoe_benham/;Hoe Benham;hoe_benham
http://www.meetup.com/cities/gb/03/holyport/;Holyport;holyport
http://www.meetup.com/cities/gb/03/honey_bottom/;Honey Bottom;honey_bottom
http://www.meetup.com/cities/gb/03/horton/;Horton;horton
http://www.meetup.com/cities/gb/03/hungerford_park/;Hungerford Park;hungerford_park
http://www.meetup.com/cities/gb/03/hunts_green/;Hunts Green;hunts_green
http://www.meetup.com/cities/gb/03/hurley/;Hurley;hurley
http://www.meetup.com/cities/gb/03/hurst/;Hurst;hurst
http://www.meetup.com/cities/gb/03/inkpen/;Inkpen;inkpen
http://www.meetup.com/cities/gb/03/inkpen_common/;Inkpen Common;inkpen_common
http://www.meetup.com/cities/gb/03/kidmore_end/;Kidmore End;kidmore_end
http://www.meetup.com/cities/gb/03/kiln_green/;Kiln Green;kiln_green
http://www.meetup.com/cities/gb/03/kintbury/;Kintbury;kintbury
http://www.meetup.com/cities/gb/03/kintbury_holt/;Kintbury Holt;kintbury_holt
http://www.meetup.com/cities/gb/03/knowl_hill/;Knowl Hill;knowl_hill
http://www.meetup.com/cities/gb/03/lambourn_woodlands/;Lambourn Woodlands;lambourn_woodlands
http://www.meetup.com/cities/gb/03/lands_end/;Lands End;lands_end
http://www.meetup.com/cities/gb/03/leckhampstead/;Leckhampstead;leckhampstead
http://www.meetup.com/cities/gb/03/leverton/;Leverton;leverton
http://www.meetup.com/cities/gb/03/little_sandhurst/;Little Sandhurst;little_sandhurst
http://www.meetup.com/cities/gb/03/littlewick_green/;Littlewick Green;littlewick_green
http://www.meetup.com/cities/gb/03/lower_basildon/;Lower Basildon;lower_basildon
http://www.meetup.com/cities/gb/03/lower_denford/;Lower Denford;lower_denford
http://www.meetup.com/cities/gb/03/lower_earley/;Lower Earley;lower_earley
http://www.meetup.com/cities/gb/03/lower_padworth/;Lower Padworth;lower_padworth
http://www.meetup.com/cities/gb/03/maidenhead/;Maidenhead;maidenhead
http://www.meetup.com/cities/gb/03/maidens_green/;Maidens Green;maidens_green
http://www.meetup.com/cities/gb/03/mapledurham/;Mapledurham;mapledurham
http://www.meetup.com/cities/gb/03/mapledurham_village/;Mapledurham Village;mapledurham_village
http://www.meetup.com/cities/gb/03/marlston_hermitage/;Marlston Hermitage;marlston_hermitage
http://www.meetup.com/cities/gb/03/marsh_benham/;Marsh Benham;marsh_benham
http://www.meetup.com/cities/gb/03/midgham/;Midgham;midgham
http://www.meetup.com/cities/gb/03/newbury/;Newbury;newbury
http://www.meetup.com/cities/gb/03/newell_green/;Newell Green;newell_green
http://www.meetup.com/cities/gb/03/newtown/;Newtown;newtown
http://www.meetup.com/cities/gb/03/north_ascot/;North Ascot;north_ascot
http://www.meetup.com/cities/gb/03/north_fawley/;North Fawley;north_fawley
http://www.meetup.com/cities/gb/03/north_standen/;North Standen;north_standen
http://www.meetup.com/cities/gb/03/nuptown/;Nuptown;nuptown
http://www.meetup.com/cities/gb/03/oakley_green/;Oakley Green;oakley_green
http://www.meetup.com/cities/gb/03/owlsmoor/;Owlsmoor;owlsmoor
http://www.meetup.com/cities/gb/03/ownham/;Ownham;ownham
http://www.meetup.com/cities/gb/03/padworth/;Padworth;padworth
http://www.meetup.com/cities/gb/03/paley_street/;Paley Street;paley_street
http://www.meetup.com/cities/gb/03/pangbourne/;Pangbourne;pangbourne
http://www.meetup.com/cities/gb/03/peasemore/;Peasemore;peasemore
http://www.meetup.com/cities/gb/03/pingewood/;Pingewood;pingewood
http://www.meetup.com/cities/gb/03/playhatch/;Playhatch;playhatch
http://www.meetup.com/cities/gb/03/purley_on_thames/;Purley on Thames;purley_on_thames
http://www.meetup.com/cities/gb/03/radley/;Radley;radley
http://www.meetup.com/cities/gb/03/reading/;Reading;reading
http://www.meetup.com/cities/gb/03/remenham/;Remenham;remenham
http://www.meetup.com/cities/gb/03/riseley/;Riseley;riseley
http://www.meetup.com/cities/gb/03/rosehill/;Rosehill;rosehill
http://www.meetup.com/cities/gb/03/ruscombe/;Ruscombe;ruscombe
http://www.meetup.com/cities/gb/03/ryeish_green/;Ryeish Green;ryeish_green
http://www.meetup.com/cities/gb/03/sandford/;Sandford;sandford
http://www.meetup.com/cities/gb/03/sandhurst/;Sandhurst;sandhurst
http://www.meetup.com/cities/gb/03/shaw/;Shaw;shaw
http://www.meetup.com/cities/gb/03/shefford_woodlands/;Shefford Woodlands;shefford_woodlands
http://www.meetup.com/cities/gb/03/shinfield/;Shinfield;shinfield
http://www.meetup.com/cities/gb/03/shurlock_row/;Shurlock Row;shurlock_row
http://www.meetup.com/cities/gb/03/sindlesham/;Sindlesham;sindlesham
http://www.meetup.com/cities/gb/03/slough/;Slough;slough
http://www.meetup.com/cities/gb/03/snelsmore/;Snelsmore;snelsmore
http://www.meetup.com/cities/gb/03/snelsmore_common/;Snelsmore Common;snelsmore_common
http://www.meetup.com/cities/gb/03/sonning/;Sonning;sonning
http://www.meetup.com/cities/gb/03/sonning_common/;Sonning Common;sonning_common
http://www.meetup.com/cities/gb/03/sonning_eye/;Sonning Eye;sonning_eye
http://www.meetup.com/cities/gb/03/south_ascot/;South Ascot;south_ascot
http://www.meetup.com/cities/gb/03/southend/;Southend;southend
http://www.meetup.com/cities/gb/03/south_fawley/;South Fawley;south_fawley
http://www.meetup.com/cities/gb/03/south_stoke/;South Stoke;south_stoke
http://www.meetup.com/cities/gb/03/speen/;Speen;speen
http://www.meetup.com/cities/gb/03/speenhamland/;Speenhamland;speenhamland
http://www.meetup.com/cities/gb/03/spencers_wood/;Spencers Wood;spencers_wood
http://www.meetup.com/cities/gb/03/stanford_dingley/;Stanford Dingley;stanford_dingley
http://www.meetup.com/cities/gb/03/stockcross/;Stockcross;stockcross
http://www.meetup.com/cities/gb/03/streatley/;Streatley;streatley
http://www.meetup.com/cities/gb/03/sulham/;Sulham;sulham
http://www.meetup.com/cities/gb/03/sulhamstead/;Sulhamstead;sulhamstead
http://www.meetup.com/cities/gb/03/sulhamstead_abbots/;Sulhamstead Abbots;sulhamstead_abbots
http://www.meetup.com/cities/gb/03/sunningdale/;Sunningdale;sunningdale
http://www.meetup.com/cities/gb/03/sunninghill/;Sunninghill;sunninghill
http://www.meetup.com/cities/gb/03/swallowfield/;Swallowfield;swallowfield
http://www.meetup.com/cities/gb/03/templecombe/;Templecombe;templecombe
http://www.meetup.com/cities/gb/03/thatcham/;Thatcham;thatcham
http://www.meetup.com/cities/gb/03/theale/;Theale;theale
http://www.meetup.com/cities/gb/03/three_mile_cross/;Three Mile Cross;three_mile_cross
http://www.meetup.com/cities/gb/03/tidmarsh/;Tidmarsh;tidmarsh
http://www.meetup.com/cities/gb/03/tilehurst/;Tilehurst;tilehurst
http://www.meetup.com/cities/gb/03/tokers_green/;Tokers Green;tokers_green
http://www.meetup.com/cities/gb/03/tutts_clump/;Tutts Clump;tutts_clump
http://www.meetup.com/cities/gb/03/twyford/;Twyford;twyford
http://www.meetup.com/cities/gb/03/ufton_nervet/;Ufton Nervet;ufton_nervet
http://www.meetup.com/cities/gb/03/upper_basildon/;Upper Basildon;upper_basildon
http://www.meetup.com/cities/gb/03/upper_bucklebury/;Upper Bucklebury;upper_bucklebury
http://www.meetup.com/cities/gb/03/upper_culham/;Upper Culham;upper_culham
http://www.meetup.com/cities/gb/03/upper_denford/;Upper Denford;upper_denford
http://www.meetup.com/cities/gb/03/upper_eddington/;Upper Eddington;upper_eddington
http://www.meetup.com/cities/gb/03/upper_lambourn/;Upper Lambourn;upper_lambourn
http://www.meetup.com/cities/gb/03/upper_woolhampton/;Upper Woolhampton;upper_woolhampton
http://www.meetup.com/cities/gb/03/waltham_st_lawrence/;Waltham St Lawrence;waltham_st_lawrence
http://www.meetup.com/cities/gb/03/warfield/;Warfield;warfield
http://www.meetup.com/cities/gb/03/warfield_park/;Warfield Park;warfield_park
http://www.meetup.com/cities/gb/03/wargrave/;Wargrave;wargrave
http://www.meetup.com/cities/gb/03/warren_row/;Warren Row;warren_row
http://www.meetup.com/cities/gb/03/water_oakley/;Water Oakley;water_oakley
http://www.meetup.com/cities/gb/03/welford/;Welford;welford
http://www.meetup.com/cities/gb/03/wellington_college/;Wellington College;wellington_college
http://www.meetup.com/cities/gb/03/westbrook/;Westbrook;westbrook
http://www.meetup.com/cities/gb/03/west_ilsley/;West Ilsley;west_ilsley
http://www.meetup.com/cities/gb/03/weston/;Weston;weston
http://www.meetup.com/cities/gb/03/whatcombe/;Whatcombe;whatcombe
http://www.meetup.com/cities/gb/03/whistley_green/;Whistley Green;whistley_green
http://www.meetup.com/cities/gb/03/whitchurch_hill/;Whitchurch Hill;whitchurch_hill
http://www.meetup.com/cities/gb/03/whitchurch_on_thames/;Whitchurch on Thames;whitchurch_on_thames
http://www.meetup.com/cities/gb/03/white_waltham/;White Waltham;white_waltham
http://www.meetup.com/cities/gb/03/wickham/;Wickham;wickham
http://www.meetup.com/cities/gb/03/wickham_heath/;Wickham Heath;wickham_heath
http://www.meetup.com/cities/gb/03/windsor/;Windsor;windsor
http://www.meetup.com/cities/gb/03/windsor_castle/;Windsor Castle;windsor_castle
http://www.meetup.com/cities/gb/03/winkfield/;Winkfield;winkfield
http://www.meetup.com/cities/gb/03/winkfield_row/;Winkfield Row;winkfield_row
http://www.meetup.com/cities/gb/03/winnersh/;Winnersh;winnersh
http://www.meetup.com/cities/gb/03/winterbourne/;Winterbourne;winterbourne
http://www.meetup.com/cities/gb/03/wokefield_green/;Wokefield Green;wokefield_green
http://www.meetup.com/cities/gb/03/wokingham/;Wokingham;wokingham
http://www.meetup.com/cities/gb/03/woodcote/;Woodcote;woodcote
http://www.meetup.com/cities/gb/03/woodlands_st_mary/;Woodlands St Mary;woodlands_st_mary
http://www.meetup.com/cities/gb/03/woodley/;Woodley;woodley
http://www.meetup.com/cities/gb/03/woodspeen/;Woodspeen;woodspeen
http://www.meetup.com/cities/gb/03/woolhampton/;Woolhampton;woolhampton
http://www.meetup.com/cities/gb/03/woolley/;Woolley;woolley
http://www.meetup.com/cities/gb/03/woosehill/;Woosehill;woosehill
http://www.meetup.com/cities/gb/03/wraysbury/;Wraysbury;wraysbury
http://www.meetup.com/cities/gb/03/wyfold/;Wyfold;wyfold
http://www.meetup.com/cities/gb/03/yattendon/;Yattendon;yattendon
