http://www.meetup.com/cities/gb/x3/aberkenfig/;Aberkenfig;aberkenfig
http://www.meetup.com/cities/gb/x3/bettws/;Bettws;bettws
http://www.meetup.com/cities/gb/x3/blaengarw/;Blaengarw;blaengarw
http://www.meetup.com/cities/gb/x3/brackla/;Brackla;brackla
http://www.meetup.com/cities/gb/x3/brackla_industrial_estate/;Brackla Industrial Estate;brackla_industrial_estate
http://www.meetup.com/cities/gb/x3/bridgend/;Bridgend;bridgend
http://www.meetup.com/cities/gb/x3/bridgend_industrial_estate/;Bridgend Industrial Estate;bridgend_industrial_estate
http://www.meetup.com/cities/gb/x3/bryncethin/;Bryncethin;bryncethin
http://www.meetup.com/cities/gb/x3/bryncoch/;Bryncoch;bryncoch
http://www.meetup.com/cities/gb/x3/brynmenyn/;Brynmenyn;brynmenyn
http://www.meetup.com/cities/gb/x3/brynmenyn_industrial_estate/;Brynmenyn Industrial Estate;brynmenyn_industrial_estate
http://www.meetup.com/cities/gb/x3/bryntirion/;Bryntirion;bryntirion
http://www.meetup.com/cities/gb/x3/caehelig/;Caehelig;caehelig
http://www.meetup.com/cities/gb/x3/caerau/;Caerau;caerau
http://www.meetup.com/cities/gb/x3/cefn_cribwr/;Cefn Cribwr;cefn_cribwr
http://www.meetup.com/cities/gb/x3/coity/;Coity;coity
http://www.meetup.com/cities/gb/x3/court_colman/;Court Colman;court_colman
http://www.meetup.com/cities/gb/x3/coychurch/;Coychurch;coychurch
http://www.meetup.com/cities/gb/x3/coytrahen/;Coytrahen;coytrahen
http://www.meetup.com/cities/gb/x3/cwmdu/;Cwmdu;cwmdu
http://www.meetup.com/cities/gb/x3/cwmfelin/;Cwmfelin;cwmfelin
http://www.meetup.com/cities/gb/x3/cymdda/;Cymdda;cymdda
http://www.meetup.com/cities/gb/x3/danygraig/;Danygraig;danygraig
http://www.meetup.com/cities/gb/x3/evanstown/;Evanstown;evanstown
http://www.meetup.com/cities/gb/x3/glynogwr/;Glynogwr;glynogwr
http://www.meetup.com/cities/gb/x3/hendre/;Hendre;hendre
http://www.meetup.com/cities/gb/x3/heol-y-cyw/;Heol-Y-Cyw;heol-y-cyw
http://www.meetup.com/cities/gb/x3/hernstone/;Hernstone;hernstone
http://www.meetup.com/cities/gb/x3/kenfig/;Kenfig;kenfig
http://www.meetup.com/cities/gb/x3/laleston/;Laleston;laleston
http://www.meetup.com/cities/gb/x3/lewistown/;Lewistown;lewistown
http://www.meetup.com/cities/gb/x3/litchard/;Litchard;litchard
http://www.meetup.com/cities/gb/x3/litchard_industrial_estate/;Litchard Industrial Estate;litchard_industrial_estate
http://www.meetup.com/cities/gb/x3/llangeinor/;Llangeinor;llangeinor
http://www.meetup.com/cities/gb/x3/llangewydd/;Llangewydd;llangewydd
http://www.meetup.com/cities/gb/x3/llangynwyd/;Llangynwyd;llangynwyd
http://www.meetup.com/cities/gb/x3/maesteg/;Maesteg;maesteg
http://www.meetup.com/cities/gb/x3/maudlam/;Maudlam;maudlam
http://www.meetup.com/cities/gb/x3/merthyr_mawr/;Merthyr Mawr;merthyr_mawr
http://www.meetup.com/cities/gb/x3/nantyffyllon/;Nantyffyllon;nantyffyllon
http://www.meetup.com/cities/gb/x3/nantymoel/;Nantymoel;nantymoel
http://www.meetup.com/cities/gb/x3/newton/;Newton;newton
http://www.meetup.com/cities/gb/x3/north_cornelly/;North Cornelly;north_cornelly
http://www.meetup.com/cities/gb/x3/nottage/;Nottage;nottage
http://www.meetup.com/cities/gb/x3/ogmore_vale/;Ogmore Vale;ogmore_vale
http://www.meetup.com/cities/gb/x3/pantygog/;Pantygog;pantygog
http://www.meetup.com/cities/gb/x3/pantyrawel/;Pantyrawel;pantyrawel
http://www.meetup.com/cities/gb/x3/pen-y-cae/;Pen-Y-Cae;pen-y-cae
http://www.meetup.com/cities/gb/x3/pen-y-fai/;Pen-Y-Fai;pen-y-fai
http://www.meetup.com/cities/gb/x3/pontycymer/;Pontycymer;pontycymer
http://www.meetup.com/cities/gb/x3/pontyrhyl/;Pontyrhyl;pontyrhyl
http://www.meetup.com/cities/gb/x3/porthcawl/;Porthcawl;porthcawl
http://www.meetup.com/cities/gb/x3/rhiwceiliog_pencoed/;Rhiwceiliog Pencoed;rhiwceiliog_pencoed
http://www.meetup.com/cities/gb/x3/sarn/;Sarn;sarn
http://www.meetup.com/cities/gb/x3/south_cornelly/;South Cornelly;south_cornelly
http://www.meetup.com/cities/gb/x3/stormy_down/;Stormy Down;stormy_down
http://www.meetup.com/cities/gb/x3/the_derwen/;The Derwen;the_derwen
http://www.meetup.com/cities/gb/x3/tondu/;Tondu;tondu
http://www.meetup.com/cities/gb/x3/ton_kenfig/;Ton Kenfig;ton_kenfig
http://www.meetup.com/cities/gb/x3/tranch_pyle/;Tranch Pyle;tranch_pyle
http://www.meetup.com/cities/gb/x3/tythegston/;Tythegston;tythegston
http://www.meetup.com/cities/gb/x3/waterton/;Waterton;waterton
http://www.meetup.com/cities/gb/x3/waterton_industrial_estate/;Waterton Industrial Estate;waterton_industrial_estate
http://www.meetup.com/cities/gb/x3/wigfach/;Wigfach;wigfach
http://www.meetup.com/cities/gb/x3/wild_mill/;Wild Mill;wild_mill
