http://www.meetup.com/cities/us/mt/absarokee/;Absarokee;absarokee
http://www.meetup.com/cities/us/mt/acton/;Acton;acton
http://www.meetup.com/cities/us/mt/alberton/;Alberton;alberton
http://www.meetup.com/cities/us/mt/alder/;Alder;alder
http://www.meetup.com/cities/us/mt/alzada/;Alzada;alzada
http://www.meetup.com/cities/us/mt/anaconda/;Anaconda;anaconda
http://www.meetup.com/cities/us/mt/angela/;Angela;angela
http://www.meetup.com/cities/us/mt/antelope/;Antelope;antelope
http://www.meetup.com/cities/us/mt/arlee/;Arlee;arlee
http://www.meetup.com/cities/us/mt/ashland/;Ashland;ashland
http://www.meetup.com/cities/us/mt/augusta/;Augusta;augusta
http://www.meetup.com/cities/us/mt/avon/;Avon;avon
http://www.meetup.com/cities/us/mt/babb/;Babb;babb
http://www.meetup.com/cities/us/mt/bainville/;Bainville;bainville
http://www.meetup.com/cities/us/mt/baker/;Baker;baker
http://www.meetup.com/cities/us/mt/ballantine/;Ballantine;ballantine
http://www.meetup.com/cities/us/mt/basin/;Basin;basin
http://www.meetup.com/cities/us/mt/bearcreek/;Bearcreek;bearcreek
http://www.meetup.com/cities/us/mt/belfry/;Belfry;belfry
http://www.meetup.com/cities/us/mt/belgrade/;Belgrade;belgrade
http://www.meetup.com/cities/us/mt/belt/;Belt;belt
http://www.meetup.com/cities/us/mt/biddle/;Biddle;biddle
http://www.meetup.com/cities/us/mt/big_arm/;Big Arm;big_arm
http://www.meetup.com/cities/us/mt/bigfork/;Bigfork;bigfork
http://www.meetup.com/cities/us/mt/bighorn/;Bighorn;bighorn
http://www.meetup.com/cities/us/mt/big_sandy/;Big Sandy;big_sandy
http://www.meetup.com/cities/us/mt/big_sky/;Big Sky;big_sky
http://www.meetup.com/cities/us/mt/big_timber/;Big Timber;big_timber
http://www.meetup.com/cities/us/mt/billings/;Billings;billings
http://www.meetup.com/cities/us/mt/birney/;Birney;birney
http://www.meetup.com/cities/us/mt/black_eagle/;Black Eagle;black_eagle
http://www.meetup.com/cities/us/mt/bloomfield/;Bloomfield;bloomfield
http://www.meetup.com/cities/us/mt/bonner/;Bonner;bonner
http://www.meetup.com/cities/us/mt/boulder/;Boulder;boulder
http://www.meetup.com/cities/us/mt/box_elder/;Box Elder;box_elder
http://www.meetup.com/cities/us/mt/boyd/;Boyd;boyd
http://www.meetup.com/cities/us/mt/boyes/;Boyes;boyes
http://www.meetup.com/cities/us/mt/bozeman/;Bozeman;bozeman
http://www.meetup.com/cities/us/mt/brady/;Brady;brady
http://www.meetup.com/cities/us/mt/bridger/;Bridger;bridger
http://www.meetup.com/cities/us/mt/broadus/;Broadus;broadus
http://www.meetup.com/cities/us/mt/broadview/;Broadview;broadview
http://www.meetup.com/cities/us/mt/brockton/;Brockton;brockton
http://www.meetup.com/cities/us/mt/brockway/;Brockway;brockway
http://www.meetup.com/cities/us/mt/browning/;Browning;browning
http://www.meetup.com/cities/us/mt/brusett/;Brusett;brusett
http://www.meetup.com/cities/us/mt/buffalo/;Buffalo;buffalo
http://www.meetup.com/cities/us/mt/busby/;Busby;busby
http://www.meetup.com/cities/us/mt/butte/;Butte;butte
http://www.meetup.com/cities/us/mt/bynum/;Bynum;bynum
http://www.meetup.com/cities/us/mt/cameron/;Cameron;cameron
http://www.meetup.com/cities/us/mt/canyon_creek/;Canyon Creek;canyon_creek
http://www.meetup.com/cities/us/mt/capitol/;Capitol;capitol
http://www.meetup.com/cities/us/mt/cardwell/;Cardwell;cardwell
http://www.meetup.com/cities/us/mt/carter/;Carter;carter
http://www.meetup.com/cities/us/mt/cascade/;Cascade;cascade
http://www.meetup.com/cities/us/mt/charlo/;Charlo;charlo
http://www.meetup.com/cities/us/mt/chester/;Chester;chester
http://www.meetup.com/cities/us/mt/chinook/;Chinook;chinook
http://www.meetup.com/cities/us/mt/choteau/;Choteau;choteau
http://www.meetup.com/cities/us/mt/circle/;Circle;circle
http://www.meetup.com/cities/us/mt/clancy/;Clancy;clancy
http://www.meetup.com/cities/us/mt/clinton/;Clinton;clinton
http://www.meetup.com/cities/us/mt/clyde_park/;Clyde Park;clyde_park
http://www.meetup.com/cities/us/mt/coffee_creek/;Coffee Creek;coffee_creek
http://www.meetup.com/cities/us/mt/cohagen/;Cohagen;cohagen
http://www.meetup.com/cities/us/mt/colstrip/;Colstrip;colstrip
http://www.meetup.com/cities/us/mt/columbia_falls/;Columbia Falls;columbia_falls
http://www.meetup.com/cities/us/mt/columbus/;Columbus;columbus
http://www.meetup.com/cities/us/mt/condon/;Condon;condon
http://www.meetup.com/cities/us/mt/conner/;Conner;conner
http://www.meetup.com/cities/us/mt/conrad/;Conrad;conrad
http://www.meetup.com/cities/us/mt/cooke_city/;Cooke City;cooke_city
http://www.meetup.com/cities/us/mt/coram/;Coram;coram
http://www.meetup.com/cities/us/mt/corvallis/;Corvallis;corvallis
http://www.meetup.com/cities/us/mt/crane/;Crane;crane
http://www.meetup.com/cities/us/mt/crow_agency/;Crow Agency;crow_agency
http://www.meetup.com/cities/us/mt/culbertson/;Culbertson;culbertson
http://www.meetup.com/cities/us/mt/custer/;Custer;custer
http://www.meetup.com/cities/us/mt/cut_bank/;Cut Bank;cut_bank
http://www.meetup.com/cities/us/mt/dagmar/;Dagmar;dagmar
http://www.meetup.com/cities/us/mt/darby/;Darby;darby
http://www.meetup.com/cities/us/mt/dayton/;Dayton;dayton
http://www.meetup.com/cities/us/mt/de_borgia/;De Borgia;de_borgia
http://www.meetup.com/cities/us/mt/decker/;Decker;decker
http://www.meetup.com/cities/us/mt/deer_lodge/;Deer Lodge;deer_lodge
http://www.meetup.com/cities/us/mt/dell/;Dell;dell
http://www.meetup.com/cities/us/mt/denton/;Denton;denton
http://www.meetup.com/cities/us/mt/dillon/;Dillon;dillon
http://www.meetup.com/cities/us/mt/divide/;Divide;divide
http://www.meetup.com/cities/us/mt/dixon/;Dixon;dixon
http://www.meetup.com/cities/us/mt/dodson/;Dodson;dodson
http://www.meetup.com/cities/us/mt/drummond/;Drummond;drummond
http://www.meetup.com/cities/us/mt/dupuyer/;Dupuyer;dupuyer
http://www.meetup.com/cities/us/mt/dutton/;Dutton;dutton
http://www.meetup.com/cities/us/mt/east_glacier_park/;East Glacier Park;east_glacier_park
http://www.meetup.com/cities/us/mt/east_helena/;East Helena;east_helena
http://www.meetup.com/cities/us/mt/edgar/;Edgar;edgar
http://www.meetup.com/cities/us/mt/ekalaka/;Ekalaka;ekalaka
http://www.meetup.com/cities/us/mt/elliston/;Elliston;elliston
http://www.meetup.com/cities/us/mt/elmo/;Elmo;elmo
http://www.meetup.com/cities/us/mt/emigrant/;Emigrant;emigrant
http://www.meetup.com/cities/us/mt/ennis/;Ennis;ennis
http://www.meetup.com/cities/us/mt/essex/;Essex;essex
http://www.meetup.com/cities/us/mt/ethridge/;Ethridge;ethridge
http://www.meetup.com/cities/us/mt/eureka/;Eureka;eureka
http://www.meetup.com/cities/us/mt/fairfield/;Fairfield;fairfield
http://www.meetup.com/cities/us/mt/fairview/;Fairview;fairview
http://www.meetup.com/cities/us/mt/fallon/;Fallon;fallon
http://www.meetup.com/cities/us/mt/fishtail/;Fishtail;fishtail
http://www.meetup.com/cities/us/mt/flaxville/;Flaxville;flaxville
http://www.meetup.com/cities/us/mt/florence/;Florence;florence
http://www.meetup.com/cities/us/mt/floweree/;Floweree;floweree
http://www.meetup.com/cities/us/mt/forest_grove/;Forest Grove;forest_grove
http://www.meetup.com/cities/us/mt/forsyth/;Forsyth;forsyth
http://www.meetup.com/cities/us/mt/fort_benton/;Fort Benton;fort_benton
http://www.meetup.com/cities/us/mt/fort_harrison/;Fort Harrison;fort_harrison
http://www.meetup.com/cities/us/mt/fortine/;Fortine;fortine
http://www.meetup.com/cities/us/mt/fort_peck/;Fort Peck;fort_peck
http://www.meetup.com/cities/us/mt/fort_shaw/;Fort Shaw;fort_shaw
http://www.meetup.com/cities/us/mt/frazer/;Frazer;frazer
http://www.meetup.com/cities/us/mt/frenchtown/;Frenchtown;frenchtown
http://www.meetup.com/cities/us/mt/froid/;Froid;froid
http://www.meetup.com/cities/us/mt/fromberg/;Fromberg;fromberg
http://www.meetup.com/cities/us/mt/galata/;Galata;galata
http://www.meetup.com/cities/us/mt/gallatin_gateway/;Gallatin Gateway;gallatin_gateway
http://www.meetup.com/cities/us/mt/gardiner/;Gardiner;gardiner
http://www.meetup.com/cities/us/mt/garrison/;Garrison;garrison
http://www.meetup.com/cities/us/mt/garryowen/;Garryowen;garryowen
http://www.meetup.com/cities/us/mt/geraldine/;Geraldine;geraldine
http://www.meetup.com/cities/us/mt/geyser/;Geyser;geyser
http://www.meetup.com/cities/us/mt/gildford/;Gildford;gildford
http://www.meetup.com/cities/us/mt/glasgow/;Glasgow;glasgow
http://www.meetup.com/cities/us/mt/glen/;Glen;glen
http://www.meetup.com/cities/us/mt/glendive/;Glendive;glendive
http://www.meetup.com/cities/us/mt/glentana/;Glentana;glentana
http://www.meetup.com/cities/us/mt/gold_creek/;Gold Creek;gold_creek
http://www.meetup.com/cities/us/mt/grantsdale/;Grantsdale;grantsdale
http://www.meetup.com/cities/us/mt/grass_range/;Grass Range;grass_range
http://www.meetup.com/cities/us/mt/great_falls/;Great Falls;great_falls
http://www.meetup.com/cities/us/mt/greycliff/;Greycliff;greycliff
http://www.meetup.com/cities/us/mt/hall/;Hall;hall
http://www.meetup.com/cities/us/mt/hamilton/;Hamilton;hamilton
http://www.meetup.com/cities/us/mt/hammond/;Hammond;hammond
http://www.meetup.com/cities/us/mt/hardin/;Hardin;hardin
http://www.meetup.com/cities/us/mt/harlem/;Harlem;harlem
http://www.meetup.com/cities/us/mt/harlowton/;Harlowton;harlowton
http://www.meetup.com/cities/us/mt/harrison/;Harrison;harrison
http://www.meetup.com/cities/us/mt/hathaway/;Hathaway;hathaway
http://www.meetup.com/cities/us/mt/haugan/;Haugan;haugan
http://www.meetup.com/cities/us/mt/havre/;Havre;havre
http://www.meetup.com/cities/us/mt/hays/;Hays;hays
http://www.meetup.com/cities/us/mt/heart_butte/;Heart Butte;heart_butte
http://www.meetup.com/cities/us/mt/helena/;Helena;helena
http://www.meetup.com/cities/us/mt/helmville/;Helmville;helmville
http://www.meetup.com/cities/us/mt/heron/;Heron;heron
http://www.meetup.com/cities/us/mt/highwood/;Highwood;highwood
http://www.meetup.com/cities/us/mt/hilger/;Hilger;hilger
http://www.meetup.com/cities/us/mt/hingham/;Hingham;hingham
http://www.meetup.com/cities/us/mt/hinsdale/;Hinsdale;hinsdale
http://www.meetup.com/cities/us/mt/hobson/;Hobson;hobson
http://www.meetup.com/cities/us/mt/hogeland/;Hogeland;hogeland
http://www.meetup.com/cities/us/mt/homestead/;Homestead;homestead
http://www.meetup.com/cities/us/mt/hot_springs/;Hot Springs;hot_springs
http://www.meetup.com/cities/us/mt/hungry_horse/;Hungry Horse;hungry_horse
http://www.meetup.com/cities/us/mt/huntley/;Huntley;huntley
http://www.meetup.com/cities/us/mt/huson/;Huson;huson
http://www.meetup.com/cities/us/mt/hysham/;Hysham;hysham
http://www.meetup.com/cities/us/mt/ingomar/;Ingomar;ingomar
http://www.meetup.com/cities/us/mt/inverness/;Inverness;inverness
http://www.meetup.com/cities/us/mt/ismay/;Ismay;ismay
http://www.meetup.com/cities/us/mt/jackson/;Jackson;jackson
http://www.meetup.com/cities/us/mt/jefferson_city/;Jefferson City;jefferson_city
http://www.meetup.com/cities/us/mt/joliet/;Joliet;joliet
http://www.meetup.com/cities/us/mt/joplin/;Joplin;joplin
http://www.meetup.com/cities/us/mt/jordan/;Jordan;jordan
http://www.meetup.com/cities/us/mt/judith_gap/;Judith Gap;judith_gap
http://www.meetup.com/cities/us/mt/kalispell/;Kalispell;kalispell
http://www.meetup.com/cities/us/mt/kevin/;Kevin;kevin
http://www.meetup.com/cities/us/mt/kila/;Kila;kila
http://www.meetup.com/cities/us/mt/kinsey/;Kinsey;kinsey
http://www.meetup.com/cities/us/mt/kremlin/;Kremlin;kremlin
http://www.meetup.com/cities/us/mt/lake_mc_donald/;Lake Mc Donald;lake_mc_donald
http://www.meetup.com/cities/us/mt/lakeside/;Lakeside;lakeside
http://www.meetup.com/cities/us/mt/lambert/;Lambert;lambert
http://www.meetup.com/cities/us/mt/lame_deer/;Lame Deer;lame_deer
http://www.meetup.com/cities/us/mt/larslan/;Larslan;larslan
http://www.meetup.com/cities/us/mt/laurel/;Laurel;laurel
http://www.meetup.com/cities/us/mt/lavina/;Lavina;lavina
http://www.meetup.com/cities/us/mt/ledger/;Ledger;ledger
http://www.meetup.com/cities/us/mt/lewistown/;Lewistown;lewistown
http://www.meetup.com/cities/us/mt/libby/;Libby;libby
http://www.meetup.com/cities/us/mt/lima/;Lima;lima
http://www.meetup.com/cities/us/mt/lincoln/;Lincoln;lincoln
http://www.meetup.com/cities/us/mt/lindsay/;Lindsay;lindsay
http://www.meetup.com/cities/us/mt/livingston/;Livingston;livingston
http://www.meetup.com/cities/us/mt/lloyd/;Lloyd;lloyd
http://www.meetup.com/cities/us/mt/lodge_grass/;Lodge Grass;lodge_grass
http://www.meetup.com/cities/us/mt/lolo/;Lolo;lolo
http://www.meetup.com/cities/us/mt/loma/;Loma;loma
http://www.meetup.com/cities/us/mt/lonepine/;Lonepine;lonepine
http://www.meetup.com/cities/us/mt/loring/;Loring;loring
http://www.meetup.com/cities/us/mt/lothair/;Lothair;lothair
http://www.meetup.com/cities/us/mt/malmstrom_a_f_b/;Malmstrom A F B;malmstrom_a_f_b
http://www.meetup.com/cities/us/mt/malta/;Malta;malta
http://www.meetup.com/cities/us/mt/manhattan/;Manhattan;manhattan
http://www.meetup.com/cities/us/mt/marion/;Marion;marion
http://www.meetup.com/cities/us/mt/martin_city/;Martin City;martin_city
http://www.meetup.com/cities/us/mt/martinsdale/;Martinsdale;martinsdale
http://www.meetup.com/cities/us/mt/marysville/;Marysville;marysville
http://www.meetup.com/cities/us/mt/mc_allister/;Mc Allister;mc_allister
http://www.meetup.com/cities/us/mt/mc_leod/;Mc Leod;mc_leod
http://www.meetup.com/cities/us/mt/medicine_lake/;Medicine Lake;medicine_lake
http://www.meetup.com/cities/us/mt/melrose/;Melrose;melrose
http://www.meetup.com/cities/us/mt/melstone/;Melstone;melstone
http://www.meetup.com/cities/us/mt/melville/;Melville;melville
http://www.meetup.com/cities/us/mt/mildred/;Mildred;mildred
http://www.meetup.com/cities/us/mt/miles_city/;Miles City;miles_city
http://www.meetup.com/cities/us/mt/milltown/;Milltown;milltown
http://www.meetup.com/cities/us/mt/missoula/;Missoula;missoula
http://www.meetup.com/cities/us/mt/moccasin/;Moccasin;moccasin
http://www.meetup.com/cities/us/mt/molt/;Molt;molt
http://www.meetup.com/cities/us/mt/monarch/;Monarch;monarch
http://www.meetup.com/cities/us/mt/moore/;Moore;moore
http://www.meetup.com/cities/us/mt/mosby/;Mosby;mosby
http://www.meetup.com/cities/us/mt/musselshell/;Musselshell;musselshell
http://www.meetup.com/cities/us/mt/nashua/;Nashua;nashua
http://www.meetup.com/cities/us/mt/neihart/;Neihart;neihart
http://www.meetup.com/cities/us/mt/norris/;Norris;norris
http://www.meetup.com/cities/us/mt/noxon/;Noxon;noxon
http://www.meetup.com/cities/us/mt/nye/;Nye;nye
http://www.meetup.com/cities/us/mt/oilmont/;Oilmont;oilmont
http://www.meetup.com/cities/us/mt/olive/;Olive;olive
http://www.meetup.com/cities/us/mt/olney/;Olney;olney
http://www.meetup.com/cities/us/mt/opheim/;Opheim;opheim
http://www.meetup.com/cities/us/mt/otter/;Otter;otter
http://www.meetup.com/cities/us/mt/outlook/;Outlook;outlook
http://www.meetup.com/cities/us/mt/ovando/;Ovando;ovando
http://www.meetup.com/cities/us/mt/pablo/;Pablo;pablo
http://www.meetup.com/cities/us/mt/paradise/;Paradise;paradise
http://www.meetup.com/cities/us/mt/park_city/;Park City;park_city
http://www.meetup.com/cities/us/mt/peerless/;Peerless;peerless
http://www.meetup.com/cities/us/mt/pendroy/;Pendroy;pendroy
http://www.meetup.com/cities/us/mt/philipsburg/;Philipsburg;philipsburg
http://www.meetup.com/cities/us/mt/pinesdale/;Pinesdale;pinesdale
http://www.meetup.com/cities/us/mt/plains/;Plains;plains
http://www.meetup.com/cities/us/mt/plentywood/;Plentywood;plentywood
http://www.meetup.com/cities/us/mt/plevna/;Plevna;plevna
http://www.meetup.com/cities/us/mt/polaris/;Polaris;polaris
http://www.meetup.com/cities/us/mt/polebridge/;Polebridge;polebridge
http://www.meetup.com/cities/us/mt/polson/;Polson;polson
http://www.meetup.com/cities/us/mt/pompeys_pillar/;Pompeys Pillar;pompeys_pillar
http://www.meetup.com/cities/us/mt/pony/;Pony;pony
http://www.meetup.com/cities/us/mt/poplar/;Poplar;poplar
http://www.meetup.com/cities/us/mt/powderville/;Powderville;powderville
http://www.meetup.com/cities/us/mt/power/;Power;power
http://www.meetup.com/cities/us/mt/pray/;Pray;pray
http://www.meetup.com/cities/us/mt/proctor/;Proctor;proctor
http://www.meetup.com/cities/us/mt/pryor/;Pryor;pryor
http://www.meetup.com/cities/us/mt/radersburg/;Radersburg;radersburg
http://www.meetup.com/cities/us/mt/ramsay/;Ramsay;ramsay
http://www.meetup.com/cities/us/mt/rapelje/;Rapelje;rapelje
http://www.meetup.com/cities/us/mt/ravalli/;Ravalli;ravalli
http://www.meetup.com/cities/us/mt/raymond/;Raymond;raymond
http://www.meetup.com/cities/us/mt/raynesford/;Raynesford;raynesford
http://www.meetup.com/cities/us/mt/red_lodge/;Red Lodge;red_lodge
http://www.meetup.com/cities/us/mt/redstone/;Redstone;redstone
http://www.meetup.com/cities/us/mt/reed_point/;Reed Point;reed_point
http://www.meetup.com/cities/us/mt/reserve/;Reserve;reserve
http://www.meetup.com/cities/us/mt/rexford/;Rexford;rexford
http://www.meetup.com/cities/us/mt/richey/;Richey;richey
http://www.meetup.com/cities/us/mt/richland/;Richland;richland
http://www.meetup.com/cities/us/mt/ringling/;Ringling;ringling
http://www.meetup.com/cities/us/mt/roberts/;Roberts;roberts
http://www.meetup.com/cities/us/mt/rollins/;Rollins;rollins
http://www.meetup.com/cities/us/mt/ronan/;Ronan;ronan
http://www.meetup.com/cities/us/mt/roscoe/;Roscoe;roscoe
http://www.meetup.com/cities/us/mt/rosebud/;Rosebud;rosebud
http://www.meetup.com/cities/us/mt/roundup/;Roundup;roundup
http://www.meetup.com/cities/us/mt/roy/;Roy;roy
http://www.meetup.com/cities/us/mt/rudyard/;Rudyard;rudyard
http://www.meetup.com/cities/us/mt/ryegate/;Ryegate;ryegate
http://www.meetup.com/cities/us/mt/saco/;Saco;saco
http://www.meetup.com/cities/us/mt/saint_ignatius/;Saint Ignatius;saint_ignatius
http://www.meetup.com/cities/us/mt/saint_marie/;Saint Marie;saint_marie
http://www.meetup.com/cities/us/mt/saint_regis/;Saint Regis;saint_regis
http://www.meetup.com/cities/us/mt/saint_xavier/;Saint Xavier;saint_xavier
http://www.meetup.com/cities/us/mt/saltese/;Saltese;saltese
http://www.meetup.com/cities/us/mt/sand_coulee/;Sand Coulee;sand_coulee
http://www.meetup.com/cities/us/mt/sanders/;Sanders;sanders
http://www.meetup.com/cities/us/mt/sand_springs/;Sand Springs;sand_springs
http://www.meetup.com/cities/us/mt/savage/;Savage;savage
http://www.meetup.com/cities/us/mt/scobey/;Scobey;scobey
http://www.meetup.com/cities/us/mt/seeley_lake/;Seeley Lake;seeley_lake
http://www.meetup.com/cities/us/mt/shawmut/;Shawmut;shawmut
http://www.meetup.com/cities/us/mt/shelby/;Shelby;shelby
http://www.meetup.com/cities/us/mt/shepherd/;Shepherd;shepherd
http://www.meetup.com/cities/us/mt/sheridan/;Sheridan;sheridan
http://www.meetup.com/cities/us/mt/sidney/;Sidney;sidney
http://www.meetup.com/cities/us/mt/silver_gate/;Silver Gate;silver_gate
http://www.meetup.com/cities/us/mt/silver_star/;Silver Star;silver_star
http://www.meetup.com/cities/us/mt/simms/;Simms;simms
http://www.meetup.com/cities/us/mt/somers/;Somers;somers
http://www.meetup.com/cities/us/mt/springdale/;Springdale;springdale
http://www.meetup.com/cities/us/mt/stanford/;Stanford;stanford
http://www.meetup.com/cities/us/mt/stevensville/;Stevensville;stevensville
http://www.meetup.com/cities/us/mt/stockett/;Stockett;stockett
http://www.meetup.com/cities/us/mt/stryker/;Stryker;stryker
http://www.meetup.com/cities/us/mt/sula/;Sula;sula
http://www.meetup.com/cities/us/mt/sumatra/;Sumatra;sumatra
http://www.meetup.com/cities/us/mt/sunburst/;Sunburst;sunburst
http://www.meetup.com/cities/us/mt/sun_river/;Sun River;sun_river
http://www.meetup.com/cities/us/mt/superior/;Superior;superior
http://www.meetup.com/cities/us/mt/sweet_grass/;Sweet Grass;sweet_grass
http://www.meetup.com/cities/us/mt/teigen/;Teigen;teigen
http://www.meetup.com/cities/us/mt/terry/;Terry;terry
http://www.meetup.com/cities/us/mt/thompson_falls/;Thompson Falls;thompson_falls
http://www.meetup.com/cities/us/mt/three_forks/;Three Forks;three_forks
http://www.meetup.com/cities/us/mt/toston/;Toston;toston
http://www.meetup.com/cities/us/mt/townsend/;Townsend;townsend
http://www.meetup.com/cities/us/mt/trego/;Trego;trego
http://www.meetup.com/cities/us/mt/trout_creek/;Trout Creek;trout_creek
http://www.meetup.com/cities/us/mt/troy/;Troy;troy
http://www.meetup.com/cities/us/mt/turner/;Turner;turner
http://www.meetup.com/cities/us/mt/twin_bridges/;Twin Bridges;twin_bridges
http://www.meetup.com/cities/us/mt/two_dot/;Two Dot;two_dot
http://www.meetup.com/cities/us/mt/ulm/;Ulm;ulm
http://www.meetup.com/cities/us/mt/valier/;Valier;valier
http://www.meetup.com/cities/us/mt/vandalia/;Vandalia;vandalia
http://www.meetup.com/cities/us/mt/vaughn/;Vaughn;vaughn
http://www.meetup.com/cities/us/mt/victor/;Victor;victor
http://www.meetup.com/cities/us/mt/vida/;Vida;vida
http://www.meetup.com/cities/us/mt/virginia_city/;Virginia City;virginia_city
http://www.meetup.com/cities/us/mt/volborg/;Volborg;volborg
http://www.meetup.com/cities/us/mt/warm_springs/;Warm Springs;warm_springs
http://www.meetup.com/cities/us/mt/westby/;Westby;westby
http://www.meetup.com/cities/us/mt/west_glacier/;West Glacier;west_glacier
http://www.meetup.com/cities/us/mt/west_yellowstone/;West Yellowstone;west_yellowstone
http://www.meetup.com/cities/us/mt/whitefish/;Whitefish;whitefish
http://www.meetup.com/cities/us/mt/whitehall/;Whitehall;whitehall
http://www.meetup.com/cities/us/mt/white_sulphur_springs/;White Sulphur Springs;white_sulphur_springs
http://www.meetup.com/cities/us/mt/whitetail/;Whitetail;whitetail
http://www.meetup.com/cities/us/mt/whitewater/;Whitewater;whitewater
http://www.meetup.com/cities/us/mt/whitlash/;Whitlash;whitlash
http://www.meetup.com/cities/us/mt/wibaux/;Wibaux;wibaux
http://www.meetup.com/cities/us/mt/willard/;Willard;willard
http://www.meetup.com/cities/us/mt/willow_creek/;Willow Creek;willow_creek
http://www.meetup.com/cities/us/mt/wilsall/;Wilsall;wilsall
http://www.meetup.com/cities/us/mt/winifred/;Winifred;winifred
http://www.meetup.com/cities/us/mt/winnett/;Winnett;winnett
http://www.meetup.com/cities/us/mt/winston/;Winston;winston
http://www.meetup.com/cities/us/mt/wisdom/;Wisdom;wisdom
http://www.meetup.com/cities/us/mt/wise_river/;Wise River;wise_river
http://www.meetup.com/cities/us/mt/wolf_creek/;Wolf Creek;wolf_creek
http://www.meetup.com/cities/us/mt/wolf_point/;Wolf Point;wolf_point
http://www.meetup.com/cities/us/mt/worden/;Worden;worden
http://www.meetup.com/cities/us/mt/wyola/;Wyola;wyola
http://www.meetup.com/cities/us/mt/yellowtail/;Yellowtail;yellowtail
http://www.meetup.com/cities/us/mt/zortman/;Zortman;zortman
http://www.meetup.com/cities/us/mt/zurich/;Zurich;zurich
http://www.meetup.com/cities/us/mt/absarokee/;Absarokee;absarokee
http://www.meetup.com/cities/us/mt/acton/;Acton;acton
http://www.meetup.com/cities/us/mt/alberton/;Alberton;alberton
http://www.meetup.com/cities/us/mt/alder/;Alder;alder
http://www.meetup.com/cities/us/mt/alzada/;Alzada;alzada
http://www.meetup.com/cities/us/mt/anaconda/;Anaconda;anaconda
http://www.meetup.com/cities/us/mt/angela/;Angela;angela
http://www.meetup.com/cities/us/mt/antelope/;Antelope;antelope
http://www.meetup.com/cities/us/mt/arlee/;Arlee;arlee
http://www.meetup.com/cities/us/mt/ashland/;Ashland;ashland
http://www.meetup.com/cities/us/mt/augusta/;Augusta;augusta
http://www.meetup.com/cities/us/mt/avon/;Avon;avon
http://www.meetup.com/cities/us/mt/babb/;Babb;babb
http://www.meetup.com/cities/us/mt/bainville/;Bainville;bainville
http://www.meetup.com/cities/us/mt/baker/;Baker;baker
http://www.meetup.com/cities/us/mt/ballantine/;Ballantine;ballantine
http://www.meetup.com/cities/us/mt/basin/;Basin;basin
http://www.meetup.com/cities/us/mt/bearcreek/;Bearcreek;bearcreek
http://www.meetup.com/cities/us/mt/belfry/;Belfry;belfry
http://www.meetup.com/cities/us/mt/belgrade/;Belgrade;belgrade
http://www.meetup.com/cities/us/mt/belt/;Belt;belt
http://www.meetup.com/cities/us/mt/biddle/;Biddle;biddle
http://www.meetup.com/cities/us/mt/big_arm/;Big Arm;big_arm
http://www.meetup.com/cities/us/mt/bigfork/;Bigfork;bigfork
http://www.meetup.com/cities/us/mt/bighorn/;Bighorn;bighorn
http://www.meetup.com/cities/us/mt/big_sandy/;Big Sandy;big_sandy
http://www.meetup.com/cities/us/mt/big_sky/;Big Sky;big_sky
http://www.meetup.com/cities/us/mt/big_timber/;Big Timber;big_timber
http://www.meetup.com/cities/us/mt/billings/;Billings;billings
http://www.meetup.com/cities/us/mt/birney/;Birney;birney
http://www.meetup.com/cities/us/mt/black_eagle/;Black Eagle;black_eagle
http://www.meetup.com/cities/us/mt/bloomfield/;Bloomfield;bloomfield
http://www.meetup.com/cities/us/mt/bonner/;Bonner;bonner
http://www.meetup.com/cities/us/mt/boulder/;Boulder;boulder
http://www.meetup.com/cities/us/mt/box_elder/;Box Elder;box_elder
http://www.meetup.com/cities/us/mt/boyd/;Boyd;boyd
http://www.meetup.com/cities/us/mt/boyes/;Boyes;boyes
http://www.meetup.com/cities/us/mt/bozeman/;Bozeman;bozeman
http://www.meetup.com/cities/us/mt/brady/;Brady;brady
http://www.meetup.com/cities/us/mt/bridger/;Bridger;bridger
http://www.meetup.com/cities/us/mt/broadus/;Broadus;broadus
http://www.meetup.com/cities/us/mt/broadview/;Broadview;broadview
http://www.meetup.com/cities/us/mt/brockton/;Brockton;brockton
http://www.meetup.com/cities/us/mt/brockway/;Brockway;brockway
http://www.meetup.com/cities/us/mt/browning/;Browning;browning
http://www.meetup.com/cities/us/mt/brusett/;Brusett;brusett
http://www.meetup.com/cities/us/mt/buffalo/;Buffalo;buffalo
http://www.meetup.com/cities/us/mt/busby/;Busby;busby
http://www.meetup.com/cities/us/mt/butte/;Butte;butte
http://www.meetup.com/cities/us/mt/bynum/;Bynum;bynum
http://www.meetup.com/cities/us/mt/cameron/;Cameron;cameron
http://www.meetup.com/cities/us/mt/canyon_creek/;Canyon Creek;canyon_creek
http://www.meetup.com/cities/us/mt/capitol/;Capitol;capitol
http://www.meetup.com/cities/us/mt/cardwell/;Cardwell;cardwell
http://www.meetup.com/cities/us/mt/carter/;Carter;carter
http://www.meetup.com/cities/us/mt/cascade/;Cascade;cascade
http://www.meetup.com/cities/us/mt/charlo/;Charlo;charlo
http://www.meetup.com/cities/us/mt/chester/;Chester;chester
http://www.meetup.com/cities/us/mt/chinook/;Chinook;chinook
http://www.meetup.com/cities/us/mt/choteau/;Choteau;choteau
http://www.meetup.com/cities/us/mt/circle/;Circle;circle
http://www.meetup.com/cities/us/mt/clancy/;Clancy;clancy
http://www.meetup.com/cities/us/mt/clinton/;Clinton;clinton
http://www.meetup.com/cities/us/mt/clyde_park/;Clyde Park;clyde_park
http://www.meetup.com/cities/us/mt/coffee_creek/;Coffee Creek;coffee_creek
http://www.meetup.com/cities/us/mt/cohagen/;Cohagen;cohagen
http://www.meetup.com/cities/us/mt/colstrip/;Colstrip;colstrip
http://www.meetup.com/cities/us/mt/columbia_falls/;Columbia Falls;columbia_falls
http://www.meetup.com/cities/us/mt/columbus/;Columbus;columbus
http://www.meetup.com/cities/us/mt/condon/;Condon;condon
http://www.meetup.com/cities/us/mt/conner/;Conner;conner
http://www.meetup.com/cities/us/mt/conrad/;Conrad;conrad
http://www.meetup.com/cities/us/mt/cooke_city/;Cooke City;cooke_city
http://www.meetup.com/cities/us/mt/coram/;Coram;coram
http://www.meetup.com/cities/us/mt/corvallis/;Corvallis;corvallis
http://www.meetup.com/cities/us/mt/crane/;Crane;crane
http://www.meetup.com/cities/us/mt/crow_agency/;Crow Agency;crow_agency
http://www.meetup.com/cities/us/mt/culbertson/;Culbertson;culbertson
http://www.meetup.com/cities/us/mt/custer/;Custer;custer
http://www.meetup.com/cities/us/mt/cut_bank/;Cut Bank;cut_bank
http://www.meetup.com/cities/us/mt/dagmar/;Dagmar;dagmar
http://www.meetup.com/cities/us/mt/darby/;Darby;darby
http://www.meetup.com/cities/us/mt/dayton/;Dayton;dayton
http://www.meetup.com/cities/us/mt/de_borgia/;De Borgia;de_borgia
http://www.meetup.com/cities/us/mt/decker/;Decker;decker
http://www.meetup.com/cities/us/mt/deer_lodge/;Deer Lodge;deer_lodge
http://www.meetup.com/cities/us/mt/dell/;Dell;dell
http://www.meetup.com/cities/us/mt/denton/;Denton;denton
http://www.meetup.com/cities/us/mt/dillon/;Dillon;dillon
http://www.meetup.com/cities/us/mt/divide/;Divide;divide
http://www.meetup.com/cities/us/mt/dixon/;Dixon;dixon
http://www.meetup.com/cities/us/mt/dodson/;Dodson;dodson
http://www.meetup.com/cities/us/mt/drummond/;Drummond;drummond
http://www.meetup.com/cities/us/mt/dupuyer/;Dupuyer;dupuyer
http://www.meetup.com/cities/us/mt/dutton/;Dutton;dutton
http://www.meetup.com/cities/us/mt/east_glacier_park/;East Glacier Park;east_glacier_park
http://www.meetup.com/cities/us/mt/east_helena/;East Helena;east_helena
http://www.meetup.com/cities/us/mt/edgar/;Edgar;edgar
http://www.meetup.com/cities/us/mt/ekalaka/;Ekalaka;ekalaka
http://www.meetup.com/cities/us/mt/elliston/;Elliston;elliston
http://www.meetup.com/cities/us/mt/elmo/;Elmo;elmo
http://www.meetup.com/cities/us/mt/emigrant/;Emigrant;emigrant
http://www.meetup.com/cities/us/mt/ennis/;Ennis;ennis
http://www.meetup.com/cities/us/mt/essex/;Essex;essex
http://www.meetup.com/cities/us/mt/ethridge/;Ethridge;ethridge
http://www.meetup.com/cities/us/mt/eureka/;Eureka;eureka
http://www.meetup.com/cities/us/mt/fairfield/;Fairfield;fairfield
http://www.meetup.com/cities/us/mt/fairview/;Fairview;fairview
http://www.meetup.com/cities/us/mt/fallon/;Fallon;fallon
http://www.meetup.com/cities/us/mt/fishtail/;Fishtail;fishtail
http://www.meetup.com/cities/us/mt/flaxville/;Flaxville;flaxville
http://www.meetup.com/cities/us/mt/florence/;Florence;florence
http://www.meetup.com/cities/us/mt/floweree/;Floweree;floweree
http://www.meetup.com/cities/us/mt/forest_grove/;Forest Grove;forest_grove
http://www.meetup.com/cities/us/mt/forsyth/;Forsyth;forsyth
http://www.meetup.com/cities/us/mt/fort_benton/;Fort Benton;fort_benton
http://www.meetup.com/cities/us/mt/fort_harrison/;Fort Harrison;fort_harrison
http://www.meetup.com/cities/us/mt/fortine/;Fortine;fortine
http://www.meetup.com/cities/us/mt/fort_peck/;Fort Peck;fort_peck
http://www.meetup.com/cities/us/mt/fort_shaw/;Fort Shaw;fort_shaw
http://www.meetup.com/cities/us/mt/frazer/;Frazer;frazer
http://www.meetup.com/cities/us/mt/frenchtown/;Frenchtown;frenchtown
http://www.meetup.com/cities/us/mt/froid/;Froid;froid
http://www.meetup.com/cities/us/mt/fromberg/;Fromberg;fromberg
http://www.meetup.com/cities/us/mt/galata/;Galata;galata
http://www.meetup.com/cities/us/mt/gallatin_gateway/;Gallatin Gateway;gallatin_gateway
http://www.meetup.com/cities/us/mt/gardiner/;Gardiner;gardiner
http://www.meetup.com/cities/us/mt/garrison/;Garrison;garrison
http://www.meetup.com/cities/us/mt/garryowen/;Garryowen;garryowen
http://www.meetup.com/cities/us/mt/geraldine/;Geraldine;geraldine
http://www.meetup.com/cities/us/mt/geyser/;Geyser;geyser
http://www.meetup.com/cities/us/mt/gildford/;Gildford;gildford
http://www.meetup.com/cities/us/mt/glasgow/;Glasgow;glasgow
http://www.meetup.com/cities/us/mt/glen/;Glen;glen
http://www.meetup.com/cities/us/mt/glendive/;Glendive;glendive
http://www.meetup.com/cities/us/mt/glentana/;Glentana;glentana
http://www.meetup.com/cities/us/mt/gold_creek/;Gold Creek;gold_creek
http://www.meetup.com/cities/us/mt/grantsdale/;Grantsdale;grantsdale
http://www.meetup.com/cities/us/mt/grass_range/;Grass Range;grass_range
http://www.meetup.com/cities/us/mt/great_falls/;Great Falls;great_falls
http://www.meetup.com/cities/us/mt/greycliff/;Greycliff;greycliff
http://www.meetup.com/cities/us/mt/hall/;Hall;hall
http://www.meetup.com/cities/us/mt/hamilton/;Hamilton;hamilton
http://www.meetup.com/cities/us/mt/hammond/;Hammond;hammond
http://www.meetup.com/cities/us/mt/hardin/;Hardin;hardin
http://www.meetup.com/cities/us/mt/harlem/;Harlem;harlem
http://www.meetup.com/cities/us/mt/harlowton/;Harlowton;harlowton
http://www.meetup.com/cities/us/mt/harrison/;Harrison;harrison
http://www.meetup.com/cities/us/mt/hathaway/;Hathaway;hathaway
http://www.meetup.com/cities/us/mt/haugan/;Haugan;haugan
http://www.meetup.com/cities/us/mt/havre/;Havre;havre
http://www.meetup.com/cities/us/mt/hays/;Hays;hays
http://www.meetup.com/cities/us/mt/heart_butte/;Heart Butte;heart_butte
http://www.meetup.com/cities/us/mt/helena/;Helena;helena
http://www.meetup.com/cities/us/mt/helmville/;Helmville;helmville
http://www.meetup.com/cities/us/mt/heron/;Heron;heron
http://www.meetup.com/cities/us/mt/highwood/;Highwood;highwood
http://www.meetup.com/cities/us/mt/hilger/;Hilger;hilger
http://www.meetup.com/cities/us/mt/hingham/;Hingham;hingham
http://www.meetup.com/cities/us/mt/hinsdale/;Hinsdale;hinsdale
http://www.meetup.com/cities/us/mt/hobson/;Hobson;hobson
http://www.meetup.com/cities/us/mt/hogeland/;Hogeland;hogeland
http://www.meetup.com/cities/us/mt/homestead/;Homestead;homestead
http://www.meetup.com/cities/us/mt/hot_springs/;Hot Springs;hot_springs
http://www.meetup.com/cities/us/mt/hungry_horse/;Hungry Horse;hungry_horse
http://www.meetup.com/cities/us/mt/huntley/;Huntley;huntley
http://www.meetup.com/cities/us/mt/huson/;Huson;huson
http://www.meetup.com/cities/us/mt/hysham/;Hysham;hysham
http://www.meetup.com/cities/us/mt/ingomar/;Ingomar;ingomar
http://www.meetup.com/cities/us/mt/inverness/;Inverness;inverness
http://www.meetup.com/cities/us/mt/ismay/;Ismay;ismay
http://www.meetup.com/cities/us/mt/jackson/;Jackson;jackson
http://www.meetup.com/cities/us/mt/jefferson_city/;Jefferson City;jefferson_city
http://www.meetup.com/cities/us/mt/joliet/;Joliet;joliet
http://www.meetup.com/cities/us/mt/joplin/;Joplin;joplin
http://www.meetup.com/cities/us/mt/jordan/;Jordan;jordan
http://www.meetup.com/cities/us/mt/judith_gap/;Judith Gap;judith_gap
http://www.meetup.com/cities/us/mt/kalispell/;Kalispell;kalispell
http://www.meetup.com/cities/us/mt/kevin/;Kevin;kevin
http://www.meetup.com/cities/us/mt/kila/;Kila;kila
http://www.meetup.com/cities/us/mt/kinsey/;Kinsey;kinsey
http://www.meetup.com/cities/us/mt/kremlin/;Kremlin;kremlin
http://www.meetup.com/cities/us/mt/lake_mc_donald/;Lake Mc Donald;lake_mc_donald
http://www.meetup.com/cities/us/mt/lakeside/;Lakeside;lakeside
http://www.meetup.com/cities/us/mt/lambert/;Lambert;lambert
http://www.meetup.com/cities/us/mt/lame_deer/;Lame Deer;lame_deer
http://www.meetup.com/cities/us/mt/larslan/;Larslan;larslan
http://www.meetup.com/cities/us/mt/laurel/;Laurel;laurel
http://www.meetup.com/cities/us/mt/lavina/;Lavina;lavina
http://www.meetup.com/cities/us/mt/ledger/;Ledger;ledger
http://www.meetup.com/cities/us/mt/lewistown/;Lewistown;lewistown
http://www.meetup.com/cities/us/mt/libby/;Libby;libby
http://www.meetup.com/cities/us/mt/lima/;Lima;lima
http://www.meetup.com/cities/us/mt/lincoln/;Lincoln;lincoln
http://www.meetup.com/cities/us/mt/lindsay/;Lindsay;lindsay
http://www.meetup.com/cities/us/mt/livingston/;Livingston;livingston
http://www.meetup.com/cities/us/mt/lloyd/;Lloyd;lloyd
http://www.meetup.com/cities/us/mt/lodge_grass/;Lodge Grass;lodge_grass
http://www.meetup.com/cities/us/mt/lolo/;Lolo;lolo
http://www.meetup.com/cities/us/mt/loma/;Loma;loma
http://www.meetup.com/cities/us/mt/lonepine/;Lonepine;lonepine
http://www.meetup.com/cities/us/mt/loring/;Loring;loring
http://www.meetup.com/cities/us/mt/lothair/;Lothair;lothair
http://www.meetup.com/cities/us/mt/malmstrom_a_f_b/;Malmstrom A F B;malmstrom_a_f_b
http://www.meetup.com/cities/us/mt/malta/;Malta;malta
http://www.meetup.com/cities/us/mt/manhattan/;Manhattan;manhattan
http://www.meetup.com/cities/us/mt/marion/;Marion;marion
http://www.meetup.com/cities/us/mt/martin_city/;Martin City;martin_city
http://www.meetup.com/cities/us/mt/martinsdale/;Martinsdale;martinsdale
http://www.meetup.com/cities/us/mt/marysville/;Marysville;marysville
http://www.meetup.com/cities/us/mt/mc_allister/;Mc Allister;mc_allister
http://www.meetup.com/cities/us/mt/mc_leod/;Mc Leod;mc_leod
http://www.meetup.com/cities/us/mt/medicine_lake/;Medicine Lake;medicine_lake
http://www.meetup.com/cities/us/mt/melrose/;Melrose;melrose
http://www.meetup.com/cities/us/mt/melstone/;Melstone;melstone
http://www.meetup.com/cities/us/mt/melville/;Melville;melville
http://www.meetup.com/cities/us/mt/mildred/;Mildred;mildred
http://www.meetup.com/cities/us/mt/miles_city/;Miles City;miles_city
http://www.meetup.com/cities/us/mt/milltown/;Milltown;milltown
http://www.meetup.com/cities/us/mt/missoula/;Missoula;missoula
http://www.meetup.com/cities/us/mt/moccasin/;Moccasin;moccasin
http://www.meetup.com/cities/us/mt/molt/;Molt;molt
http://www.meetup.com/cities/us/mt/monarch/;Monarch;monarch
http://www.meetup.com/cities/us/mt/moore/;Moore;moore
http://www.meetup.com/cities/us/mt/mosby/;Mosby;mosby
http://www.meetup.com/cities/us/mt/musselshell/;Musselshell;musselshell
http://www.meetup.com/cities/us/mt/nashua/;Nashua;nashua
http://www.meetup.com/cities/us/mt/neihart/;Neihart;neihart
http://www.meetup.com/cities/us/mt/norris/;Norris;norris
http://www.meetup.com/cities/us/mt/noxon/;Noxon;noxon
http://www.meetup.com/cities/us/mt/nye/;Nye;nye
http://www.meetup.com/cities/us/mt/oilmont/;Oilmont;oilmont
http://www.meetup.com/cities/us/mt/olive/;Olive;olive
http://www.meetup.com/cities/us/mt/olney/;Olney;olney
http://www.meetup.com/cities/us/mt/opheim/;Opheim;opheim
http://www.meetup.com/cities/us/mt/otter/;Otter;otter
http://www.meetup.com/cities/us/mt/outlook/;Outlook;outlook
http://www.meetup.com/cities/us/mt/ovando/;Ovando;ovando
http://www.meetup.com/cities/us/mt/pablo/;Pablo;pablo
http://www.meetup.com/cities/us/mt/paradise/;Paradise;paradise
http://www.meetup.com/cities/us/mt/park_city/;Park City;park_city
http://www.meetup.com/cities/us/mt/peerless/;Peerless;peerless
http://www.meetup.com/cities/us/mt/pendroy/;Pendroy;pendroy
http://www.meetup.com/cities/us/mt/philipsburg/;Philipsburg;philipsburg
http://www.meetup.com/cities/us/mt/pinesdale/;Pinesdale;pinesdale
http://www.meetup.com/cities/us/mt/plains/;Plains;plains
http://www.meetup.com/cities/us/mt/plentywood/;Plentywood;plentywood
http://www.meetup.com/cities/us/mt/plevna/;Plevna;plevna
http://www.meetup.com/cities/us/mt/polaris/;Polaris;polaris
http://www.meetup.com/cities/us/mt/polebridge/;Polebridge;polebridge
http://www.meetup.com/cities/us/mt/polson/;Polson;polson
http://www.meetup.com/cities/us/mt/pompeys_pillar/;Pompeys Pillar;pompeys_pillar
http://www.meetup.com/cities/us/mt/pony/;Pony;pony
http://www.meetup.com/cities/us/mt/poplar/;Poplar;poplar
http://www.meetup.com/cities/us/mt/powderville/;Powderville;powderville
http://www.meetup.com/cities/us/mt/power/;Power;power
http://www.meetup.com/cities/us/mt/pray/;Pray;pray
http://www.meetup.com/cities/us/mt/proctor/;Proctor;proctor
http://www.meetup.com/cities/us/mt/pryor/;Pryor;pryor
http://www.meetup.com/cities/us/mt/radersburg/;Radersburg;radersburg
http://www.meetup.com/cities/us/mt/ramsay/;Ramsay;ramsay
http://www.meetup.com/cities/us/mt/rapelje/;Rapelje;rapelje
http://www.meetup.com/cities/us/mt/ravalli/;Ravalli;ravalli
http://www.meetup.com/cities/us/mt/raymond/;Raymond;raymond
http://www.meetup.com/cities/us/mt/raynesford/;Raynesford;raynesford
http://www.meetup.com/cities/us/mt/red_lodge/;Red Lodge;red_lodge
http://www.meetup.com/cities/us/mt/redstone/;Redstone;redstone
http://www.meetup.com/cities/us/mt/reed_point/;Reed Point;reed_point
http://www.meetup.com/cities/us/mt/reserve/;Reserve;reserve
http://www.meetup.com/cities/us/mt/rexford/;Rexford;rexford
http://www.meetup.com/cities/us/mt/richey/;Richey;richey
http://www.meetup.com/cities/us/mt/richland/;Richland;richland
http://www.meetup.com/cities/us/mt/ringling/;Ringling;ringling
http://www.meetup.com/cities/us/mt/roberts/;Roberts;roberts
http://www.meetup.com/cities/us/mt/rollins/;Rollins;rollins
http://www.meetup.com/cities/us/mt/ronan/;Ronan;ronan
http://www.meetup.com/cities/us/mt/roscoe/;Roscoe;roscoe
http://www.meetup.com/cities/us/mt/rosebud/;Rosebud;rosebud
http://www.meetup.com/cities/us/mt/roundup/;Roundup;roundup
http://www.meetup.com/cities/us/mt/roy/;Roy;roy
http://www.meetup.com/cities/us/mt/rudyard/;Rudyard;rudyard
http://www.meetup.com/cities/us/mt/ryegate/;Ryegate;ryegate
http://www.meetup.com/cities/us/mt/saco/;Saco;saco
http://www.meetup.com/cities/us/mt/saint_ignatius/;Saint Ignatius;saint_ignatius
http://www.meetup.com/cities/us/mt/saint_marie/;Saint Marie;saint_marie
http://www.meetup.com/cities/us/mt/saint_regis/;Saint Regis;saint_regis
http://www.meetup.com/cities/us/mt/saint_xavier/;Saint Xavier;saint_xavier
http://www.meetup.com/cities/us/mt/saltese/;Saltese;saltese
http://www.meetup.com/cities/us/mt/sand_coulee/;Sand Coulee;sand_coulee
http://www.meetup.com/cities/us/mt/sanders/;Sanders;sanders
http://www.meetup.com/cities/us/mt/sand_springs/;Sand Springs;sand_springs
http://www.meetup.com/cities/us/mt/savage/;Savage;savage
http://www.meetup.com/cities/us/mt/scobey/;Scobey;scobey
http://www.meetup.com/cities/us/mt/seeley_lake/;Seeley Lake;seeley_lake
http://www.meetup.com/cities/us/mt/shawmut/;Shawmut;shawmut
http://www.meetup.com/cities/us/mt/shelby/;Shelby;shelby
http://www.meetup.com/cities/us/mt/shepherd/;Shepherd;shepherd
http://www.meetup.com/cities/us/mt/sheridan/;Sheridan;sheridan
http://www.meetup.com/cities/us/mt/sidney/;Sidney;sidney
http://www.meetup.com/cities/us/mt/silver_gate/;Silver Gate;silver_gate
http://www.meetup.com/cities/us/mt/silver_star/;Silver Star;silver_star
http://www.meetup.com/cities/us/mt/simms/;Simms;simms
http://www.meetup.com/cities/us/mt/somers/;Somers;somers
http://www.meetup.com/cities/us/mt/springdale/;Springdale;springdale
http://www.meetup.com/cities/us/mt/stanford/;Stanford;stanford
http://www.meetup.com/cities/us/mt/stevensville/;Stevensville;stevensville
http://www.meetup.com/cities/us/mt/stockett/;Stockett;stockett
http://www.meetup.com/cities/us/mt/stryker/;Stryker;stryker
http://www.meetup.com/cities/us/mt/sula/;Sula;sula
http://www.meetup.com/cities/us/mt/sumatra/;Sumatra;sumatra
http://www.meetup.com/cities/us/mt/sunburst/;Sunburst;sunburst
http://www.meetup.com/cities/us/mt/sun_river/;Sun River;sun_river
http://www.meetup.com/cities/us/mt/superior/;Superior;superior
http://www.meetup.com/cities/us/mt/sweet_grass/;Sweet Grass;sweet_grass
http://www.meetup.com/cities/us/mt/teigen/;Teigen;teigen
http://www.meetup.com/cities/us/mt/terry/;Terry;terry
http://www.meetup.com/cities/us/mt/thompson_falls/;Thompson Falls;thompson_falls
http://www.meetup.com/cities/us/mt/three_forks/;Three Forks;three_forks
http://www.meetup.com/cities/us/mt/toston/;Toston;toston
http://www.meetup.com/cities/us/mt/townsend/;Townsend;townsend
http://www.meetup.com/cities/us/mt/trego/;Trego;trego
http://www.meetup.com/cities/us/mt/trout_creek/;Trout Creek;trout_creek
http://www.meetup.com/cities/us/mt/troy/;Troy;troy
http://www.meetup.com/cities/us/mt/turner/;Turner;turner
http://www.meetup.com/cities/us/mt/twin_bridges/;Twin Bridges;twin_bridges
http://www.meetup.com/cities/us/mt/two_dot/;Two Dot;two_dot
http://www.meetup.com/cities/us/mt/ulm/;Ulm;ulm
http://www.meetup.com/cities/us/mt/valier/;Valier;valier
http://www.meetup.com/cities/us/mt/vandalia/;Vandalia;vandalia
http://www.meetup.com/cities/us/mt/vaughn/;Vaughn;vaughn
http://www.meetup.com/cities/us/mt/victor/;Victor;victor
http://www.meetup.com/cities/us/mt/vida/;Vida;vida
http://www.meetup.com/cities/us/mt/virginia_city/;Virginia City;virginia_city
http://www.meetup.com/cities/us/mt/volborg/;Volborg;volborg
http://www.meetup.com/cities/us/mt/warm_springs/;Warm Springs;warm_springs
http://www.meetup.com/cities/us/mt/westby/;Westby;westby
http://www.meetup.com/cities/us/mt/west_glacier/;West Glacier;west_glacier
http://www.meetup.com/cities/us/mt/west_yellowstone/;West Yellowstone;west_yellowstone
http://www.meetup.com/cities/us/mt/whitefish/;Whitefish;whitefish
http://www.meetup.com/cities/us/mt/whitehall/;Whitehall;whitehall
http://www.meetup.com/cities/us/mt/white_sulphur_springs/;White Sulphur Springs;white_sulphur_springs
http://www.meetup.com/cities/us/mt/whitetail/;Whitetail;whitetail
http://www.meetup.com/cities/us/mt/whitewater/;Whitewater;whitewater
http://www.meetup.com/cities/us/mt/whitlash/;Whitlash;whitlash
http://www.meetup.com/cities/us/mt/wibaux/;Wibaux;wibaux
http://www.meetup.com/cities/us/mt/willard/;Willard;willard
http://www.meetup.com/cities/us/mt/willow_creek/;Willow Creek;willow_creek
http://www.meetup.com/cities/us/mt/wilsall/;Wilsall;wilsall
http://www.meetup.com/cities/us/mt/winifred/;Winifred;winifred
http://www.meetup.com/cities/us/mt/winnett/;Winnett;winnett
http://www.meetup.com/cities/us/mt/winston/;Winston;winston
http://www.meetup.com/cities/us/mt/wisdom/;Wisdom;wisdom
http://www.meetup.com/cities/us/mt/wise_river/;Wise River;wise_river
http://www.meetup.com/cities/us/mt/wolf_creek/;Wolf Creek;wolf_creek
http://www.meetup.com/cities/us/mt/wolf_point/;Wolf Point;wolf_point
http://www.meetup.com/cities/us/mt/worden/;Worden;worden
http://www.meetup.com/cities/us/mt/wyola/;Wyola;wyola
http://www.meetup.com/cities/us/mt/yellowtail/;Yellowtail;yellowtail
http://www.meetup.com/cities/us/mt/zortman/;Zortman;zortman
http://www.meetup.com/cities/us/mt/zurich/;Zurich;zurich
