http://www.meetup.com/cities/ca/mb/alexander/;Alexander;alexander
http://www.meetup.com/cities/ca/mb/alonsa/;Alonsa;alonsa
http://www.meetup.com/cities/ca/mb/altamont/;Altamont;altamont
http://www.meetup.com/cities/ca/mb/altona/;Altona;altona
http://www.meetup.com/cities/ca/mb/amaranth/;Amaranth;amaranth
http://www.meetup.com/cities/ca/mb/angusville/;Angusville;angusville
http://www.meetup.com/cities/ca/mb/anola/;Anola;anola
http://www.meetup.com/cities/ca/mb/arborg/;Arborg;arborg
http://www.meetup.com/cities/ca/mb/arden/;Arden;arden
http://www.meetup.com/cities/ca/mb/argyle/;Argyle;argyle
http://www.meetup.com/cities/ca/mb/arnaud/;Arnaud;arnaud
http://www.meetup.com/cities/ca/mb/arnes/;Arnes;arnes
http://www.meetup.com/cities/ca/mb/arrow_river/;Arrow River;arrow_river
http://www.meetup.com/cities/ca/mb/ashern/;Ashern;ashern
http://www.meetup.com/cities/ca/mb/ashville/;Ashville;ashville
http://www.meetup.com/cities/ca/mb/aubigny/;Aubigny;aubigny
http://www.meetup.com/cities/ca/mb/austin/;Austin;austin
http://www.meetup.com/cities/ca/mb/bagot/;Bagot;bagot
http://www.meetup.com/cities/ca/mb/baldur/;Baldur;baldur
http://www.meetup.com/cities/ca/mb/balmoral/;Balmoral;balmoral
http://www.meetup.com/cities/ca/mb/barrows/;Barrows;barrows
http://www.meetup.com/cities/ca/mb/beaconia/;Beaconia;beaconia
http://www.meetup.com/cities/ca/mb/beaus%C3%A9jour/;Beauséjour;beaus%C3%A9jour
http://www.meetup.com/cities/ca/mb/b%C3%A9lair/;Bélair;b%C3%A9lair
http://www.meetup.com/cities/ca/mb/belleview/;Belleview;belleview
http://www.meetup.com/cities/ca/mb/belmont/;Belmont;belmont
http://www.meetup.com/cities/ca/mb/benito/;Benito;benito
http://www.meetup.com/cities/ca/mb/berens_river/;Berens River;berens_river
http://www.meetup.com/cities/ca/mb/bethany/;Bethany;bethany
http://www.meetup.com/cities/ca/mb/beulah/;Beulah;beulah
http://www.meetup.com/cities/ca/mb/binscarth/;Binscarth;binscarth
http://www.meetup.com/cities/ca/mb/birch_river/;Birch River;birch_river
http://www.meetup.com/cities/ca/mb/birnie/;Birnie;birnie
http://www.meetup.com/cities/ca/mb/birtle/;Birtle;birtle
http://www.meetup.com/cities/ca/mb/bissett/;Bissett;bissett
http://www.meetup.com/cities/ca/mb/bloodvein/;Bloodvein;bloodvein
http://www.meetup.com/cities/ca/mb/blumenort/;Blumenort;blumenort
http://www.meetup.com/cities/ca/mb/boggy_creek/;Boggy Creek;boggy_creek
http://www.meetup.com/cities/ca/mb/boissevain/;Boissevain;boissevain
http://www.meetup.com/cities/ca/mb/bowsman/;Bowsman;bowsman
http://www.meetup.com/cities/ca/mb/bradwardine/;Bradwardine;bradwardine
http://www.meetup.com/cities/ca/mb/brandon/;Brandon;brandon
http://www.meetup.com/cities/ca/mb/broad_valley/;Broad Valley;broad_valley
http://www.meetup.com/cities/ca/mb/brochet/;Brochet;brochet
http://www.meetup.com/cities/ca/mb/brookdale/;Brookdale;brookdale
http://www.meetup.com/cities/ca/mb/brunkild/;Brunkild;brunkild
http://www.meetup.com/cities/ca/mb/bruxelles/;Bruxelles;bruxelles
http://www.meetup.com/cities/ca/mb/buffalo_point/;Buffalo Point;buffalo_point
http://www.meetup.com/cities/ca/mb/camperville/;Camperville;camperville
http://www.meetup.com/cities/ca/mb/camp_morton/;Camp Morton;camp_morton
http://www.meetup.com/cities/ca/mb/carberry/;Carberry;carberry
http://www.meetup.com/cities/ca/mb/cardale/;Cardale;cardale
http://www.meetup.com/cities/ca/mb/carlowrie/;Carlowrie;carlowrie
http://www.meetup.com/cities/ca/mb/carman/;Carman;carman
http://www.meetup.com/cities/ca/mb/carroll/;Carroll;carroll
http://www.meetup.com/cities/ca/mb/cartier/;Cartier;cartier
http://www.meetup.com/cities/ca/mb/cartwright/;Cartwright;cartwright
http://www.meetup.com/cities/ca/mb/cayer/;Cayer;cayer
http://www.meetup.com/cities/ca/mb/channing/;Channing;channing
http://www.meetup.com/cities/ca/mb/chatfield/;Chatfield;chatfield
http://www.meetup.com/cities/ca/mb/churchill/;Churchill;churchill
http://www.meetup.com/cities/ca/mb/clandeboye/;Clandeboye;clandeboye
http://www.meetup.com/cities/ca/mb/clanwilliam/;Clanwilliam;clanwilliam
http://www.meetup.com/cities/ca/mb/clearwater/;Clearwater;clearwater
http://www.meetup.com/cities/ca/mb/cormorant/;Cormorant;cormorant
http://www.meetup.com/cities/ca/mb/coulter/;Coulter;coulter
http://www.meetup.com/cities/ca/mb/cowan/;Cowan;cowan
http://www.meetup.com/cities/ca/mb/cranberry_portage/;Cranberry Portage;cranberry_portage
http://www.meetup.com/cities/ca/mb/crandall/;Crandall;crandall
http://www.meetup.com/cities/ca/mb/crane_river/;Crane River;crane_river
http://www.meetup.com/cities/ca/mb/cromer/;Cromer;cromer
http://www.meetup.com/cities/ca/mb/cross_lake/;Cross Lake;cross_lake
http://www.meetup.com/cities/ca/mb/crystal_city/;Crystal City;crystal_city
http://www.meetup.com/cities/ca/mb/cypress_river/;Cypress River;cypress_river
http://www.meetup.com/cities/ca/mb/dacotah/;Dacotah;dacotah
http://www.meetup.com/cities/ca/mb/dakota_tipi/;Dakota Tipi;dakota_tipi
http://www.meetup.com/cities/ca/mb/dallas/;Dallas;dallas
http://www.meetup.com/cities/ca/mb/darlingford/;Darlingford;darlingford
http://www.meetup.com/cities/ca/mb/dauphin/;Dauphin;dauphin
http://www.meetup.com/cities/ca/mb/decker/;Decker;decker
http://www.meetup.com/cities/ca/mb/deleau/;Deleau;deleau
http://www.meetup.com/cities/ca/mb/deloraine/;Deloraine;deloraine
http://www.meetup.com/cities/ca/mb/domain/;Domain;domain
http://www.meetup.com/cities/ca/mb/dominion_city/;Dominion City;dominion_city
http://www.meetup.com/cities/ca/mb/douglas/;Douglas;douglas
http://www.meetup.com/cities/ca/mb/dropmore/;Dropmore;dropmore
http://www.meetup.com/cities/ca/mb/duck_bay/;Duck Bay;duck_bay
http://www.meetup.com/cities/ca/mb/dufresne/;Dufresne;dufresne
http://www.meetup.com/cities/ca/mb/dufrost/;Dufrost;dufrost
http://www.meetup.com/cities/ca/mb/dugald/;Dugald;dugald
http://www.meetup.com/cities/ca/mb/dunrea/;Dunrea;dunrea
http://www.meetup.com/cities/ca/mb/durban/;Durban;durban
http://www.meetup.com/cities/ca/mb/east_braintree/;East Braintree;east_braintree
http://www.meetup.com/cities/ca/mb/easterville/;Easterville;easterville
http://www.meetup.com/cities/ca/mb/east_selkirk/;East Selkirk;east_selkirk
http://www.meetup.com/cities/ca/mb/east_st_paul/;East St Paul;east_st_paul
http://www.meetup.com/cities/ca/mb/ebb_and_flow/;Ebb and Flow;ebb_and_flow
http://www.meetup.com/cities/ca/mb/eddystone/;Eddystone;eddystone
http://www.meetup.com/cities/ca/mb/eden/;Eden;eden
http://www.meetup.com/cities/ca/mb/edwin/;Edwin;edwin
http://www.meetup.com/cities/ca/mb/elgin/;Elgin;elgin
http://www.meetup.com/cities/ca/mb/%C3%A9lie/;Élie;%C3%A9lie
http://www.meetup.com/cities/ca/mb/elkhorn/;Elkhorn;elkhorn
http://www.meetup.com/cities/ca/mb/elma/;Elma;elma
http://www.meetup.com/cities/ca/mb/elm_creek/;Elm Creek;elm_creek
http://www.meetup.com/cities/ca/mb/elphinstone/;Elphinstone;elphinstone
http://www.meetup.com/cities/ca/mb/emerson/;Emerson;emerson
http://www.meetup.com/cities/ca/mb/erickson/;Erickson;erickson
http://www.meetup.com/cities/ca/mb/eriksdale/;Eriksdale;eriksdale
http://www.meetup.com/cities/ca/mb/ethelbert/;Ethelbert;ethelbert
http://www.meetup.com/cities/ca/mb/fairfax/;Fairfax;fairfax
http://www.meetup.com/cities/ca/mb/fairford/;Fairford;fairford
http://www.meetup.com/cities/ca/mb/falcon_beach/;Falcon Beach;falcon_beach
http://www.meetup.com/cities/ca/mb/fannystelle/;Fannystelle;fannystelle
http://www.meetup.com/cities/ca/mb/faulkner/;Faulkner;faulkner
http://www.meetup.com/cities/ca/mb/fisher_branch/;Fisher Branch;fisher_branch
http://www.meetup.com/cities/ca/mb/flin_flon/;Flin Flon;flin_flon
http://www.meetup.com/cities/ca/mb/fork_river/;Fork River;fork_river
http://www.meetup.com/cities/ca/mb/forrest_station/;Forrest Station;forrest_station
http://www.meetup.com/cities/ca/mb/fort_alexander/;Fort Alexander;fort_alexander
http://www.meetup.com/cities/ca/mb/foxwarren/;Foxwarren;foxwarren
http://www.meetup.com/cities/ca/mb/franklin/;Franklin;franklin
http://www.meetup.com/cities/ca/mb/fraserwood/;Fraserwood;fraserwood
http://www.meetup.com/cities/ca/mb/gardenton/;Gardenton;gardenton
http://www.meetup.com/cities/ca/mb/garland/;Garland;garland
http://www.meetup.com/cities/ca/mb/garson/;Garson;garson
http://www.meetup.com/cities/ca/mb/gilbert_plains/;Gilbert Plains;gilbert_plains
http://www.meetup.com/cities/ca/mb/gillam/;Gillam;gillam
http://www.meetup.com/cities/ca/mb/gimli/;Gimli;gimli
http://www.meetup.com/cities/ca/mb/ginew/;Ginew;ginew
http://www.meetup.com/cities/ca/mb/giroux/;Giroux;giroux
http://www.meetup.com/cities/ca/mb/gladstone/;Gladstone;gladstone
http://www.meetup.com/cities/ca/mb/glenboro/;Glenboro;glenboro
http://www.meetup.com/cities/ca/mb/glenella/;Glenella;glenella
http://www.meetup.com/cities/ca/mb/glenlea/;Glenlea;glenlea
http://www.meetup.com/cities/ca/mb/glenora/;Glenora;glenora
http://www.meetup.com/cities/ca/mb/gods_lake_narrows/;Gods Lake Narrows;gods_lake_narrows
http://www.meetup.com/cities/ca/mb/gods_river/;Gods River;gods_river
http://www.meetup.com/cities/ca/mb/goodlands/;Goodlands;goodlands
http://www.meetup.com/cities/ca/mb/grahamdale/;Grahamdale;grahamdale
http://www.meetup.com/cities/ca/mb/grande_pointe/;Grande Pointe;grande_pointe
http://www.meetup.com/cities/ca/mb/grand_marais/;Grand Marais;grand_marais
http://www.meetup.com/cities/ca/mb/grand_rapids/;Grand Rapids;grand_rapids
http://www.meetup.com/cities/ca/mb/grandview/;Grandview;grandview
http://www.meetup.com/cities/ca/mb/granville_lake/;Granville Lake;granville_lake
http://www.meetup.com/cities/ca/mb/graysville/;Graysville;graysville
http://www.meetup.com/cities/ca/mb/great_falls/;Great Falls;great_falls
http://www.meetup.com/cities/ca/mb/green_ridge/;Green Ridge;green_ridge
http://www.meetup.com/cities/ca/mb/gretna/;Gretna;gretna
http://www.meetup.com/cities/ca/mb/griswold/;Griswold;griswold
http://www.meetup.com/cities/ca/mb/grosse_isle/;Grosse Isle;grosse_isle
http://www.meetup.com/cities/ca/mb/grunthal/;Grunthal;grunthal
http://www.meetup.com/cities/ca/mb/gunton/;Gunton;gunton
http://www.meetup.com/cities/ca/mb/gypsumville/;Gypsumville;gypsumville
http://www.meetup.com/cities/ca/mb/hadashville/;Hadashville;hadashville
http://www.meetup.com/cities/ca/mb/halbstadt/;Halbstadt;halbstadt
http://www.meetup.com/cities/ca/mb/hamiota/;Hamiota;hamiota
http://www.meetup.com/cities/ca/mb/harding/;Harding;harding
http://www.meetup.com/cities/ca/mb/hargrave/;Hargrave;hargrave
http://www.meetup.com/cities/ca/mb/hartney/;Hartney;hartney
http://www.meetup.com/cities/ca/mb/haywood/;Haywood;haywood
http://www.meetup.com/cities/ca/mb/hazelridge/;Hazelridge;hazelridge
http://www.meetup.com/cities/ca/mb/headingley/;Headingley;headingley
http://www.meetup.com/cities/ca/mb/high_bluff/;High Bluff;high_bluff
http://www.meetup.com/cities/ca/mb/hilbre/;Hilbre;hilbre
http://www.meetup.com/cities/ca/mb/hodgson/;Hodgson;hodgson
http://www.meetup.com/cities/ca/mb/holland/;Holland;holland
http://www.meetup.com/cities/ca/mb/holmfield/;Holmfield;holmfield
http://www.meetup.com/cities/ca/mb/homewood/;Homewood;homewood
http://www.meetup.com/cities/ca/mb/horndean/;Horndean;horndean
http://www.meetup.com/cities/ca/mb/howden/;Howden;howden
http://www.meetup.com/cities/ca/mb/ile_des_chenes/;Ile des Chenes;ile_des_chenes
http://www.meetup.com/cities/ca/mb/ilford/;Ilford;ilford
http://www.meetup.com/cities/ca/mb/inglis/;Inglis;inglis
http://www.meetup.com/cities/ca/mb/inwood/;Inwood;inwood
http://www.meetup.com/cities/ca/mb/isabella/;Isabella;isabella
http://www.meetup.com/cities/ca/mb/island_lake/;Island Lake;island_lake
http://www.meetup.com/cities/ca/mb/justice/;Justice;justice
http://www.meetup.com/cities/ca/mb/kelwood/;Kelwood;kelwood
http://www.meetup.com/cities/ca/mb/kenton/;Kenton;kenton
http://www.meetup.com/cities/ca/mb/kenville/;Kenville;kenville
http://www.meetup.com/cities/ca/mb/killarney/;Killarney;killarney
http://www.meetup.com/cities/ca/mb/kinosota/;Kinosota;kinosota
http://www.meetup.com/cities/ca/mb/kirkella/;Kirkella;kirkella
http://www.meetup.com/cities/ca/mb/kleefeld/;Kleefeld;kleefeld
http://www.meetup.com/cities/ca/mb/kola/;Kola;kola
http://www.meetup.com/cities/ca/mb/komarno/;Komarno;komarno
http://www.meetup.com/cities/ca/mb/koostatak/;Koostatak;koostatak
http://www.meetup.com/cities/ca/mb/la_barriere/;La Barriere;la_barriere
http://www.meetup.com/cities/ca/mb/la_broquerie/;La Broquerie;la_broquerie
http://www.meetup.com/cities/ca/mb/lac_brochet/;Lac Brochet;lac_brochet
http://www.meetup.com/cities/ca/mb/lac_du_bonnet/;Lac du Bonnet;lac_du_bonnet
http://www.meetup.com/cities/ca/mb/lake_audy/;Lake Audy;lake_audy
http://www.meetup.com/cities/ca/mb/lake_francis/;Lake Francis;lake_francis
http://www.meetup.com/cities/ca/mb/lakeland/;Lakeland;lakeland
http://www.meetup.com/cities/ca/mb/lake_manitoba_first_nation/;Lake Manitoba First Nation;lake_manitoba_first_nation
http://www.meetup.com/cities/ca/mb/landmark/;Landmark;landmark
http://www.meetup.com/cities/ca/mb/langruth/;Langruth;langruth
http://www.meetup.com/cities/ca/mb/la_riviere/;La Riviere;la_riviere
http://www.meetup.com/cities/ca/mb/la_salle/;La Salle;la_salle
http://www.meetup.com/cities/ca/mb/lauder/;Lauder;lauder
http://www.meetup.com/cities/ca/mb/laurier/;Laurier;laurier
http://www.meetup.com/cities/ca/mb/lavenham/;Lavenham;lavenham
http://www.meetup.com/cities/ca/mb/leaf_rapids/;Leaf Rapids;leaf_rapids
http://www.meetup.com/cities/ca/mb/lenore/;Lenore;lenore
http://www.meetup.com/cities/ca/mb/letellier/;Letellier;letellier
http://www.meetup.com/cities/ca/mb/libau/;Libau;libau
http://www.meetup.com/cities/ca/mb/little_bullhead/;Little Bullhead;little_bullhead
http://www.meetup.com/cities/ca/mb/little_grand_rapids/;Little Grand Rapids;little_grand_rapids
http://www.meetup.com/cities/ca/mb/lockport/;Lockport;lockport
http://www.meetup.com/cities/ca/mb/lorette/;Lorette;lorette
http://www.meetup.com/cities/ca/mb/lowe_farm/;Lowe Farm;lowe_farm
http://www.meetup.com/cities/ca/mb/lundar/;Lundar;lundar
http://www.meetup.com/cities/ca/mb/lyleton/;Lyleton;lyleton
http://www.meetup.com/cities/ca/mb/lynn_lake/;Lynn Lake;lynn_lake
http://www.meetup.com/cities/ca/mb/macdonald/;Macdonald;macdonald
http://www.meetup.com/cities/ca/mb/macgregor/;Macgregor;macgregor
http://www.meetup.com/cities/ca/mb/mafeking/;Mafeking;mafeking
http://www.meetup.com/cities/ca/mb/makinak/;Makinak;makinak
http://www.meetup.com/cities/ca/mb/malonton/;Malonton;malonton
http://www.meetup.com/cities/ca/mb/manigotagan/;Manigotagan;manigotagan
http://www.meetup.com/cities/ca/mb/manitou/;Manitou;manitou
http://www.meetup.com/cities/ca/mb/manson/;Manson;manson
http://www.meetup.com/cities/ca/mb/marchand/;Marchand;marchand
http://www.meetup.com/cities/ca/mb/margaret/;Margaret;margaret
http://www.meetup.com/cities/ca/mb/mariapolis/;Mariapolis;mariapolis
http://www.meetup.com/cities/ca/mb/marius/;Marius;marius
http://www.meetup.com/cities/ca/mb/marquette/;Marquette;marquette
http://www.meetup.com/cities/ca/mb/mather/;Mather;mather
http://www.meetup.com/cities/ca/mb/matheson_island/;Matheson Island;matheson_island
http://www.meetup.com/cities/ca/mb/matlock/;Matlock;matlock
http://www.meetup.com/cities/ca/mb/mcauley/;McAuley;mcauley
http://www.meetup.com/cities/ca/mb/mccreary/;McCreary;mccreary
http://www.meetup.com/cities/ca/mb/meadow_portage/;Meadow Portage;meadow_portage
http://www.meetup.com/cities/ca/mb/medora/;Medora;medora
http://www.meetup.com/cities/ca/mb/meleb/;Meleb;meleb
http://www.meetup.com/cities/ca/mb/melita/;Melita;melita
http://www.meetup.com/cities/ca/mb/menisino/;Menisino;menisino
http://www.meetup.com/cities/ca/mb/menzie/;Menzie;menzie
http://www.meetup.com/cities/ca/mb/miami/;Miami;miami
http://www.meetup.com/cities/ca/mb/middlebro/;Middlebro;middlebro
http://www.meetup.com/cities/ca/mb/miniota/;Miniota;miniota
http://www.meetup.com/cities/ca/mb/minitonas/;Minitonas;minitonas
http://www.meetup.com/cities/ca/mb/minnedosa/;Minnedosa;minnedosa
http://www.meetup.com/cities/ca/mb/minto/;Minto;minto
http://www.meetup.com/cities/ca/mb/mitchell/;Mitchell;mitchell
http://www.meetup.com/cities/ca/mb/moosehorn/;Moosehorn;moosehorn
http://www.meetup.com/cities/ca/mb/moose_lake/;Moose Lake;moose_lake
http://www.meetup.com/cities/ca/mb/morden/;Morden;morden
http://www.meetup.com/cities/ca/mb/morris/;Morris;morris
http://www.meetup.com/cities/ca/mb/mountain_road/;Mountain Road;mountain_road
http://www.meetup.com/cities/ca/mb/mulvihill/;Mulvihill;mulvihill
http://www.meetup.com/cities/ca/mb/napinka/;Napinka;napinka
http://www.meetup.com/cities/ca/mb/narcisse/;Narcisse;narcisse
http://www.meetup.com/cities/ca/mb/neepawa/;Neepawa;neepawa
http://www.meetup.com/cities/ca/mb/negginan/;Negginan;negginan
http://www.meetup.com/cities/ca/mb/nelson_house/;Nelson House;nelson_house
http://www.meetup.com/cities/ca/mb/nesbitt/;Nesbitt;nesbitt
http://www.meetup.com/cities/ca/mb/new_bothwell/;New Bothwell;new_bothwell
http://www.meetup.com/cities/ca/mb/newdale/;Newdale;newdale
http://www.meetup.com/cities/ca/mb/newton_siding/;Newton Siding;newton_siding
http://www.meetup.com/cities/ca/mb/ninette/;Ninette;ninette
http://www.meetup.com/cities/ca/mb/ninga/;Ninga;ninga
http://www.meetup.com/cities/ca/mb/niverville/;Niverville;niverville
http://www.meetup.com/cities/ca/mb/norway_house/;Norway House;norway_house
http://www.meetup.com/cities/ca/mb/notre_dame_de_lourdes/;Notre Dame de Lourdes;notre_dame_de_lourdes
http://www.meetup.com/cities/ca/mb/o%27hanly/;O'Hanly;o%27hanly
http://www.meetup.com/cities/ca/mb/oakbank/;Oakbank;oakbank
http://www.meetup.com/cities/ca/mb/oak_bluff/;Oak Bluff;oak_bluff
http://www.meetup.com/cities/ca/mb/oakburn/;Oakburn;oakburn
http://www.meetup.com/cities/ca/mb/oak_lake/;Oak Lake;oak_lake
http://www.meetup.com/cities/ca/mb/oak_point/;Oak Point;oak_point
http://www.meetup.com/cities/ca/mb/oak_river/;Oak River;oak_river
http://www.meetup.com/cities/ca/mb/oakview/;Oakview;oakview
http://www.meetup.com/cities/ca/mb/oakville/;Oakville;oakville
http://www.meetup.com/cities/ca/mb/ochre_river/;Ochre River;ochre_river
http://www.meetup.com/cities/ca/mb/olha/;Olha;olha
http://www.meetup.com/cities/ca/mb/onanole/;Onanole;onanole
http://www.meetup.com/cities/ca/mb/opaskwayak/;Opaskwayak;opaskwayak
http://www.meetup.com/cities/ca/mb/otterburne/;Otterburne;otterburne
http://www.meetup.com/cities/ca/mb/overstoneville/;Overstoneville;overstoneville
http://www.meetup.com/cities/ca/mb/oxford_house/;Oxford House;oxford_house
http://www.meetup.com/cities/ca/mb/pansy/;Pansy;pansy
http://www.meetup.com/cities/ca/mb/pauingassi/;Pauingassi;pauingassi
http://www.meetup.com/cities/ca/mb/peguis/;Peguis;peguis
http://www.meetup.com/cities/ca/mb/pelican_rapids/;Pelican Rapids;pelican_rapids
http://www.meetup.com/cities/ca/mb/petersfield/;Petersfield;petersfield
http://www.meetup.com/cities/ca/mb/pierson/;Pierson;pierson
http://www.meetup.com/cities/ca/mb/pikwitonei/;Pikwitonei;pikwitonei
http://www.meetup.com/cities/ca/mb/pilot_mound/;Pilot Mound;pilot_mound
http://www.meetup.com/cities/ca/mb/pinawa/;Pinawa;pinawa
http://www.meetup.com/cities/ca/mb/pine_falls/;Pine Falls;pine_falls
http://www.meetup.com/cities/ca/mb/pine_river/;Pine River;pine_river
http://www.meetup.com/cities/ca/mb/piney/;Piney;piney
http://www.meetup.com/cities/ca/mb/pipestone/;Pipestone;pipestone
http://www.meetup.com/cities/ca/mb/plumas/;Plumas;plumas
http://www.meetup.com/cities/ca/mb/plum_coulee/;Plum Coulee;plum_coulee
http://www.meetup.com/cities/ca/mb/pointe_du_bois/;Pointe du Bois;pointe_du_bois
http://www.meetup.com/cities/ca/mb/polonia/;Polonia;polonia
http://www.meetup.com/cities/ca/mb/poplarfield/;Poplarfield;poplarfield
http://www.meetup.com/cities/ca/mb/poplar_point/;Poplar Point;poplar_point
http://www.meetup.com/cities/ca/mb/portage_la_prairie/;Portage La Prairie;portage_la_prairie
http://www.meetup.com/cities/ca/mb/powerview/;Powerview;powerview
http://www.meetup.com/cities/ca/mb/pratt/;Pratt;pratt
http://www.meetup.com/cities/ca/mb/princess_harbour/;Princess Harbour;princess_harbour
http://www.meetup.com/cities/ca/mb/pukatawagan/;Pukatawagan;pukatawagan
http://www.meetup.com/cities/ca/mb/randolph/;Randolph;randolph
http://www.meetup.com/cities/ca/mb/rapid_city/;Rapid City;rapid_city
http://www.meetup.com/cities/ca/mb/rathwell/;Rathwell;rathwell
http://www.meetup.com/cities/ca/mb/red_sucker_lake/;Red Sucker Lake;red_sucker_lake
http://www.meetup.com/cities/ca/mb/reinfeld/;Reinfeld;reinfeld
http://www.meetup.com/cities/ca/mb/rennie/;Rennie;rennie
http://www.meetup.com/cities/ca/mb/renwer/;Renwer;renwer
http://www.meetup.com/cities/ca/mb/reston/;Reston;reston
http://www.meetup.com/cities/ca/mb/richer/;Richer;richer
http://www.meetup.com/cities/ca/mb/ridgeville/;Ridgeville;ridgeville
http://www.meetup.com/cities/ca/mb/riding_mountain/;Riding Mountain;riding_mountain
http://www.meetup.com/cities/ca/mb/river_hills/;River Hills;river_hills
http://www.meetup.com/cities/ca/mb/rivers/;Rivers;rivers
http://www.meetup.com/cities/ca/mb/riverton/;Riverton;riverton
http://www.meetup.com/cities/ca/mb/roblin/;Roblin;roblin
http://www.meetup.com/cities/ca/mb/rock_ridge/;Rock Ridge;rock_ridge
http://www.meetup.com/cities/ca/mb/roland/;Roland;roland
http://www.meetup.com/cities/ca/mb/rorketon/;Rorketon;rorketon
http://www.meetup.com/cities/ca/mb/rosa/;Rosa;rosa
http://www.meetup.com/cities/ca/mb/roseau_river/;Roseau River;roseau_river
http://www.meetup.com/cities/ca/mb/roseisle/;Roseisle;roseisle
http://www.meetup.com/cities/ca/mb/rosenfeld/;Rosenfeld;rosenfeld
http://www.meetup.com/cities/ca/mb/rosenort/;Rosenort;rosenort
http://www.meetup.com/cities/ca/mb/rossburn/;Rossburn;rossburn
http://www.meetup.com/cities/ca/mb/rossendale/;Rossendale;rossendale
http://www.meetup.com/cities/ca/mb/rosser/;Rosser;rosser
http://www.meetup.com/cities/ca/mb/russell/;Russell;russell
http://www.meetup.com/cities/ca/mb/san_clara/;San Clara;san_clara
http://www.meetup.com/cities/ca/mb/sandilands/;Sandilands;sandilands
http://www.meetup.com/cities/ca/mb/sandy_hook/;Sandy Hook;sandy_hook
http://www.meetup.com/cities/ca/mb/sandy_lake/;Sandy Lake;sandy_lake
http://www.meetup.com/cities/ca/mb/sanford/;Sanford;sanford
http://www.meetup.com/cities/ca/mb/sarto/;Sarto;sarto
http://www.meetup.com/cities/ca/mb/scanterbury/;Scanterbury;scanterbury
http://www.meetup.com/cities/ca/mb/schanzenfeld/;Schanzenfeld;schanzenfeld
http://www.meetup.com/cities/ca/mb/seddons_corner/;Seddons Corner;seddons_corner
http://www.meetup.com/cities/ca/mb/selkirk/;Selkirk;selkirk
http://www.meetup.com/cities/ca/mb/seven_sisters_falls/;Seven Sisters Falls;seven_sisters_falls
http://www.meetup.com/cities/ca/mb/shamattawa/;Shamattawa;shamattawa
http://www.meetup.com/cities/ca/mb/shellmouth/;Shellmouth;shellmouth
http://www.meetup.com/cities/ca/mb/sherridon/;Sherridon;sherridon
http://www.meetup.com/cities/ca/mb/shilo/;Shilo;shilo
http://www.meetup.com/cities/ca/mb/shoal_lake/;Shoal Lake;shoal_lake
http://www.meetup.com/cities/ca/mb/shortdale/;Shortdale;shortdale
http://www.meetup.com/cities/ca/mb/sidney/;Sidney;sidney
http://www.meetup.com/cities/ca/mb/sifton/;Sifton;sifton
http://www.meetup.com/cities/ca/mb/silver/;Silver;silver
http://www.meetup.com/cities/ca/mb/silver_ridge/;Silver Ridge;silver_ridge
http://www.meetup.com/cities/ca/mb/sinclair/;Sinclair;sinclair
http://www.meetup.com/cities/ca/mb/skownan/;Skownan;skownan
http://www.meetup.com/cities/ca/mb/snowflake/;Snowflake;snowflake
http://www.meetup.com/cities/ca/mb/snow_lake/;Snow Lake;snow_lake
http://www.meetup.com/cities/ca/mb/solsgirth/;Solsgirth;solsgirth
http://www.meetup.com/cities/ca/mb/somerset/;Somerset;somerset
http://www.meetup.com/cities/ca/mb/souris/;Souris;souris
http://www.meetup.com/cities/ca/mb/south_indian_lake/;South Indian Lake;south_indian_lake
http://www.meetup.com/cities/ca/mb/south_junction/;South Junction;south_junction
http://www.meetup.com/cities/ca/mb/southport/;Southport;southport
http://www.meetup.com/cities/ca/mb/sperling/;Sperling;sperling
http://www.meetup.com/cities/ca/mb/split_lake/;Split Lake;split_lake
http://www.meetup.com/cities/ca/mb/sprague/;Sprague;sprague
http://www.meetup.com/cities/ca/mb/springfield/;Springfield;springfield
http://www.meetup.com/cities/ca/mb/springstein/;Springstein;springstein
http://www.meetup.com/cities/ca/mb/st._georges/;St. Georges;st._georges
http://www.meetup.com/cities/ca/mb/st_adolphe/;St Adolphe;st_adolphe
http://www.meetup.com/cities/ca/mb/st_alphonse/;St Alphonse;st_alphonse
http://www.meetup.com/cities/ca/mb/st_ambroise/;St Ambroise;st_ambroise
http://www.meetup.com/cities/ca/mb/st_andrews/;St Andrews;st_andrews
http://www.meetup.com/cities/ca/mb/starbuck/;Starbuck;starbuck
http://www.meetup.com/cities/ca/mb/st_claude/;St Claude;st_claude
http://www.meetup.com/cities/ca/mb/stead/;Stead;stead
http://www.meetup.com/cities/ca/mb/ste_agathe/;Ste Agathe;ste_agathe
http://www.meetup.com/cities/ca/mb/ste_anne/;Ste Anne;ste_anne
http://www.meetup.com/cities/ca/mb/steep_rock/;Steep Rock;steep_rock
http://www.meetup.com/cities/ca/mb/steinbach/;Steinbach;steinbach
http://www.meetup.com/cities/ca/mb/stephenfield/;Stephenfield;stephenfield
http://www.meetup.com/cities/ca/mb/ste_rose_du_lac/;Ste Rose du Lac;ste_rose_du_lac
http://www.meetup.com/cities/ca/mb/st_eustache/;St Eustache;st_eustache
http://www.meetup.com/cities/ca/mb/stevenson_island/;Stevenson Island;stevenson_island
http://www.meetup.com/cities/ca/mb/st_francois_xavier/;St Francois Xavier;st_francois_xavier
http://www.meetup.com/cities/ca/mb/st_germain_south/;St Germain South;st_germain_south
http://www.meetup.com/cities/ca/mb/st_jean_baptiste/;St Jean Baptiste;st_jean_baptiste
http://www.meetup.com/cities/ca/mb/st_joseph/;St Joseph;st_joseph
http://www.meetup.com/cities/ca/mb/st_laurent/;St Laurent;st_laurent
http://www.meetup.com/cities/ca/mb/st_lazare/;St Lazare;st_lazare
http://www.meetup.com/cities/ca/mb/st_leon/;St Leon;st_leon
http://www.meetup.com/cities/ca/mb/st_malo/;St Malo;st_malo
http://www.meetup.com/cities/ca/mb/st_marks/;St Marks;st_marks
http://www.meetup.com/cities/ca/mb/st_martin/;St Martin;st_martin
http://www.meetup.com/cities/ca/mb/stockton/;Stockton;stockton
http://www.meetup.com/cities/ca/mb/stonewall/;Stonewall;stonewall
http://www.meetup.com/cities/ca/mb/stony_mountain/;Stony Mountain;stony_mountain
http://www.meetup.com/cities/ca/mb/st_pierre_jolys/;St Pierre Jolys;st_pierre_jolys
http://www.meetup.com/cities/ca/mb/strathclair/;Strathclair;strathclair
http://www.meetup.com/cities/ca/mb/st_theresa_point/;St Theresa Point;st_theresa_point
http://www.meetup.com/cities/ca/mb/stuartburn/;Stuartburn;stuartburn
http://www.meetup.com/cities/ca/mb/sundown/;Sundown;sundown
http://www.meetup.com/cities/ca/mb/swan_lake/;Swan Lake;swan_lake
http://www.meetup.com/cities/ca/mb/swan_river/;Swan River;swan_river
http://www.meetup.com/cities/ca/mb/tadoule_lake/;Tadoule Lake;tadoule_lake
http://www.meetup.com/cities/ca/mb/teulon/;Teulon;teulon
http://www.meetup.com/cities/ca/mb/the_pas/;The Pas;the_pas
http://www.meetup.com/cities/ca/mb/thicket_portage/;Thicket Portage;thicket_portage
http://www.meetup.com/cities/ca/mb/thompson/;Thompson;thompson
http://www.meetup.com/cities/ca/mb/thornhill/;Thornhill;thornhill
http://www.meetup.com/cities/ca/mb/tilston/;Tilston;tilston
http://www.meetup.com/cities/ca/mb/tolstoi/;Tolstoi;tolstoi
http://www.meetup.com/cities/ca/mb/tourond/;Tourond;tourond
http://www.meetup.com/cities/ca/mb/toutes_aides/;Toutes Aides;toutes_aides
http://www.meetup.com/cities/ca/mb/traverse_bay/;Traverse Bay;traverse_bay
http://www.meetup.com/cities/ca/mb/treherne/;Treherne;treherne
http://www.meetup.com/cities/ca/mb/tyndall/;Tyndall;tyndall
http://www.meetup.com/cities/ca/mb/valley_river/;Valley River;valley_river
http://www.meetup.com/cities/ca/mb/vassar/;Vassar;vassar
http://www.meetup.com/cities/ca/mb/vermette/;Vermette;vermette
http://www.meetup.com/cities/ca/mb/victoria_beach/;Victoria Beach;victoria_beach
http://www.meetup.com/cities/ca/mb/virden/;Virden;virden
http://www.meetup.com/cities/ca/mb/vista/;Vista;vista
http://www.meetup.com/cities/ca/mb/vita/;Vita;vita
http://www.meetup.com/cities/ca/mb/vogar/;Vogar;vogar
http://www.meetup.com/cities/ca/mb/wabowden/;Wabowden;wabowden
http://www.meetup.com/cities/ca/mb/waldersee/;Waldersee;waldersee
http://www.meetup.com/cities/ca/mb/wanipigow/;Wanipigow;wanipigow
http://www.meetup.com/cities/ca/mb/wanless/;Wanless;wanless
http://www.meetup.com/cities/ca/mb/warren/;Warren;warren
http://www.meetup.com/cities/ca/mb/wasagamack/;Wasagamack;wasagamack
http://www.meetup.com/cities/ca/mb/wasagaming/;Wasagaming;wasagaming
http://www.meetup.com/cities/ca/mb/waskada/;Waskada;waskada
http://www.meetup.com/cities/ca/mb/waterhen/;Waterhen;waterhen
http://www.meetup.com/cities/ca/mb/wawanesa/;Wawanesa;wawanesa
http://www.meetup.com/cities/ca/mb/waywayseecappo/;Waywayseecappo;waywayseecappo
http://www.meetup.com/cities/ca/mb/wellwood/;Wellwood;wellwood
http://www.meetup.com/cities/ca/mb/westbourne/;Westbourne;westbourne
http://www.meetup.com/cities/ca/mb/west_st_paul/;West St Paul;west_st_paul
http://www.meetup.com/cities/ca/mb/whitemouth/;Whitemouth;whitemouth
http://www.meetup.com/cities/ca/mb/whiteshell/;Whiteshell;whiteshell
http://www.meetup.com/cities/ca/mb/winkler/;Winkler;winkler
http://www.meetup.com/cities/ca/mb/winnipeg/;Winnipeg;winnipeg
http://www.meetup.com/cities/ca/mb/winnipeg_beach/;Winnipeg Beach;winnipeg_beach
http://www.meetup.com/cities/ca/mb/winnipegosis/;Winnipegosis;winnipegosis
http://www.meetup.com/cities/ca/mb/woodlands/;Woodlands;woodlands
http://www.meetup.com/cities/ca/mb/woodmore/;Woodmore;woodmore
http://www.meetup.com/cities/ca/mb/woodridge/;Woodridge;woodridge
http://www.meetup.com/cities/ca/mb/woodside/;Woodside;woodside
http://www.meetup.com/cities/ca/mb/york_landing/;York Landing;york_landing
http://www.meetup.com/cities/ca/mb/zhoda/;Zhoda;zhoda
