http://www.meetup.com/cities/gb/b7/arnos_vale/;Arnos Vale;arnos_vale
http://www.meetup.com/cities/gb/b7/ashley_down/;Ashley Down;ashley_down
http://www.meetup.com/cities/gb/b7/ashton/;Ashton;ashton
http://www.meetup.com/cities/gb/b7/ashton_gate/;Ashton Gate;ashton_gate
http://www.meetup.com/cities/gb/b7/avonmouth/;Avonmouth;avonmouth
http://www.meetup.com/cities/gb/b7/avon_valley_business_park/;Avon Valley Business Park;avon_valley_business_park
http://www.meetup.com/cities/gb/b7/baptist_mills/;Baptist Mills;baptist_mills
http://www.meetup.com/cities/gb/b7/barton_hill/;Barton Hill;barton_hill
http://www.meetup.com/cities/gb/b7/bedminster/;Bedminster;bedminster
http://www.meetup.com/cities/gb/b7/bedminster_down/;Bedminster Down;bedminster_down
http://www.meetup.com/cities/gb/b7/bishopston/;Bishopston;bishopston
http://www.meetup.com/cities/gb/b7/bishopsworth/;Bishopsworth;bishopsworth
http://www.meetup.com/cities/gb/b7/brislington/;Brislington;brislington
http://www.meetup.com/cities/gb/b7/bristol/;Bristol;bristol
http://www.meetup.com/cities/gb/b7/chittening/;Chittening;chittening
http://www.meetup.com/cities/gb/b7/clay_hill/;Clay Hill;clay_hill
http://www.meetup.com/cities/gb/b7/clifton/;Clifton;clifton
http://www.meetup.com/cities/gb/b7/clifton_wood/;Clifton Wood;clifton_wood
http://www.meetup.com/cities/gb/b7/coombe_dingle/;Coombe Dingle;coombe_dingle
http://www.meetup.com/cities/gb/b7/cotham/;Cotham;cotham
http://www.meetup.com/cities/gb/b7/durdham_park/;Durdham Park;durdham_park
http://www.meetup.com/cities/gb/b7/easton/;Easton;easton
http://www.meetup.com/cities/gb/b7/eastville/;Eastville;eastville
http://www.meetup.com/cities/gb/b7/greenbank/;Greenbank;greenbank
http://www.meetup.com/cities/gb/b7/hawkfield_business_park/;Hawkfield Business Park;hawkfield_business_park
http://www.meetup.com/cities/gb/b7/hengrove/;Hengrove;hengrove
http://www.meetup.com/cities/gb/b7/henleaze/;Henleaze;henleaze
http://www.meetup.com/cities/gb/b7/hotwells/;Hotwells;hotwells
http://www.meetup.com/cities/gb/b7/kingsdown/;Kingsdown;kingsdown
http://www.meetup.com/cities/gb/b7/kingsweston/;Kingsweston;kingsweston
http://www.meetup.com/cities/gb/b7/knowle/;Knowle;knowle
http://www.meetup.com/cities/gb/b7/lawrence_hill/;Lawrence Hill;lawrence_hill
http://www.meetup.com/cities/gb/b7/lawrence_weston/;Lawrence Weston;lawrence_weston
http://www.meetup.com/cities/gb/b7/montpelier/;Montpelier;montpelier
http://www.meetup.com/cities/gb/b7/pylle_hill/;Pylle Hill;pylle_hill
http://www.meetup.com/cities/gb/b7/redcliffe/;Redcliffe;redcliffe
http://www.meetup.com/cities/gb/b7/redfield/;Redfield;redfield
http://www.meetup.com/cities/gb/b7/redland/;Redland;redland
http://www.meetup.com/cities/gb/b7/sea_mills/;Sea Mills;sea_mills
http://www.meetup.com/cities/gb/b7/shirehampton/;Shirehampton;shirehampton
http://www.meetup.com/cities/gb/b7/sneyd_park/;Sneyd Park;sneyd_park
http://www.meetup.com/cities/gb/b7/southmead/;Southmead;southmead
http://www.meetup.com/cities/gb/b7/southville/;Southville;southville
http://www.meetup.com/cities/gb/b7/speedwell/;Speedwell;speedwell
http://www.meetup.com/cities/gb/b7/st_agnes/;St Agnes;st_agnes
http://www.meetup.com/cities/gb/b7/st_andrews/;St Andrews;st_andrews
http://www.meetup.com/cities/gb/b7/st_annes/;St Annes;st_annes
http://www.meetup.com/cities/gb/b7/st_annes_park/;St Annes Park;st_annes_park
http://www.meetup.com/cities/gb/b7/st_augustines/;St Augustines;st_augustines
http://www.meetup.com/cities/gb/b7/st_george/;St George;st_george
http://www.meetup.com/cities/gb/b7/st_james/;St James;st_james
http://www.meetup.com/cities/gb/b7/st_judes/;St Judes;st_judes
http://www.meetup.com/cities/gb/b7/stockwood/;Stockwood;stockwood
http://www.meetup.com/cities/gb/b7/stoke_bishop/;Stoke Bishop;stoke_bishop
http://www.meetup.com/cities/gb/b7/st_pauls/;St Pauls;st_pauls
http://www.meetup.com/cities/gb/b7/st_philips/;St Philips;st_philips
http://www.meetup.com/cities/gb/b7/st_philips_marsh/;St Philips Marsh;st_philips_marsh
http://www.meetup.com/cities/gb/b7/st_werburghs/;St Werburghs;st_werburghs
http://www.meetup.com/cities/gb/b7/temple_meads/;Temple Meads;temple_meads
http://www.meetup.com/cities/gb/b7/totterdown/;Totterdown;totterdown
http://www.meetup.com/cities/gb/b7/tyndalls_park/;Tyndalls Park;tyndalls_park
http://www.meetup.com/cities/gb/b7/westbury-on-trym/;Westbury-on-Trym;westbury-on-trym
http://www.meetup.com/cities/gb/b7/westbury_park/;Westbury Park;westbury_park
http://www.meetup.com/cities/gb/b7/whitehall/;Whitehall;whitehall
http://www.meetup.com/cities/gb/b7/arnos_vale/;Arnos Vale;arnos_vale
http://www.meetup.com/cities/gb/b7/ashley_down/;Ashley Down;ashley_down
http://www.meetup.com/cities/gb/b7/ashton/;Ashton;ashton
http://www.meetup.com/cities/gb/b7/ashton_gate/;Ashton Gate;ashton_gate
http://www.meetup.com/cities/gb/b7/avonmouth/;Avonmouth;avonmouth
http://www.meetup.com/cities/gb/b7/avon_valley_business_park/;Avon Valley Business Park;avon_valley_business_park
http://www.meetup.com/cities/gb/b7/baptist_mills/;Baptist Mills;baptist_mills
http://www.meetup.com/cities/gb/b7/barton_hill/;Barton Hill;barton_hill
http://www.meetup.com/cities/gb/b7/bedminster/;Bedminster;bedminster
http://www.meetup.com/cities/gb/b7/bedminster_down/;Bedminster Down;bedminster_down
http://www.meetup.com/cities/gb/b7/bishopston/;Bishopston;bishopston
http://www.meetup.com/cities/gb/b7/bishopsworth/;Bishopsworth;bishopsworth
http://www.meetup.com/cities/gb/b7/brislington/;Brislington;brislington
http://www.meetup.com/cities/gb/b7/bristol/;Bristol;bristol
http://www.meetup.com/cities/gb/b7/chittening/;Chittening;chittening
http://www.meetup.com/cities/gb/b7/clay_hill/;Clay Hill;clay_hill
http://www.meetup.com/cities/gb/b7/clifton/;Clifton;clifton
http://www.meetup.com/cities/gb/b7/clifton_wood/;Clifton Wood;clifton_wood
http://www.meetup.com/cities/gb/b7/coombe_dingle/;Coombe Dingle;coombe_dingle
http://www.meetup.com/cities/gb/b7/cotham/;Cotham;cotham
http://www.meetup.com/cities/gb/b7/durdham_park/;Durdham Park;durdham_park
http://www.meetup.com/cities/gb/b7/easton/;Easton;easton
http://www.meetup.com/cities/gb/b7/eastville/;Eastville;eastville
http://www.meetup.com/cities/gb/b7/greenbank/;Greenbank;greenbank
http://www.meetup.com/cities/gb/b7/hawkfield_business_park/;Hawkfield Business Park;hawkfield_business_park
http://www.meetup.com/cities/gb/b7/hengrove/;Hengrove;hengrove
http://www.meetup.com/cities/gb/b7/henleaze/;Henleaze;henleaze
http://www.meetup.com/cities/gb/b7/hotwells/;Hotwells;hotwells
http://www.meetup.com/cities/gb/b7/kingsdown/;Kingsdown;kingsdown
http://www.meetup.com/cities/gb/b7/kingsweston/;Kingsweston;kingsweston
http://www.meetup.com/cities/gb/b7/knowle/;Knowle;knowle
http://www.meetup.com/cities/gb/b7/lawrence_hill/;Lawrence Hill;lawrence_hill
http://www.meetup.com/cities/gb/b7/lawrence_weston/;Lawrence Weston;lawrence_weston
http://www.meetup.com/cities/gb/b7/montpelier/;Montpelier;montpelier
http://www.meetup.com/cities/gb/b7/pylle_hill/;Pylle Hill;pylle_hill
http://www.meetup.com/cities/gb/b7/redcliffe/;Redcliffe;redcliffe
http://www.meetup.com/cities/gb/b7/redfield/;Redfield;redfield
http://www.meetup.com/cities/gb/b7/redland/;Redland;redland
http://www.meetup.com/cities/gb/b7/sea_mills/;Sea Mills;sea_mills
http://www.meetup.com/cities/gb/b7/shirehampton/;Shirehampton;shirehampton
http://www.meetup.com/cities/gb/b7/sneyd_park/;Sneyd Park;sneyd_park
http://www.meetup.com/cities/gb/b7/southmead/;Southmead;southmead
http://www.meetup.com/cities/gb/b7/southville/;Southville;southville
http://www.meetup.com/cities/gb/b7/speedwell/;Speedwell;speedwell
http://www.meetup.com/cities/gb/b7/st_agnes/;St Agnes;st_agnes
http://www.meetup.com/cities/gb/b7/st_andrews/;St Andrews;st_andrews
http://www.meetup.com/cities/gb/b7/st_annes/;St Annes;st_annes
http://www.meetup.com/cities/gb/b7/st_annes_park/;St Annes Park;st_annes_park
http://www.meetup.com/cities/gb/b7/st_augustines/;St Augustines;st_augustines
http://www.meetup.com/cities/gb/b7/st_george/;St George;st_george
http://www.meetup.com/cities/gb/b7/st_james/;St James;st_james
http://www.meetup.com/cities/gb/b7/st_judes/;St Judes;st_judes
http://www.meetup.com/cities/gb/b7/stockwood/;Stockwood;stockwood
http://www.meetup.com/cities/gb/b7/stoke_bishop/;Stoke Bishop;stoke_bishop
http://www.meetup.com/cities/gb/b7/st_pauls/;St Pauls;st_pauls
http://www.meetup.com/cities/gb/b7/st_philips/;St Philips;st_philips
http://www.meetup.com/cities/gb/b7/st_philips_marsh/;St Philips Marsh;st_philips_marsh
http://www.meetup.com/cities/gb/b7/st_werburghs/;St Werburghs;st_werburghs
http://www.meetup.com/cities/gb/b7/temple_meads/;Temple Meads;temple_meads
http://www.meetup.com/cities/gb/b7/totterdown/;Totterdown;totterdown
http://www.meetup.com/cities/gb/b7/tyndalls_park/;Tyndalls Park;tyndalls_park
http://www.meetup.com/cities/gb/b7/westbury-on-trym/;Westbury-on-Trym;westbury-on-trym
http://www.meetup.com/cities/gb/b7/westbury_park/;Westbury Park;westbury_park
http://www.meetup.com/cities/gb/b7/whitehall/;Whitehall;whitehall
