http://www.meetup.com/cities/gb/h2/abbeystead/;Abbeystead;abbeystead
http://www.meetup.com/cities/gb/h2/abbey_village/;Abbey Village;abbey_village
http://www.meetup.com/cities/gb/h2/abram/;Abram;abram
http://www.meetup.com/cities/gb/h2/accrington/;Accrington;accrington
http://www.meetup.com/cities/gb/h2/adlington/;Adlington;adlington
http://www.meetup.com/cities/gb/h2/affetside/;Affetside;affetside
http://www.meetup.com/cities/gb/h2/ainsworth/;Ainsworth;ainsworth
http://www.meetup.com/cities/gb/h2/aldcliffe/;Aldcliffe;aldcliffe
http://www.meetup.com/cities/gb/h2/alston/;Alston;alston
http://www.meetup.com/cities/gb/h2/altham/;Altham;altham
http://www.meetup.com/cities/gb/h2/altham_west/;Altham West;altham_west
http://www.meetup.com/cities/gb/h2/anderton/;Anderton;anderton
http://www.meetup.com/cities/gb/h2/anglezarke/;Anglezarke;anglezarke
http://www.meetup.com/cities/gb/h2/ansdell/;Ansdell;ansdell
http://www.meetup.com/cities/gb/h2/appley_bridge/;Appley Bridge;appley_bridge
http://www.meetup.com/cities/gb/h2/arkholme/;Arkholme;arkholme
http://www.meetup.com/cities/gb/h2/ashton-on-ribble/;Ashton-on-Ribble;ashton-on-ribble
http://www.meetup.com/cities/gb/h2/ashton-under-lyne/;Ashton-under-Lyne;ashton-under-lyne
http://www.meetup.com/cities/gb/h2/ashton_with_stodday/;Ashton with Stodday;ashton_with_stodday
http://www.meetup.com/cities/gb/h2/ashworth/;Ashworth;ashworth
http://www.meetup.com/cities/gb/h2/aspull/;Aspull;aspull
http://www.meetup.com/cities/gb/h2/astley/;Astley;astley
http://www.meetup.com/cities/gb/h2/atherton/;Atherton;atherton
http://www.meetup.com/cities/gb/h2/aughton/;Aughton;aughton
http://www.meetup.com/cities/gb/h2/austerlands/;Austerlands;austerlands
http://www.meetup.com/cities/gb/h2/bacup/;Bacup;bacup
http://www.meetup.com/cities/gb/h2/bailrigg/;Bailrigg;bailrigg
http://www.meetup.com/cities/gb/h2/balderstone/;Balderstone;balderstone
http://www.meetup.com/cities/gb/h2/bamber_bridge/;Bamber Bridge;bamber_bridge
http://www.meetup.com/cities/gb/h2/bamfurlong/;Bamfurlong;bamfurlong
http://www.meetup.com/cities/gb/h2/banks/;Banks;banks
http://www.meetup.com/cities/gb/h2/bardsley/;Bardsley;bardsley
http://www.meetup.com/cities/gb/h2/barley/;Barley;barley
http://www.meetup.com/cities/gb/h2/barnacre/;Barnacre;barnacre
http://www.meetup.com/cities/gb/h2/barnoldswick/;Barnoldswick;barnoldswick
http://www.meetup.com/cities/gb/h2/barrow/;Barrow;barrow
http://www.meetup.com/cities/gb/h2/barrowford/;Barrowford;barrowford
http://www.meetup.com/cities/gb/h2/bartle/;Bartle;bartle
http://www.meetup.com/cities/gb/h2/barton/;Barton;barton
http://www.meetup.com/cities/gb/h2/bashall_eaves/;Bashall Eaves;bashall_eaves
http://www.meetup.com/cities/gb/h2/baxenden/;Baxenden;baxenden
http://www.meetup.com/cities/gb/h2/bay_horse/;Bay Horse;bay_horse
http://www.meetup.com/cities/gb/h2/belmont/;Belmont;belmont
http://www.meetup.com/cities/gb/h2/belthorn/;Belthorn;belthorn
http://www.meetup.com/cities/gb/h2/bickershaw/;Bickershaw;bickershaw
http://www.meetup.com/cities/gb/h2/bickerstaffe/;Bickerstaffe;bickerstaffe
http://www.meetup.com/cities/gb/h2/billington/;Billington;billington
http://www.meetup.com/cities/gb/h2/bilsborrow/;Bilsborrow;bilsborrow
http://www.meetup.com/cities/gb/h2/bispham/;Bispham;bispham
http://www.meetup.com/cities/gb/h2/blackburn/;Blackburn;blackburn
http://www.meetup.com/cities/gb/h2/blacko/;Blacko;blacko
http://www.meetup.com/cities/gb/h2/blackpool/;Blackpool;blackpool
http://www.meetup.com/cities/gb/h2/blackpool_%26_fylde_industrial_estate/;Blackpool & Fylde Industrial Estate;blackpool_%26_fylde_industrial_estate
http://www.meetup.com/cities/gb/h2/blackpool_airport/;Blackpool Airport;blackpool_airport
http://www.meetup.com/cities/gb/h2/blackrod/;Blackrod;blackrod
http://www.meetup.com/cities/gb/h2/bleasdale/;Bleasdale;bleasdale
http://www.meetup.com/cities/gb/h2/bolton/;Bolton;bolton
http://www.meetup.com/cities/gb/h2/bolton_by_bowland/;Bolton by Bowland;bolton_by_bowland
http://www.meetup.com/cities/gb/h2/bolton_le_sands/;Bolton le Sands;bolton_le_sands
http://www.meetup.com/cities/gb/h2/boothfold/;Boothfold;boothfold
http://www.meetup.com/cities/gb/h2/boothstown/;Boothstown;boothstown
http://www.meetup.com/cities/gb/h2/borwick/;Borwick;borwick
http://www.meetup.com/cities/gb/h2/bowgreave/;Bowgreave;bowgreave
http://www.meetup.com/cities/gb/h2/bracewell/;Bracewell;bracewell
http://www.meetup.com/cities/gb/h2/bradley_fold/;Bradley Fold;bradley_fold
http://www.meetup.com/cities/gb/h2/bradley_fold_trading_estate/;Bradley Fold Trading Estate;bradley_fold_trading_estate
http://www.meetup.com/cities/gb/h2/bradshaw/;Bradshaw;bradshaw
http://www.meetup.com/cities/gb/h2/breightmet/;Breightmet;breightmet
http://www.meetup.com/cities/gb/h2/bretherton/;Bretherton;bretherton
http://www.meetup.com/cities/gb/h2/briercliffe/;Briercliffe;briercliffe
http://www.meetup.com/cities/gb/h2/brierfield/;Brierfield;brierfield
http://www.meetup.com/cities/gb/h2/brindle/;Brindle;brindle
http://www.meetup.com/cities/gb/h2/brinscall/;Brinscall;brinscall
http://www.meetup.com/cities/gb/h2/britannia/;Britannia;britannia
http://www.meetup.com/cities/gb/h2/brockhall_village/;Brockhall Village;brockhall_village
http://www.meetup.com/cities/gb/h2/bromley_cross/;Bromley Cross;bromley_cross
http://www.meetup.com/cities/gb/h2/brookhouse/;Brookhouse;brookhouse
http://www.meetup.com/cities/gb/h2/broughton/;Broughton;broughton
http://www.meetup.com/cities/gb/h2/bryning/;Bryning;bryning
http://www.meetup.com/cities/gb/h2/buckshaw_village/;Buckshaw Village;buckshaw_village
http://www.meetup.com/cities/gb/h2/bulk/;Bulk;bulk
http://www.meetup.com/cities/gb/h2/burnedge/;Burnedge;burnedge
http://www.meetup.com/cities/gb/h2/burnham_trading_park/;Burnham Trading Park;burnham_trading_park
http://www.meetup.com/cities/gb/h2/burnley/;Burnley;burnley
http://www.meetup.com/cities/gb/h2/burrow/;Burrow;burrow
http://www.meetup.com/cities/gb/h2/burscough/;Burscough;burscough
http://www.meetup.com/cities/gb/h2/burscough_industrial_estate/;Burscough Industrial Estate;burscough_industrial_estate
http://www.meetup.com/cities/gb/h2/burton/;Burton;burton
http://www.meetup.com/cities/gb/h2/bury/;Bury;bury
http://www.meetup.com/cities/gb/h2/cabus/;Cabus;cabus
http://www.meetup.com/cities/gb/h2/calder_vale/;Calder Vale;calder_vale
http://www.meetup.com/cities/gb/h2/cantsfield/;Cantsfield;cantsfield
http://www.meetup.com/cities/gb/h2/capernwray/;Capernwray;capernwray
http://www.meetup.com/cities/gb/h2/carnforth/;Carnforth;carnforth
http://www.meetup.com/cities/gb/h2/carr_bank/;Carr Bank;carr_bank
http://www.meetup.com/cities/gb/h2/castle_industrial_estate/;Castle Industrial Estate;castle_industrial_estate
http://www.meetup.com/cities/gb/h2/catforth/;Catforth;catforth
http://www.meetup.com/cities/gb/h2/caton/;Caton;caton
http://www.meetup.com/cities/gb/h2/catterall/;Catterall;catterall
http://www.meetup.com/cities/gb/h2/chadderton/;Chadderton;chadderton
http://www.meetup.com/cities/gb/h2/chaigley/;Chaigley;chaigley
http://www.meetup.com/cities/gb/h2/chapel_house/;Chapel House;chapel_house
http://www.meetup.com/cities/gb/h2/charnock_richard/;Charnock Richard;charnock_richard
http://www.meetup.com/cities/gb/h2/chatburn/;Chatburn;chatburn
http://www.meetup.com/cities/gb/h2/chequerbent/;Chequerbent;chequerbent
http://www.meetup.com/cities/gb/h2/cherry_tree/;Cherry Tree;cherry_tree
http://www.meetup.com/cities/gb/h2/chipping/;Chipping;chipping
http://www.meetup.com/cities/gb/h2/chorley/;Chorley;chorley
http://www.meetup.com/cities/gb/h2/church/;Church;church
http://www.meetup.com/cities/gb/h2/churchtown/;Churchtown;churchtown
http://www.meetup.com/cities/gb/h2/claughton/;Claughton;claughton
http://www.meetup.com/cities/gb/h2/claughton-on-brock/;Claughton-on-Brock;claughton-on-brock
http://www.meetup.com/cities/gb/h2/clayton_business_park/;Clayton Business Park;clayton_business_park
http://www.meetup.com/cities/gb/h2/clayton_le_dale/;Clayton le Dale;clayton_le_dale
http://www.meetup.com/cities/gb/h2/clayton_le_moors/;Clayton le Moors;clayton_le_moors
http://www.meetup.com/cities/gb/h2/clayton-le-woods/;Clayton-le-Woods;clayton-le-woods
http://www.meetup.com/cities/gb/h2/clieves_hills/;Clieves Hills;clieves_hills
http://www.meetup.com/cities/gb/h2/clifton/;Clifton;clifton
http://www.meetup.com/cities/gb/h2/clitheroe/;Clitheroe;clitheroe
http://www.meetup.com/cities/gb/h2/cliviger/;Cliviger;cliviger
http://www.meetup.com/cities/gb/h2/cloughfold/;Cloughfold;cloughfold
http://www.meetup.com/cities/gb/h2/clowbridge/;Clowbridge;clowbridge
http://www.meetup.com/cities/gb/h2/cockerham/;Cockerham;cockerham
http://www.meetup.com/cities/gb/h2/colne/;Colne;colne
http://www.meetup.com/cities/gb/h2/conder_green/;Conder Green;conder_green
http://www.meetup.com/cities/gb/h2/coppull/;Coppull;coppull
http://www.meetup.com/cities/gb/h2/copster_green/;Copster Green;copster_green
http://www.meetup.com/cities/gb/h2/cottam/;Cottam;cottam
http://www.meetup.com/cities/gb/h2/cowan_bridge/;Cowan Bridge;cowan_bridge
http://www.meetup.com/cities/gb/h2/cow_ark/;Cow Ark;cow_ark
http://www.meetup.com/cities/gb/h2/crawshawbooth/;Crawshawbooth;crawshawbooth
http://www.meetup.com/cities/gb/h2/crook_o_lune/;Crook O Lune;crook_o_lune
http://www.meetup.com/cities/gb/h2/crossmoor/;Crossmoor;crossmoor
http://www.meetup.com/cities/gb/h2/croston/;Croston;croston
http://www.meetup.com/cities/gb/h2/culcheth/;Culcheth;culcheth
http://www.meetup.com/cities/gb/h2/daisy_bank/;Daisy Bank;daisy_bank
http://www.meetup.com/cities/gb/h2/dalton/;Dalton;dalton
http://www.meetup.com/cities/gb/h2/darwen/;Darwen;darwen
http://www.meetup.com/cities/gb/h2/delph/;Delph;delph
http://www.meetup.com/cities/gb/h2/denny_beck/;Denny Beck;denny_beck
http://www.meetup.com/cities/gb/h2/denshaw/;Denshaw;denshaw
http://www.meetup.com/cities/gb/h2/diggle/;Diggle;diggle
http://www.meetup.com/cities/gb/h2/dinckley/;Dinckley;dinckley
http://www.meetup.com/cities/gb/h2/dobcross/;Dobcross;dobcross
http://www.meetup.com/cities/gb/h2/dock_acres/;Dock Acres;dock_acres
http://www.meetup.com/cities/gb/h2/dolphinholme/;Dolphinholme;dolphinholme
http://www.meetup.com/cities/gb/h2/downham/;Downham;downham
http://www.meetup.com/cities/gb/h2/downholland/;Downholland;downholland
http://www.meetup.com/cities/gb/h2/dunnockshaw/;Dunnockshaw;dunnockshaw
http://www.meetup.com/cities/gb/h2/dunsop_bridge/;Dunsop Bridge;dunsop_bridge
http://www.meetup.com/cities/gb/h2/dutton/;Dutton;dutton
http://www.meetup.com/cities/gb/h2/eagland_hill/;Eagland Hill;eagland_hill
http://www.meetup.com/cities/gb/h2/earby/;Earby;earby
http://www.meetup.com/cities/gb/h2/eaves/;Eaves;eaves
http://www.meetup.com/cities/gb/h2/eccleshill/;Eccleshill;eccleshill
http://www.meetup.com/cities/gb/h2/eccleston/;Eccleston;eccleston
http://www.meetup.com/cities/gb/h2/edenfield/;Edenfield;edenfield
http://www.meetup.com/cities/gb/h2/egerton/;Egerton;egerton
http://www.meetup.com/cities/gb/h2/ellel/;Ellel;ellel
http://www.meetup.com/cities/gb/h2/elswick/;Elswick;elswick
http://www.meetup.com/cities/gb/h2/esprick/;Esprick;esprick
http://www.meetup.com/cities/gb/h2/euxton/;Euxton;euxton
http://www.meetup.com/cities/gb/h2/facit/;Facit;facit
http://www.meetup.com/cities/gb/h2/failsworth/;Failsworth;failsworth
http://www.meetup.com/cities/gb/h2/farington/;Farington;farington
http://www.meetup.com/cities/gb/h2/farington_moss/;Farington Moss;farington_moss
http://www.meetup.com/cities/gb/h2/farleton/;Farleton;farleton
http://www.meetup.com/cities/gb/h2/farnworth/;Farnworth;farnworth
http://www.meetup.com/cities/gb/h2/fence/;Fence;fence
http://www.meetup.com/cities/gb/h2/feniscowles/;Feniscowles;feniscowles
http://www.meetup.com/cities/gb/h2/firgrove/;Firgrove;firgrove
http://www.meetup.com/cities/gb/h2/fleetwood/;Fleetwood;fleetwood
http://www.meetup.com/cities/gb/h2/forest_beck/;Forest Beck;forest_beck
http://www.meetup.com/cities/gb/h2/forest_holme/;Forest Holme;forest_holme
http://www.meetup.com/cities/gb/h2/forton/;Forton;forton
http://www.meetup.com/cities/gb/h2/foulridge/;Foulridge;foulridge
http://www.meetup.com/cities/gb/h2/freckleton/;Freckleton;freckleton
http://www.meetup.com/cities/gb/h2/fulwood/;Fulwood;fulwood
http://www.meetup.com/cities/gb/h2/galgate/;Galgate;galgate
http://www.meetup.com/cities/gb/h2/garstang/;Garstang;garstang
http://www.meetup.com/cities/gb/h2/gisburn/;Gisburn;gisburn
http://www.meetup.com/cities/gb/h2/glasson_dock/;Glasson Dock;glasson_dock
http://www.meetup.com/cities/gb/h2/glazebury/;Glazebury;glazebury
http://www.meetup.com/cities/gb/h2/golborne_dale/;Golborne Dale;golborne_dale
http://www.meetup.com/cities/gb/h2/goodshaw/;Goodshaw;goodshaw
http://www.meetup.com/cities/gb/h2/goose_green/;Goose Green;goose_green
http://www.meetup.com/cities/gb/h2/goosnargh/;Goosnargh;goosnargh
http://www.meetup.com/cities/gb/h2/grasscroft/;Grasscroft;grasscroft
http://www.meetup.com/cities/gb/h2/great_altcar/;Great Altcar;great_altcar
http://www.meetup.com/cities/gb/h2/great_eccleston/;Great Eccleston;great_eccleston
http://www.meetup.com/cities/gb/h2/great_harwood/;Great Harwood;great_harwood
http://www.meetup.com/cities/gb/h2/great_howarth/;Great Howarth;great_howarth
http://www.meetup.com/cities/gb/h2/great_plumpton/;Great Plumpton;great_plumpton
http://www.meetup.com/cities/gb/h2/greenfield/;Greenfield;greenfield
http://www.meetup.com/cities/gb/h2/greenhalgh/;Greenhalgh;greenhalgh
http://www.meetup.com/cities/gb/h2/greenmount/;Greenmount;greenmount
http://www.meetup.com/cities/gb/h2/gressingham/;Gressingham;gressingham
http://www.meetup.com/cities/gb/h2/grimeford_village/;Grimeford Village;grimeford_village
http://www.meetup.com/cities/gb/h2/grimsargh/;Grimsargh;grimsargh
http://www.meetup.com/cities/gb/h2/grindleton/;Grindleton;grindleton
http://www.meetup.com/cities/gb/h2/grotton/;Grotton;grotton
http://www.meetup.com/cities/gb/h2/guide/;Guide;guide
http://www.meetup.com/cities/gb/h2/haigh/;Haigh;haigh
http://www.meetup.com/cities/gb/h2/haighton/;Haighton;haighton
http://www.meetup.com/cities/gb/h2/halsall/;Halsall;halsall
http://www.meetup.com/cities/gb/h2/halton/;Halton;halton
http://www.meetup.com/cities/gb/h2/hambleton/;Hambleton;hambleton
http://www.meetup.com/cities/gb/h2/hampson/;Hampson;hampson
http://www.meetup.com/cities/gb/h2/hapton/;Hapton;hapton
http://www.meetup.com/cities/gb/h2/harwood/;Harwood;harwood
http://www.meetup.com/cities/gb/h2/haskayne/;Haskayne;haskayne
http://www.meetup.com/cities/gb/h2/haslingden/;Haslingden;haslingden
http://www.meetup.com/cities/gb/h2/hawkshaw/;Hawkshaw;hawkshaw
http://www.meetup.com/cities/gb/h2/hawksley_industrial_estate/;Hawksley Industrial Estate;hawksley_industrial_estate
http://www.meetup.com/cities/gb/h2/healey/;Healey;healey
http://www.meetup.com/cities/gb/h2/heap/;Heap;heap
http://www.meetup.com/cities/gb/h2/heap_bridge/;Heap Bridge;heap_bridge
http://www.meetup.com/cities/gb/h2/heapey/;Heapey;heapey
http://www.meetup.com/cities/gb/h2/heath_charnock/;Heath Charnock;heath_charnock
http://www.meetup.com/cities/gb/h2/heaton_with_oxcliffe/;Heaton with Oxcliffe;heaton_with_oxcliffe
http://www.meetup.com/cities/gb/h2/helmshore/;Helmshore;helmshore
http://www.meetup.com/cities/gb/h2/hesketh_bank/;Hesketh Bank;hesketh_bank
http://www.meetup.com/cities/gb/h2/heskin/;Heskin;heskin
http://www.meetup.com/cities/gb/h2/hest_bank/;Hest Bank;hest_bank
http://www.meetup.com/cities/gb/h2/heysham/;Heysham;heysham
http://www.meetup.com/cities/gb/h2/heyside/;Heyside;heyside
http://www.meetup.com/cities/gb/h2/heywood/;Heywood;heywood
http://www.meetup.com/cities/gb/h2/heywood_distribution_park/;Heywood Distribution Park;heywood_distribution_park
http://www.meetup.com/cities/gb/h2/higginshaw/;Higginshaw;higginshaw
http://www.meetup.com/cities/gb/h2/higham/;Higham;higham
http://www.meetup.com/cities/gb/h2/higher_bartle/;Higher Bartle;higher_bartle
http://www.meetup.com/cities/gb/h2/higher_walton/;Higher Walton;higher_walton
http://www.meetup.com/cities/gb/h2/higher_wheelton/;Higher Wheelton;higher_wheelton
http://www.meetup.com/cities/gb/h2/hindley/;Hindley;hindley
http://www.meetup.com/cities/gb/h2/hindley_green/;Hindley Green;hindley_green
http://www.meetup.com/cities/gb/h2/hindley_industrial_estate/;Hindley Industrial Estate;hindley_industrial_estate
http://www.meetup.com/cities/gb/h2/hoddlesden/;Hoddlesden;hoddlesden
http://www.meetup.com/cities/gb/h2/hoghton/;Hoghton;hoghton
http://www.meetup.com/cities/gb/h2/holcombe/;Holcombe;holcombe
http://www.meetup.com/cities/gb/h2/holden/;Holden;holden
http://www.meetup.com/cities/gb/h2/holland_moor/;Holland Moor;holland_moor
http://www.meetup.com/cities/gb/h2/holme/;Holme;holme
http://www.meetup.com/cities/gb/h2/holmeswood/;Holmeswood;holmeswood
http://www.meetup.com/cities/gb/h2/hope_carr/;Hope Carr;hope_carr
http://www.meetup.com/cities/gb/h2/hornby/;Hornby;hornby
http://www.meetup.com/cities/gb/h2/horton/;Horton;horton
http://www.meetup.com/cities/gb/h2/horwich/;Horwich;horwich
http://www.meetup.com/cities/gb/h2/hothersall/;Hothersall;hothersall
http://www.meetup.com/cities/gb/h2/huncoat/;Huncoat;huncoat
http://www.meetup.com/cities/gb/h2/huncoat_industrial_estate/;Huncoat Industrial Estate;huncoat_industrial_estate
http://www.meetup.com/cities/gb/h2/hundred_end/;Hundred End;hundred_end
http://www.meetup.com/cities/gb/h2/hurstead/;Hurstead;hurstead
http://www.meetup.com/cities/gb/h2/hurst_green/;Hurst Green;hurst_green
http://www.meetup.com/cities/gb/h2/hutton/;Hutton;hutton
http://www.meetup.com/cities/gb/h2/ince/;Ince;ince
http://www.meetup.com/cities/gb/h2/inglewhite/;Inglewhite;inglewhite
http://www.meetup.com/cities/gb/h2/ingol/;Ingol;ingol
http://www.meetup.com/cities/gb/h2/inskip/;Inskip;inskip
http://www.meetup.com/cities/gb/h2/intack/;Intack;intack
http://www.meetup.com/cities/gb/h2/ireby/;Ireby;ireby
http://www.meetup.com/cities/gb/h2/kearsley/;Kearsley;kearsley
http://www.meetup.com/cities/gb/h2/kelbrook/;Kelbrook;kelbrook
http://www.meetup.com/cities/gb/h2/kirkby_lonsdale/;Kirkby Lonsdale;kirkby_lonsdale
http://www.meetup.com/cities/gb/h2/kirkham/;Kirkham;kirkham
http://www.meetup.com/cities/gb/h2/knott_end-on-sea/;Knott End-on-Sea;knott_end-on-sea
http://www.meetup.com/cities/gb/h2/knowle_green/;Knowle Green;knowle_green
http://www.meetup.com/cities/gb/h2/lancaster/;Lancaster;lancaster
http://www.meetup.com/cities/gb/h2/landside/;Landside;landside
http://www.meetup.com/cities/gb/h2/laneshawbridge/;Laneshawbridge;laneshawbridge
http://www.meetup.com/cities/gb/h2/langho/;Langho;langho
http://www.meetup.com/cities/gb/h2/lansil_industrial_estate/;Lansil Industrial Estate;lansil_industrial_estate
http://www.meetup.com/cities/gb/h2/larbreck/;Larbreck;larbreck
http://www.meetup.com/cities/gb/h2/lathom/;Lathom;lathom
http://www.meetup.com/cities/gb/h2/lea/;Lea;lea
http://www.meetup.com/cities/gb/h2/leagram/;Leagram;leagram
http://www.meetup.com/cities/gb/h2/lea_town/;Lea Town;lea_town
http://www.meetup.com/cities/gb/h2/leck/;Leck;leck
http://www.meetup.com/cities/gb/h2/lees/;Lees;lees
http://www.meetup.com/cities/gb/h2/leigh/;Leigh;leigh
http://www.meetup.com/cities/gb/h2/leigh_sports_village/;Leigh Sports Village;leigh_sports_village
http://www.meetup.com/cities/gb/h2/leighton_hall/;Leighton Hall;leighton_hall
http://www.meetup.com/cities/gb/h2/leyland/;Leyland;leyland
http://www.meetup.com/cities/gb/h2/lightfoot_green/;Lightfoot Green;lightfoot_green
http://www.meetup.com/cities/gb/h2/littledale/;Littledale;littledale
http://www.meetup.com/cities/gb/h2/little_eccleston/;Little Eccleston;little_eccleston
http://www.meetup.com/cities/gb/h2/little_hoole/;Little Hoole;little_hoole
http://www.meetup.com/cities/gb/h2/little_lever/;Little Lever;little_lever
http://www.meetup.com/cities/gb/h2/little_plumpton/;Little Plumpton;little_plumpton
http://www.meetup.com/cities/gb/h2/livesey/;Livesey;livesey
http://www.meetup.com/cities/gb/h2/longridge/;Longridge;longridge
http://www.meetup.com/cities/gb/h2/longton/;Longton;longton
http://www.meetup.com/cities/gb/h2/lostock/;Lostock;lostock
http://www.meetup.com/cities/gb/h2/lostock_hall/;Lostock Hall;lostock_hall
http://www.meetup.com/cities/gb/h2/loveclough/;Loveclough;loveclough
http://www.meetup.com/cities/gb/h2/low_common/;Low Common;low_common
http://www.meetup.com/cities/gb/h2/low_dolphinholme/;Low Dolphinholme;low_dolphinholme
http://www.meetup.com/cities/gb/h2/lower_bartle/;Lower Bartle;lower_bartle
http://www.meetup.com/cities/gb/h2/lower_darwen/;Lower Darwen;lower_darwen
http://www.meetup.com/cities/gb/h2/lowgill/;Lowgill;lowgill
http://www.meetup.com/cities/gb/h2/lumb/;Lumb;lumb
http://www.meetup.com/cities/gb/h2/lydgate/;Lydgate;lydgate
http://www.meetup.com/cities/gb/h2/lytham/;Lytham;lytham
http://www.meetup.com/cities/gb/h2/lytham_st_annes/;Lytham St Annes;lytham_st_annes
http://www.meetup.com/cities/gb/h2/manchester/;Manchester;manchester
http://www.meetup.com/cities/gb/h2/marton/;Marton;marton
http://www.meetup.com/cities/gb/h2/mawdesley/;Mawdesley;mawdesley
http://www.meetup.com/cities/gb/h2/melling/;Melling;melling
http://www.meetup.com/cities/gb/h2/mellor/;Mellor;mellor
http://www.meetup.com/cities/gb/h2/mellor_brook/;Mellor Brook;mellor_brook
http://www.meetup.com/cities/gb/h2/mere_brow/;Mere Brow;mere_brow
http://www.meetup.com/cities/gb/h2/middleton/;Middleton;middleton
http://www.meetup.com/cities/gb/h2/middop/;Middop;middop
http://www.meetup.com/cities/gb/h2/midge_hall/;Midge Hall;midge_hall
http://www.meetup.com/cities/gb/h2/millhead/;Millhead;millhead
http://www.meetup.com/cities/gb/h2/milnrow/;Milnrow;milnrow
http://www.meetup.com/cities/gb/h2/miry_lane_industrial_estate/;Miry Lane Industrial Estate;miry_lane_industrial_estate
http://www.meetup.com/cities/gb/h2/mitton/;Mitton;mitton
http://www.meetup.com/cities/gb/h2/moorgate/;Moorgate;moorgate
http://www.meetup.com/cities/gb/h2/morecambe/;Morecambe;morecambe
http://www.meetup.com/cities/gb/h2/mosley_common/;Mosley Common;mosley_common
http://www.meetup.com/cities/gb/h2/moss_industrial_estate/;Moss Industrial Estate;moss_industrial_estate
http://www.meetup.com/cities/gb/h2/mossley/;Mossley;mossley
http://www.meetup.com/cities/gb/h2/moss_side/;Moss Side;moss_side
http://www.meetup.com/cities/gb/h2/much_hoole/;Much Hoole;much_hoole
http://www.meetup.com/cities/gb/h2/nangreaves/;Nangreaves;nangreaves
http://www.meetup.com/cities/gb/h2/nateby/;Nateby;nateby
http://www.meetup.com/cities/gb/h2/nelson/;Nelson;nelson
http://www.meetup.com/cities/gb/h2/nether_kellet/;Nether Kellet;nether_kellet
http://www.meetup.com/cities/gb/h2/newburgh/;Newburgh;newburgh
http://www.meetup.com/cities/gb/h2/newchurch/;Newchurch;newchurch
http://www.meetup.com/cities/gb/h2/newchurch-in-pendle/;Newchurch-in-Pendle;newchurch-in-pendle
http://www.meetup.com/cities/gb/h2/new_hall_hey/;New Hall Hey;new_hall_hey
http://www.meetup.com/cities/gb/h2/newhey/;Newhey;newhey
http://www.meetup.com/cities/gb/h2/new_longton/;New Longton;new_longton
http://www.meetup.com/cities/gb/h2/newsholme/;Newsholme;newsholme
http://www.meetup.com/cities/gb/h2/newton/;Newton;newton
http://www.meetup.com/cities/gb/h2/newton_in_bowland/;Newton in Bowland;newton_in_bowland
http://www.meetup.com/cities/gb/h2/newtown/;Newtown;newtown
http://www.meetup.com/cities/gb/h2/oakenclough/;Oakenclough;oakenclough
http://www.meetup.com/cities/gb/h2/oldham/;Oldham;oldham
http://www.meetup.com/cities/gb/h2/old_langho/;Old Langho;old_langho
http://www.meetup.com/cities/gb/h2/ormskirk/;Ormskirk;ormskirk
http://www.meetup.com/cities/gb/h2/orrell/;Orrell;orrell
http://www.meetup.com/cities/gb/h2/osbaldeston/;Osbaldeston;osbaldeston
http://www.meetup.com/cities/gb/h2/oswaldtwistle/;Oswaldtwistle;oswaldtwistle
http://www.meetup.com/cities/gb/h2/out_rawcliffe/;Out Rawcliffe;out_rawcliffe
http://www.meetup.com/cities/gb/h2/over_hulton/;Over Hulton;over_hulton
http://www.meetup.com/cities/gb/h2/over_kellet/;Over Kellet;over_kellet
http://www.meetup.com/cities/gb/h2/overton/;Overton;overton
http://www.meetup.com/cities/gb/h2/over_wyresdale/;Over Wyresdale;over_wyresdale
http://www.meetup.com/cities/gb/h2/padiham/;Padiham;padiham
http://www.meetup.com/cities/gb/h2/parbold/;Parbold;parbold
http://www.meetup.com/cities/gb/h2/paythorne/;Paythorne;paythorne
http://www.meetup.com/cities/gb/h2/pemberton/;Pemberton;pemberton
http://www.meetup.com/cities/gb/h2/pendleton/;Pendleton;pendleton
http://www.meetup.com/cities/gb/h2/penwortham/;Penwortham;penwortham
http://www.meetup.com/cities/gb/h2/pickup_bank/;Pickup Bank;pickup_bank
http://www.meetup.com/cities/gb/h2/pilling/;Pilling;pilling
http://www.meetup.com/cities/gb/h2/platt_bridge/;Platt Bridge;platt_bridge
http://www.meetup.com/cities/gb/h2/pleasington/;Pleasington;pleasington
http://www.meetup.com/cities/gb/h2/poulton_industrial_estate/;Poulton Industrial Estate;poulton_industrial_estate
http://www.meetup.com/cities/gb/h2/poulton-le-fylde/;Poulton-le-fylde;poulton-le-fylde
http://www.meetup.com/cities/gb/h2/preesall/;Preesall;preesall
http://www.meetup.com/cities/gb/h2/preston/;Preston;preston
http://www.meetup.com/cities/gb/h2/prestwich/;Prestwich;prestwich
http://www.meetup.com/cities/gb/h2/priest_hutton/;Priest Hutton;priest_hutton
http://www.meetup.com/cities/gb/h2/queensway_industrial_estate/;Queensway Industrial Estate;queensway_industrial_estate
http://www.meetup.com/cities/gb/h2/quernmore/;Quernmore;quernmore
http://www.meetup.com/cities/gb/h2/quernmore_park/;Quernmore Park;quernmore_park
http://www.meetup.com/cities/gb/h2/radcliffe/;Radcliffe;radcliffe
http://www.meetup.com/cities/gb/h2/ramsbottom/;Ramsbottom;ramsbottom
http://www.meetup.com/cities/gb/h2/ramsgreave/;Ramsgreave;ramsgreave
http://www.meetup.com/cities/gb/h2/rawtenstall/;Rawtenstall;rawtenstall
http://www.meetup.com/cities/gb/h2/read/;Read;read
http://www.meetup.com/cities/gb/h2/red_marsh_industrial_estate/;Red Marsh Industrial Estate;red_marsh_industrial_estate
http://www.meetup.com/cities/gb/h2/reedley/;Reedley;reedley
http://www.meetup.com/cities/gb/h2/reedsholme/;Reedsholme;reedsholme
http://www.meetup.com/cities/gb/h2/ribbleton/;Ribbleton;ribbleton
http://www.meetup.com/cities/gb/h2/ribchester/;Ribchester;ribchester
http://www.meetup.com/cities/gb/h2/riley_green/;Riley Green;riley_green
http://www.meetup.com/cities/gb/h2/rimington/;Rimington;rimington
http://www.meetup.com/cities/gb/h2/rishton/;Rishton;rishton
http://www.meetup.com/cities/gb/h2/rising_bridge/;Rising Bridge;rising_bridge
http://www.meetup.com/cities/gb/h2/rivington/;Rivington;rivington
http://www.meetup.com/cities/gb/h2/roby_mill/;Roby Mill;roby_mill
http://www.meetup.com/cities/gb/h2/rochdale/;Rochdale;rochdale
http://www.meetup.com/cities/gb/h2/roeburndale/;Roeburndale;roeburndale
http://www.meetup.com/cities/gb/h2/roseacre/;Roseacre;roseacre
http://www.meetup.com/cities/gb/h2/rossendale/;Rossendale;rossendale
http://www.meetup.com/cities/gb/h2/roughlee/;Roughlee;roughlee
http://www.meetup.com/cities/gb/h2/royton/;Royton;royton
http://www.meetup.com/cities/gb/h2/rufford/;Rufford;rufford
http://www.meetup.com/cities/gb/h2/sabden/;Sabden;sabden
http://www.meetup.com/cities/gb/h2/salesbury/;Salesbury;salesbury
http://www.meetup.com/cities/gb/h2/salford/;Salford;salford
http://www.meetup.com/cities/gb/h2/salterforth/;Salterforth;salterforth
http://www.meetup.com/cities/gb/h2/salwick/;Salwick;salwick
http://www.meetup.com/cities/gb/h2/samlesbury/;Samlesbury;samlesbury
http://www.meetup.com/cities/gb/h2/samlesbury_bottoms/;Samlesbury Bottoms;samlesbury_bottoms
http://www.meetup.com/cities/gb/h2/sawley/;Sawley;sawley
http://www.meetup.com/cities/gb/h2/scarisbrick/;Scarisbrick;scarisbrick
http://www.meetup.com/cities/gb/h2/scorton/;Scorton;scorton
http://www.meetup.com/cities/gb/h2/scotforth/;Scotforth;scotforth
http://www.meetup.com/cities/gb/h2/scouthead/;Scouthead;scouthead
http://www.meetup.com/cities/gb/h2/scronkey/;Scronkey;scronkey
http://www.meetup.com/cities/gb/h2/shadsworth_business_park/;Shadsworth Business Park;shadsworth_business_park
http://www.meetup.com/cities/gb/h2/shaw/;Shaw;shaw
http://www.meetup.com/cities/gb/h2/shawforth/;Shawforth;shawforth
http://www.meetup.com/cities/gb/h2/shevington/;Shevington;shevington
http://www.meetup.com/cities/gb/h2/shirdley_hill/;Shirdley Hill;shirdley_hill
http://www.meetup.com/cities/gb/h2/shore/;Shore;shore
http://www.meetup.com/cities/gb/h2/shuttleworth/;Shuttleworth;shuttleworth
http://www.meetup.com/cities/gb/h2/silverdale/;Silverdale;silverdale
http://www.meetup.com/cities/gb/h2/simonstone/;Simonstone;simonstone
http://www.meetup.com/cities/gb/h2/singleton/;Singleton;singleton
http://www.meetup.com/cities/gb/h2/skelmersdale/;Skelmersdale;skelmersdale
http://www.meetup.com/cities/gb/h2/slaidburn/;Slaidburn;slaidburn
http://www.meetup.com/cities/gb/h2/slyne/;Slyne;slyne
http://www.meetup.com/cities/gb/h2/smallbridge/;Smallbridge;smallbridge
http://www.meetup.com/cities/gb/h2/smithills/;Smithills;smithills
http://www.meetup.com/cities/gb/h2/smithybridge/;Smithybridge;smithybridge
http://www.meetup.com/cities/gb/h2/snatchems/;Snatchems;snatchems
http://www.meetup.com/cities/gb/h2/sollom/;Sollom;sollom
http://www.meetup.com/cities/gb/h2/sough/;Sough;sough
http://www.meetup.com/cities/gb/h2/southfield/;Southfield;southfield
http://www.meetup.com/cities/gb/h2/south_lancashire_industrial_estate/;South Lancashire Industrial Estate;south_lancashire_industrial_estate
http://www.meetup.com/cities/gb/h2/southway/;Southway;southway
http://www.meetup.com/cities/gb/h2/sowerby/;Sowerby;sowerby
http://www.meetup.com/cities/gb/h2/springhead/;Springhead;springhead
http://www.meetup.com/cities/gb/h2/stacksteads/;Stacksteads;stacksteads
http://www.meetup.com/cities/gb/h2/staining/;Staining;staining
http://www.meetup.com/cities/gb/h2/stakepool/;Stakepool;stakepool
http://www.meetup.com/cities/gb/h2/stalmine/;Stalmine;stalmine
http://www.meetup.com/cities/gb/h2/standish/;Standish;standish
http://www.meetup.com/cities/gb/h2/standish_lower_ground/;Standish Lower Ground;standish_lower_ground
http://www.meetup.com/cities/gb/h2/stanley_industrial_estate/;Stanley Industrial Estate;stanley_industrial_estate
http://www.meetup.com/cities/gb/h2/st_annes/;St Annes;st_annes
http://www.meetup.com/cities/gb/h2/st_michaels/;St Michaels;st_michaels
http://www.meetup.com/cities/gb/h2/stodday/;Stodday;stodday
http://www.meetup.com/cities/gb/h2/stoneclough/;Stoneclough;stoneclough
http://www.meetup.com/cities/gb/h2/stonefold/;Stonefold;stonefold
http://www.meetup.com/cities/gb/h2/stonyhurst/;Stonyhurst;stonyhurst
http://www.meetup.com/cities/gb/h2/summerseat/;Summerseat;summerseat
http://www.meetup.com/cities/gb/h2/summit/;Summit;summit
http://www.meetup.com/cities/gb/h2/sunderland_point/;Sunderland Point;sunderland_point
http://www.meetup.com/cities/gb/h2/swinley/;Swinley;swinley
http://www.meetup.com/cities/gb/h2/tarleton/;Tarleton;tarleton
http://www.meetup.com/cities/gb/h2/tatham/;Tatham;tatham
http://www.meetup.com/cities/gb/h2/tewitfield/;Tewitfield;tewitfield
http://www.meetup.com/cities/gb/h2/thistleton/;Thistleton;thistleton
http://www.meetup.com/cities/gb/h2/thornley/;Thornley;thornley
http://www.meetup.com/cities/gb/h2/thornton-cleveleys/;Thornton-Cleveleys;thornton-cleveleys
http://www.meetup.com/cities/gb/h2/thurnham/;Thurnham;thurnham
http://www.meetup.com/cities/gb/h2/tockholes/;Tockholes;tockholes
http://www.meetup.com/cities/gb/h2/tottington/;Tottington;tottington
http://www.meetup.com/cities/gb/h2/townsend_fold/;Townsend Fold;townsend_fold
http://www.meetup.com/cities/gb/h2/trawden/;Trawden;trawden
http://www.meetup.com/cities/gb/h2/treales/;Treales;treales
http://www.meetup.com/cities/gb/h2/tunstall/;Tunstall;tunstall
http://www.meetup.com/cities/gb/h2/turton/;Turton;turton
http://www.meetup.com/cities/gb/h2/twiston/;Twiston;twiston
http://www.meetup.com/cities/gb/h2/tyldesley/;Tyldesley;tyldesley
http://www.meetup.com/cities/gb/h2/unsworth/;Unsworth;unsworth
http://www.meetup.com/cities/gb/h2/uppermill/;Uppermill;uppermill
http://www.meetup.com/cities/gb/h2/waddington/;Waddington;waddington
http://www.meetup.com/cities/gb/h2/walmer_bridge/;Walmer Bridge;walmer_bridge
http://www.meetup.com/cities/gb/h2/walmersley/;Walmersley;walmersley
http://www.meetup.com/cities/gb/h2/walshaw/;Walshaw;walshaw
http://www.meetup.com/cities/gb/h2/walton-le-dale/;Walton-le-Dale;walton-le-dale
http://www.meetup.com/cities/gb/h2/wardle/;Wardle;wardle
http://www.meetup.com/cities/gb/h2/warton/;Warton;warton
http://www.meetup.com/cities/gb/h2/water/;Water;water
http://www.meetup.com/cities/gb/h2/waterfoot/;Waterfoot;waterfoot
http://www.meetup.com/cities/gb/h2/waterhead/;Waterhead;waterhead
http://www.meetup.com/cities/gb/h2/waterside/;Waterside;waterside
http://www.meetup.com/cities/gb/h2/weeton/;Weeton;weeton
http://www.meetup.com/cities/gb/h2/wesham/;Wesham;wesham
http://www.meetup.com/cities/gb/h2/west_bradford/;West Bradford;west_bradford
http://www.meetup.com/cities/gb/h2/westby/;Westby;westby
http://www.meetup.com/cities/gb/h2/westby_mills/;Westby Mills;westby_mills
http://www.meetup.com/cities/gb/h2/westhead/;Westhead;westhead
http://www.meetup.com/cities/gb/h2/westhoughton/;Westhoughton;westhoughton
http://www.meetup.com/cities/gb/h2/whalley/;Whalley;whalley
http://www.meetup.com/cities/gb/h2/wharles/;Wharles;wharles
http://www.meetup.com/cities/gb/h2/wheelton/;Wheelton;wheelton
http://www.meetup.com/cities/gb/h2/whitebirk_industrial_estate/;Whitebirk Industrial Estate;whitebirk_industrial_estate
http://www.meetup.com/cities/gb/h2/whitechapel/;Whitechapel;whitechapel
http://www.meetup.com/cities/gb/h2/whitefield/;Whitefield;whitefield
http://www.meetup.com/cities/gb/h2/whitehills_business_park/;Whitehills Business Park;whitehills_business_park
http://www.meetup.com/cities/gb/h2/white_lund_industrial_estate/;White Lund Industrial Estate;white_lund_industrial_estate
http://www.meetup.com/cities/gb/h2/whitestake/;Whitestake;whitestake
http://www.meetup.com/cities/gb/h2/whitewalls_industrial_estate/;Whitewalls Industrial Estate;whitewalls_industrial_estate
http://www.meetup.com/cities/gb/h2/whitewell/;Whitewell;whitewell
http://www.meetup.com/cities/gb/h2/whitewell_bottom/;Whitewell Bottom;whitewell_bottom
http://www.meetup.com/cities/gb/h2/whittingham/;Whittingham;whittingham
http://www.meetup.com/cities/gb/h2/whittington/;Whittington;whittington
http://www.meetup.com/cities/gb/h2/whittle-le-woods/;Whittle-le-Woods;whittle-le-woods
http://www.meetup.com/cities/gb/h2/whitworth/;Whitworth;whitworth
http://www.meetup.com/cities/gb/h2/wigan/;Wigan;wigan
http://www.meetup.com/cities/gb/h2/wilpshire/;Wilpshire;wilpshire
http://www.meetup.com/cities/gb/h2/winewall/;Winewall;winewall
http://www.meetup.com/cities/gb/h2/wingates_industrial_estate/;Wingates Industrial Estate;wingates_industrial_estate
http://www.meetup.com/cities/gb/h2/winmarleigh/;Winmarleigh;winmarleigh
http://www.meetup.com/cities/gb/h2/winstanley/;Winstanley;winstanley
http://www.meetup.com/cities/gb/h2/wiswell/;Wiswell;wiswell
http://www.meetup.com/cities/gb/h2/withgill/;Withgill;withgill
http://www.meetup.com/cities/gb/h2/withnell/;Withnell;withnell
http://www.meetup.com/cities/gb/h2/woodplumpton/;Woodplumpton;woodplumpton
http://www.meetup.com/cities/gb/h2/wood_top/;Wood Top;wood_top
http://www.meetup.com/cities/gb/h2/worsley/;Worsley;worsley
http://www.meetup.com/cities/gb/h2/worsley_mesnes/;Worsley Mesnes;worsley_mesnes
http://www.meetup.com/cities/gb/h2/worsthorne/;Worsthorne;worsthorne
http://www.meetup.com/cities/gb/h2/worston/;Worston;worston
http://www.meetup.com/cities/gb/h2/wray/;Wray;wray
http://www.meetup.com/cities/gb/h2/wrayton/;Wrayton;wrayton
http://www.meetup.com/cities/gb/h2/wrea_green/;Wrea Green;wrea_green
http://www.meetup.com/cities/gb/h2/wrightington/;Wrightington;wrightington
http://www.meetup.com/cities/gb/h2/yealand_conyers/;Yealand Conyers;yealand_conyers
http://www.meetup.com/cities/gb/h2/yealand_redmayne/;Yealand Redmayne;yealand_redmayne
http://www.meetup.com/cities/gb/h2/abbeystead/;Abbeystead;abbeystead
http://www.meetup.com/cities/gb/h2/abbey_village/;Abbey Village;abbey_village
http://www.meetup.com/cities/gb/h2/abram/;Abram;abram
http://www.meetup.com/cities/gb/h2/accrington/;Accrington;accrington
http://www.meetup.com/cities/gb/h2/adlington/;Adlington;adlington
http://www.meetup.com/cities/gb/h2/affetside/;Affetside;affetside
http://www.meetup.com/cities/gb/h2/ainsworth/;Ainsworth;ainsworth
http://www.meetup.com/cities/gb/h2/aldcliffe/;Aldcliffe;aldcliffe
http://www.meetup.com/cities/gb/h2/alston/;Alston;alston
http://www.meetup.com/cities/gb/h2/altham/;Altham;altham
http://www.meetup.com/cities/gb/h2/altham_west/;Altham West;altham_west
http://www.meetup.com/cities/gb/h2/anderton/;Anderton;anderton
http://www.meetup.com/cities/gb/h2/anglezarke/;Anglezarke;anglezarke
http://www.meetup.com/cities/gb/h2/ansdell/;Ansdell;ansdell
http://www.meetup.com/cities/gb/h2/appley_bridge/;Appley Bridge;appley_bridge
http://www.meetup.com/cities/gb/h2/arkholme/;Arkholme;arkholme
http://www.meetup.com/cities/gb/h2/ashton-on-ribble/;Ashton-on-Ribble;ashton-on-ribble
http://www.meetup.com/cities/gb/h2/ashton-under-lyne/;Ashton-under-Lyne;ashton-under-lyne
http://www.meetup.com/cities/gb/h2/ashton_with_stodday/;Ashton with Stodday;ashton_with_stodday
http://www.meetup.com/cities/gb/h2/ashworth/;Ashworth;ashworth
http://www.meetup.com/cities/gb/h2/aspull/;Aspull;aspull
http://www.meetup.com/cities/gb/h2/astley/;Astley;astley
http://www.meetup.com/cities/gb/h2/atherton/;Atherton;atherton
http://www.meetup.com/cities/gb/h2/aughton/;Aughton;aughton
http://www.meetup.com/cities/gb/h2/austerlands/;Austerlands;austerlands
http://www.meetup.com/cities/gb/h2/bacup/;Bacup;bacup
http://www.meetup.com/cities/gb/h2/bailrigg/;Bailrigg;bailrigg
http://www.meetup.com/cities/gb/h2/balderstone/;Balderstone;balderstone
http://www.meetup.com/cities/gb/h2/bamber_bridge/;Bamber Bridge;bamber_bridge
http://www.meetup.com/cities/gb/h2/bamfurlong/;Bamfurlong;bamfurlong
http://www.meetup.com/cities/gb/h2/banks/;Banks;banks
http://www.meetup.com/cities/gb/h2/bardsley/;Bardsley;bardsley
http://www.meetup.com/cities/gb/h2/barley/;Barley;barley
http://www.meetup.com/cities/gb/h2/barnacre/;Barnacre;barnacre
http://www.meetup.com/cities/gb/h2/barnoldswick/;Barnoldswick;barnoldswick
http://www.meetup.com/cities/gb/h2/barrow/;Barrow;barrow
http://www.meetup.com/cities/gb/h2/barrowford/;Barrowford;barrowford
http://www.meetup.com/cities/gb/h2/bartle/;Bartle;bartle
http://www.meetup.com/cities/gb/h2/barton/;Barton;barton
http://www.meetup.com/cities/gb/h2/bashall_eaves/;Bashall Eaves;bashall_eaves
http://www.meetup.com/cities/gb/h2/baxenden/;Baxenden;baxenden
http://www.meetup.com/cities/gb/h2/bay_horse/;Bay Horse;bay_horse
http://www.meetup.com/cities/gb/h2/belmont/;Belmont;belmont
http://www.meetup.com/cities/gb/h2/belthorn/;Belthorn;belthorn
http://www.meetup.com/cities/gb/h2/bickershaw/;Bickershaw;bickershaw
http://www.meetup.com/cities/gb/h2/bickerstaffe/;Bickerstaffe;bickerstaffe
http://www.meetup.com/cities/gb/h2/billington/;Billington;billington
http://www.meetup.com/cities/gb/h2/bilsborrow/;Bilsborrow;bilsborrow
http://www.meetup.com/cities/gb/h2/bispham/;Bispham;bispham
http://www.meetup.com/cities/gb/h2/blackburn/;Blackburn;blackburn
http://www.meetup.com/cities/gb/h2/blacko/;Blacko;blacko
http://www.meetup.com/cities/gb/h2/blackpool/;Blackpool;blackpool
http://www.meetup.com/cities/gb/h2/blackpool_%26_fylde_industrial_estate/;Blackpool & Fylde Industrial Estate;blackpool_%26_fylde_industrial_estate
http://www.meetup.com/cities/gb/h2/blackpool_airport/;Blackpool Airport;blackpool_airport
http://www.meetup.com/cities/gb/h2/blackrod/;Blackrod;blackrod
http://www.meetup.com/cities/gb/h2/bleasdale/;Bleasdale;bleasdale
http://www.meetup.com/cities/gb/h2/bolton/;Bolton;bolton
http://www.meetup.com/cities/gb/h2/bolton_by_bowland/;Bolton by Bowland;bolton_by_bowland
http://www.meetup.com/cities/gb/h2/bolton_le_sands/;Bolton le Sands;bolton_le_sands
http://www.meetup.com/cities/gb/h2/boothfold/;Boothfold;boothfold
http://www.meetup.com/cities/gb/h2/boothstown/;Boothstown;boothstown
http://www.meetup.com/cities/gb/h2/borwick/;Borwick;borwick
http://www.meetup.com/cities/gb/h2/bowgreave/;Bowgreave;bowgreave
http://www.meetup.com/cities/gb/h2/bracewell/;Bracewell;bracewell
http://www.meetup.com/cities/gb/h2/bradley_fold/;Bradley Fold;bradley_fold
http://www.meetup.com/cities/gb/h2/bradley_fold_trading_estate/;Bradley Fold Trading Estate;bradley_fold_trading_estate
http://www.meetup.com/cities/gb/h2/bradshaw/;Bradshaw;bradshaw
http://www.meetup.com/cities/gb/h2/breightmet/;Breightmet;breightmet
http://www.meetup.com/cities/gb/h2/bretherton/;Bretherton;bretherton
http://www.meetup.com/cities/gb/h2/briercliffe/;Briercliffe;briercliffe
http://www.meetup.com/cities/gb/h2/brierfield/;Brierfield;brierfield
http://www.meetup.com/cities/gb/h2/brindle/;Brindle;brindle
http://www.meetup.com/cities/gb/h2/brinscall/;Brinscall;brinscall
http://www.meetup.com/cities/gb/h2/britannia/;Britannia;britannia
http://www.meetup.com/cities/gb/h2/brockhall_village/;Brockhall Village;brockhall_village
http://www.meetup.com/cities/gb/h2/bromley_cross/;Bromley Cross;bromley_cross
http://www.meetup.com/cities/gb/h2/brookhouse/;Brookhouse;brookhouse
http://www.meetup.com/cities/gb/h2/broughton/;Broughton;broughton
http://www.meetup.com/cities/gb/h2/bryning/;Bryning;bryning
http://www.meetup.com/cities/gb/h2/buckshaw_village/;Buckshaw Village;buckshaw_village
http://www.meetup.com/cities/gb/h2/bulk/;Bulk;bulk
http://www.meetup.com/cities/gb/h2/burnedge/;Burnedge;burnedge
http://www.meetup.com/cities/gb/h2/burnham_trading_park/;Burnham Trading Park;burnham_trading_park
http://www.meetup.com/cities/gb/h2/burnley/;Burnley;burnley
http://www.meetup.com/cities/gb/h2/burrow/;Burrow;burrow
http://www.meetup.com/cities/gb/h2/burscough/;Burscough;burscough
http://www.meetup.com/cities/gb/h2/burscough_industrial_estate/;Burscough Industrial Estate;burscough_industrial_estate
http://www.meetup.com/cities/gb/h2/burton/;Burton;burton
http://www.meetup.com/cities/gb/h2/bury/;Bury;bury
http://www.meetup.com/cities/gb/h2/cabus/;Cabus;cabus
http://www.meetup.com/cities/gb/h2/calder_vale/;Calder Vale;calder_vale
http://www.meetup.com/cities/gb/h2/cantsfield/;Cantsfield;cantsfield
http://www.meetup.com/cities/gb/h2/capernwray/;Capernwray;capernwray
http://www.meetup.com/cities/gb/h2/carnforth/;Carnforth;carnforth
http://www.meetup.com/cities/gb/h2/carr_bank/;Carr Bank;carr_bank
http://www.meetup.com/cities/gb/h2/castle_industrial_estate/;Castle Industrial Estate;castle_industrial_estate
http://www.meetup.com/cities/gb/h2/catforth/;Catforth;catforth
http://www.meetup.com/cities/gb/h2/caton/;Caton;caton
http://www.meetup.com/cities/gb/h2/catterall/;Catterall;catterall
http://www.meetup.com/cities/gb/h2/chadderton/;Chadderton;chadderton
http://www.meetup.com/cities/gb/h2/chaigley/;Chaigley;chaigley
http://www.meetup.com/cities/gb/h2/chapel_house/;Chapel House;chapel_house
http://www.meetup.com/cities/gb/h2/charnock_richard/;Charnock Richard;charnock_richard
http://www.meetup.com/cities/gb/h2/chatburn/;Chatburn;chatburn
http://www.meetup.com/cities/gb/h2/chequerbent/;Chequerbent;chequerbent
http://www.meetup.com/cities/gb/h2/cherry_tree/;Cherry Tree;cherry_tree
http://www.meetup.com/cities/gb/h2/chipping/;Chipping;chipping
http://www.meetup.com/cities/gb/h2/chorley/;Chorley;chorley
http://www.meetup.com/cities/gb/h2/church/;Church;church
http://www.meetup.com/cities/gb/h2/churchtown/;Churchtown;churchtown
http://www.meetup.com/cities/gb/h2/claughton/;Claughton;claughton
http://www.meetup.com/cities/gb/h2/claughton-on-brock/;Claughton-on-Brock;claughton-on-brock
http://www.meetup.com/cities/gb/h2/clayton_business_park/;Clayton Business Park;clayton_business_park
http://www.meetup.com/cities/gb/h2/clayton_le_dale/;Clayton le Dale;clayton_le_dale
http://www.meetup.com/cities/gb/h2/clayton_le_moors/;Clayton le Moors;clayton_le_moors
http://www.meetup.com/cities/gb/h2/clayton-le-woods/;Clayton-le-Woods;clayton-le-woods
http://www.meetup.com/cities/gb/h2/clieves_hills/;Clieves Hills;clieves_hills
http://www.meetup.com/cities/gb/h2/clifton/;Clifton;clifton
http://www.meetup.com/cities/gb/h2/clitheroe/;Clitheroe;clitheroe
http://www.meetup.com/cities/gb/h2/cliviger/;Cliviger;cliviger
http://www.meetup.com/cities/gb/h2/cloughfold/;Cloughfold;cloughfold
http://www.meetup.com/cities/gb/h2/clowbridge/;Clowbridge;clowbridge
http://www.meetup.com/cities/gb/h2/cockerham/;Cockerham;cockerham
http://www.meetup.com/cities/gb/h2/colne/;Colne;colne
http://www.meetup.com/cities/gb/h2/conder_green/;Conder Green;conder_green
http://www.meetup.com/cities/gb/h2/coppull/;Coppull;coppull
http://www.meetup.com/cities/gb/h2/copster_green/;Copster Green;copster_green
http://www.meetup.com/cities/gb/h2/cottam/;Cottam;cottam
http://www.meetup.com/cities/gb/h2/cowan_bridge/;Cowan Bridge;cowan_bridge
http://www.meetup.com/cities/gb/h2/cow_ark/;Cow Ark;cow_ark
http://www.meetup.com/cities/gb/h2/crawshawbooth/;Crawshawbooth;crawshawbooth
http://www.meetup.com/cities/gb/h2/crook_o_lune/;Crook O Lune;crook_o_lune
http://www.meetup.com/cities/gb/h2/crossmoor/;Crossmoor;crossmoor
http://www.meetup.com/cities/gb/h2/croston/;Croston;croston
http://www.meetup.com/cities/gb/h2/culcheth/;Culcheth;culcheth
http://www.meetup.com/cities/gb/h2/daisy_bank/;Daisy Bank;daisy_bank
http://www.meetup.com/cities/gb/h2/dalton/;Dalton;dalton
http://www.meetup.com/cities/gb/h2/darwen/;Darwen;darwen
http://www.meetup.com/cities/gb/h2/delph/;Delph;delph
http://www.meetup.com/cities/gb/h2/denny_beck/;Denny Beck;denny_beck
http://www.meetup.com/cities/gb/h2/denshaw/;Denshaw;denshaw
http://www.meetup.com/cities/gb/h2/diggle/;Diggle;diggle
http://www.meetup.com/cities/gb/h2/dinckley/;Dinckley;dinckley
http://www.meetup.com/cities/gb/h2/dobcross/;Dobcross;dobcross
http://www.meetup.com/cities/gb/h2/dock_acres/;Dock Acres;dock_acres
http://www.meetup.com/cities/gb/h2/dolphinholme/;Dolphinholme;dolphinholme
http://www.meetup.com/cities/gb/h2/downham/;Downham;downham
http://www.meetup.com/cities/gb/h2/downholland/;Downholland;downholland
http://www.meetup.com/cities/gb/h2/dunnockshaw/;Dunnockshaw;dunnockshaw
http://www.meetup.com/cities/gb/h2/dunsop_bridge/;Dunsop Bridge;dunsop_bridge
http://www.meetup.com/cities/gb/h2/dutton/;Dutton;dutton
http://www.meetup.com/cities/gb/h2/eagland_hill/;Eagland Hill;eagland_hill
http://www.meetup.com/cities/gb/h2/earby/;Earby;earby
http://www.meetup.com/cities/gb/h2/eaves/;Eaves;eaves
http://www.meetup.com/cities/gb/h2/eccleshill/;Eccleshill;eccleshill
http://www.meetup.com/cities/gb/h2/eccleston/;Eccleston;eccleston
http://www.meetup.com/cities/gb/h2/edenfield/;Edenfield;edenfield
http://www.meetup.com/cities/gb/h2/egerton/;Egerton;egerton
http://www.meetup.com/cities/gb/h2/ellel/;Ellel;ellel
http://www.meetup.com/cities/gb/h2/elswick/;Elswick;elswick
http://www.meetup.com/cities/gb/h2/esprick/;Esprick;esprick
http://www.meetup.com/cities/gb/h2/euxton/;Euxton;euxton
http://www.meetup.com/cities/gb/h2/facit/;Facit;facit
http://www.meetup.com/cities/gb/h2/failsworth/;Failsworth;failsworth
http://www.meetup.com/cities/gb/h2/farington/;Farington;farington
http://www.meetup.com/cities/gb/h2/farington_moss/;Farington Moss;farington_moss
http://www.meetup.com/cities/gb/h2/farleton/;Farleton;farleton
http://www.meetup.com/cities/gb/h2/farnworth/;Farnworth;farnworth
http://www.meetup.com/cities/gb/h2/fence/;Fence;fence
http://www.meetup.com/cities/gb/h2/feniscowles/;Feniscowles;feniscowles
http://www.meetup.com/cities/gb/h2/firgrove/;Firgrove;firgrove
http://www.meetup.com/cities/gb/h2/fleetwood/;Fleetwood;fleetwood
http://www.meetup.com/cities/gb/h2/forest_beck/;Forest Beck;forest_beck
http://www.meetup.com/cities/gb/h2/forest_holme/;Forest Holme;forest_holme
http://www.meetup.com/cities/gb/h2/forton/;Forton;forton
http://www.meetup.com/cities/gb/h2/foulridge/;Foulridge;foulridge
http://www.meetup.com/cities/gb/h2/freckleton/;Freckleton;freckleton
http://www.meetup.com/cities/gb/h2/fulwood/;Fulwood;fulwood
http://www.meetup.com/cities/gb/h2/galgate/;Galgate;galgate
http://www.meetup.com/cities/gb/h2/garstang/;Garstang;garstang
http://www.meetup.com/cities/gb/h2/gisburn/;Gisburn;gisburn
http://www.meetup.com/cities/gb/h2/glasson_dock/;Glasson Dock;glasson_dock
http://www.meetup.com/cities/gb/h2/glazebury/;Glazebury;glazebury
http://www.meetup.com/cities/gb/h2/golborne_dale/;Golborne Dale;golborne_dale
http://www.meetup.com/cities/gb/h2/goodshaw/;Goodshaw;goodshaw
http://www.meetup.com/cities/gb/h2/goose_green/;Goose Green;goose_green
http://www.meetup.com/cities/gb/h2/goosnargh/;Goosnargh;goosnargh
http://www.meetup.com/cities/gb/h2/grasscroft/;Grasscroft;grasscroft
http://www.meetup.com/cities/gb/h2/great_altcar/;Great Altcar;great_altcar
http://www.meetup.com/cities/gb/h2/great_eccleston/;Great Eccleston;great_eccleston
http://www.meetup.com/cities/gb/h2/great_harwood/;Great Harwood;great_harwood
http://www.meetup.com/cities/gb/h2/great_howarth/;Great Howarth;great_howarth
http://www.meetup.com/cities/gb/h2/great_plumpton/;Great Plumpton;great_plumpton
http://www.meetup.com/cities/gb/h2/greenfield/;Greenfield;greenfield
http://www.meetup.com/cities/gb/h2/greenhalgh/;Greenhalgh;greenhalgh
http://www.meetup.com/cities/gb/h2/greenmount/;Greenmount;greenmount
http://www.meetup.com/cities/gb/h2/gressingham/;Gressingham;gressingham
http://www.meetup.com/cities/gb/h2/grimeford_village/;Grimeford Village;grimeford_village
http://www.meetup.com/cities/gb/h2/grimsargh/;Grimsargh;grimsargh
http://www.meetup.com/cities/gb/h2/grindleton/;Grindleton;grindleton
http://www.meetup.com/cities/gb/h2/grotton/;Grotton;grotton
http://www.meetup.com/cities/gb/h2/guide/;Guide;guide
http://www.meetup.com/cities/gb/h2/haigh/;Haigh;haigh
http://www.meetup.com/cities/gb/h2/haighton/;Haighton;haighton
http://www.meetup.com/cities/gb/h2/halsall/;Halsall;halsall
http://www.meetup.com/cities/gb/h2/halton/;Halton;halton
http://www.meetup.com/cities/gb/h2/hambleton/;Hambleton;hambleton
http://www.meetup.com/cities/gb/h2/hampson/;Hampson;hampson
http://www.meetup.com/cities/gb/h2/hapton/;Hapton;hapton
http://www.meetup.com/cities/gb/h2/harwood/;Harwood;harwood
http://www.meetup.com/cities/gb/h2/haskayne/;Haskayne;haskayne
http://www.meetup.com/cities/gb/h2/haslingden/;Haslingden;haslingden
http://www.meetup.com/cities/gb/h2/hawkshaw/;Hawkshaw;hawkshaw
http://www.meetup.com/cities/gb/h2/hawksley_industrial_estate/;Hawksley Industrial Estate;hawksley_industrial_estate
http://www.meetup.com/cities/gb/h2/healey/;Healey;healey
http://www.meetup.com/cities/gb/h2/heap/;Heap;heap
http://www.meetup.com/cities/gb/h2/heap_bridge/;Heap Bridge;heap_bridge
http://www.meetup.com/cities/gb/h2/heapey/;Heapey;heapey
http://www.meetup.com/cities/gb/h2/heath_charnock/;Heath Charnock;heath_charnock
http://www.meetup.com/cities/gb/h2/heaton_with_oxcliffe/;Heaton with Oxcliffe;heaton_with_oxcliffe
http://www.meetup.com/cities/gb/h2/helmshore/;Helmshore;helmshore
http://www.meetup.com/cities/gb/h2/hesketh_bank/;Hesketh Bank;hesketh_bank
http://www.meetup.com/cities/gb/h2/heskin/;Heskin;heskin
http://www.meetup.com/cities/gb/h2/hest_bank/;Hest Bank;hest_bank
http://www.meetup.com/cities/gb/h2/heysham/;Heysham;heysham
http://www.meetup.com/cities/gb/h2/heyside/;Heyside;heyside
http://www.meetup.com/cities/gb/h2/heywood/;Heywood;heywood
http://www.meetup.com/cities/gb/h2/heywood_distribution_park/;Heywood Distribution Park;heywood_distribution_park
http://www.meetup.com/cities/gb/h2/higginshaw/;Higginshaw;higginshaw
http://www.meetup.com/cities/gb/h2/higham/;Higham;higham
http://www.meetup.com/cities/gb/h2/higher_bartle/;Higher Bartle;higher_bartle
http://www.meetup.com/cities/gb/h2/higher_walton/;Higher Walton;higher_walton
http://www.meetup.com/cities/gb/h2/higher_wheelton/;Higher Wheelton;higher_wheelton
http://www.meetup.com/cities/gb/h2/hindley/;Hindley;hindley
http://www.meetup.com/cities/gb/h2/hindley_green/;Hindley Green;hindley_green
http://www.meetup.com/cities/gb/h2/hindley_industrial_estate/;Hindley Industrial Estate;hindley_industrial_estate
http://www.meetup.com/cities/gb/h2/hoddlesden/;Hoddlesden;hoddlesden
http://www.meetup.com/cities/gb/h2/hoghton/;Hoghton;hoghton
http://www.meetup.com/cities/gb/h2/holcombe/;Holcombe;holcombe
http://www.meetup.com/cities/gb/h2/holden/;Holden;holden
http://www.meetup.com/cities/gb/h2/holland_moor/;Holland Moor;holland_moor
http://www.meetup.com/cities/gb/h2/holme/;Holme;holme
http://www.meetup.com/cities/gb/h2/holmeswood/;Holmeswood;holmeswood
http://www.meetup.com/cities/gb/h2/hope_carr/;Hope Carr;hope_carr
http://www.meetup.com/cities/gb/h2/hornby/;Hornby;hornby
http://www.meetup.com/cities/gb/h2/horton/;Horton;horton
http://www.meetup.com/cities/gb/h2/horwich/;Horwich;horwich
http://www.meetup.com/cities/gb/h2/hothersall/;Hothersall;hothersall
http://www.meetup.com/cities/gb/h2/huncoat/;Huncoat;huncoat
http://www.meetup.com/cities/gb/h2/huncoat_industrial_estate/;Huncoat Industrial Estate;huncoat_industrial_estate
http://www.meetup.com/cities/gb/h2/hundred_end/;Hundred End;hundred_end
http://www.meetup.com/cities/gb/h2/hurstead/;Hurstead;hurstead
http://www.meetup.com/cities/gb/h2/hurst_green/;Hurst Green;hurst_green
http://www.meetup.com/cities/gb/h2/hutton/;Hutton;hutton
http://www.meetup.com/cities/gb/h2/ince/;Ince;ince
http://www.meetup.com/cities/gb/h2/inglewhite/;Inglewhite;inglewhite
http://www.meetup.com/cities/gb/h2/ingol/;Ingol;ingol
http://www.meetup.com/cities/gb/h2/inskip/;Inskip;inskip
http://www.meetup.com/cities/gb/h2/intack/;Intack;intack
http://www.meetup.com/cities/gb/h2/ireby/;Ireby;ireby
http://www.meetup.com/cities/gb/h2/kearsley/;Kearsley;kearsley
http://www.meetup.com/cities/gb/h2/kelbrook/;Kelbrook;kelbrook
http://www.meetup.com/cities/gb/h2/kirkby_lonsdale/;Kirkby Lonsdale;kirkby_lonsdale
http://www.meetup.com/cities/gb/h2/kirkham/;Kirkham;kirkham
http://www.meetup.com/cities/gb/h2/knott_end-on-sea/;Knott End-on-Sea;knott_end-on-sea
http://www.meetup.com/cities/gb/h2/knowle_green/;Knowle Green;knowle_green
http://www.meetup.com/cities/gb/h2/lancaster/;Lancaster;lancaster
http://www.meetup.com/cities/gb/h2/landside/;Landside;landside
http://www.meetup.com/cities/gb/h2/laneshawbridge/;Laneshawbridge;laneshawbridge
http://www.meetup.com/cities/gb/h2/langho/;Langho;langho
http://www.meetup.com/cities/gb/h2/lansil_industrial_estate/;Lansil Industrial Estate;lansil_industrial_estate
http://www.meetup.com/cities/gb/h2/larbreck/;Larbreck;larbreck
http://www.meetup.com/cities/gb/h2/lathom/;Lathom;lathom
http://www.meetup.com/cities/gb/h2/lea/;Lea;lea
http://www.meetup.com/cities/gb/h2/leagram/;Leagram;leagram
http://www.meetup.com/cities/gb/h2/lea_town/;Lea Town;lea_town
http://www.meetup.com/cities/gb/h2/leck/;Leck;leck
http://www.meetup.com/cities/gb/h2/lees/;Lees;lees
http://www.meetup.com/cities/gb/h2/leigh/;Leigh;leigh
http://www.meetup.com/cities/gb/h2/leigh_sports_village/;Leigh Sports Village;leigh_sports_village
http://www.meetup.com/cities/gb/h2/leighton_hall/;Leighton Hall;leighton_hall
http://www.meetup.com/cities/gb/h2/leyland/;Leyland;leyland
http://www.meetup.com/cities/gb/h2/lightfoot_green/;Lightfoot Green;lightfoot_green
http://www.meetup.com/cities/gb/h2/littledale/;Littledale;littledale
http://www.meetup.com/cities/gb/h2/little_eccleston/;Little Eccleston;little_eccleston
http://www.meetup.com/cities/gb/h2/little_hoole/;Little Hoole;little_hoole
http://www.meetup.com/cities/gb/h2/little_lever/;Little Lever;little_lever
http://www.meetup.com/cities/gb/h2/little_plumpton/;Little Plumpton;little_plumpton
http://www.meetup.com/cities/gb/h2/livesey/;Livesey;livesey
http://www.meetup.com/cities/gb/h2/longridge/;Longridge;longridge
http://www.meetup.com/cities/gb/h2/longton/;Longton;longton
http://www.meetup.com/cities/gb/h2/lostock/;Lostock;lostock
http://www.meetup.com/cities/gb/h2/lostock_hall/;Lostock Hall;lostock_hall
http://www.meetup.com/cities/gb/h2/loveclough/;Loveclough;loveclough
http://www.meetup.com/cities/gb/h2/low_common/;Low Common;low_common
http://www.meetup.com/cities/gb/h2/low_dolphinholme/;Low Dolphinholme;low_dolphinholme
http://www.meetup.com/cities/gb/h2/lower_bartle/;Lower Bartle;lower_bartle
http://www.meetup.com/cities/gb/h2/lower_darwen/;Lower Darwen;lower_darwen
http://www.meetup.com/cities/gb/h2/lowgill/;Lowgill;lowgill
http://www.meetup.com/cities/gb/h2/lumb/;Lumb;lumb
http://www.meetup.com/cities/gb/h2/lydgate/;Lydgate;lydgate
http://www.meetup.com/cities/gb/h2/lytham/;Lytham;lytham
http://www.meetup.com/cities/gb/h2/lytham_st_annes/;Lytham St Annes;lytham_st_annes
http://www.meetup.com/cities/gb/h2/manchester/;Manchester;manchester
http://www.meetup.com/cities/gb/h2/marton/;Marton;marton
http://www.meetup.com/cities/gb/h2/mawdesley/;Mawdesley;mawdesley
http://www.meetup.com/cities/gb/h2/melling/;Melling;melling
http://www.meetup.com/cities/gb/h2/mellor/;Mellor;mellor
http://www.meetup.com/cities/gb/h2/mellor_brook/;Mellor Brook;mellor_brook
http://www.meetup.com/cities/gb/h2/mere_brow/;Mere Brow;mere_brow
http://www.meetup.com/cities/gb/h2/middleton/;Middleton;middleton
http://www.meetup.com/cities/gb/h2/middop/;Middop;middop
http://www.meetup.com/cities/gb/h2/midge_hall/;Midge Hall;midge_hall
http://www.meetup.com/cities/gb/h2/millhead/;Millhead;millhead
http://www.meetup.com/cities/gb/h2/milnrow/;Milnrow;milnrow
http://www.meetup.com/cities/gb/h2/miry_lane_industrial_estate/;Miry Lane Industrial Estate;miry_lane_industrial_estate
http://www.meetup.com/cities/gb/h2/mitton/;Mitton;mitton
http://www.meetup.com/cities/gb/h2/moorgate/;Moorgate;moorgate
http://www.meetup.com/cities/gb/h2/morecambe/;Morecambe;morecambe
http://www.meetup.com/cities/gb/h2/mosley_common/;Mosley Common;mosley_common
http://www.meetup.com/cities/gb/h2/moss_industrial_estate/;Moss Industrial Estate;moss_industrial_estate
http://www.meetup.com/cities/gb/h2/mossley/;Mossley;mossley
http://www.meetup.com/cities/gb/h2/moss_side/;Moss Side;moss_side
http://www.meetup.com/cities/gb/h2/much_hoole/;Much Hoole;much_hoole
http://www.meetup.com/cities/gb/h2/nangreaves/;Nangreaves;nangreaves
http://www.meetup.com/cities/gb/h2/nateby/;Nateby;nateby
http://www.meetup.com/cities/gb/h2/nelson/;Nelson;nelson
http://www.meetup.com/cities/gb/h2/nether_kellet/;Nether Kellet;nether_kellet
http://www.meetup.com/cities/gb/h2/newburgh/;Newburgh;newburgh
http://www.meetup.com/cities/gb/h2/newchurch/;Newchurch;newchurch
http://www.meetup.com/cities/gb/h2/newchurch-in-pendle/;Newchurch-in-Pendle;newchurch-in-pendle
http://www.meetup.com/cities/gb/h2/new_hall_hey/;New Hall Hey;new_hall_hey
http://www.meetup.com/cities/gb/h2/newhey/;Newhey;newhey
http://www.meetup.com/cities/gb/h2/new_longton/;New Longton;new_longton
http://www.meetup.com/cities/gb/h2/newsholme/;Newsholme;newsholme
http://www.meetup.com/cities/gb/h2/newton/;Newton;newton
http://www.meetup.com/cities/gb/h2/newton_in_bowland/;Newton in Bowland;newton_in_bowland
http://www.meetup.com/cities/gb/h2/newtown/;Newtown;newtown
http://www.meetup.com/cities/gb/h2/oakenclough/;Oakenclough;oakenclough
http://www.meetup.com/cities/gb/h2/oldham/;Oldham;oldham
http://www.meetup.com/cities/gb/h2/old_langho/;Old Langho;old_langho
http://www.meetup.com/cities/gb/h2/ormskirk/;Ormskirk;ormskirk
http://www.meetup.com/cities/gb/h2/orrell/;Orrell;orrell
http://www.meetup.com/cities/gb/h2/osbaldeston/;Osbaldeston;osbaldeston
http://www.meetup.com/cities/gb/h2/oswaldtwistle/;Oswaldtwistle;oswaldtwistle
http://www.meetup.com/cities/gb/h2/out_rawcliffe/;Out Rawcliffe;out_rawcliffe
http://www.meetup.com/cities/gb/h2/over_hulton/;Over Hulton;over_hulton
http://www.meetup.com/cities/gb/h2/over_kellet/;Over Kellet;over_kellet
http://www.meetup.com/cities/gb/h2/overton/;Overton;overton
http://www.meetup.com/cities/gb/h2/over_wyresdale/;Over Wyresdale;over_wyresdale
http://www.meetup.com/cities/gb/h2/padiham/;Padiham;padiham
http://www.meetup.com/cities/gb/h2/parbold/;Parbold;parbold
http://www.meetup.com/cities/gb/h2/paythorne/;Paythorne;paythorne
http://www.meetup.com/cities/gb/h2/pemberton/;Pemberton;pemberton
http://www.meetup.com/cities/gb/h2/pendleton/;Pendleton;pendleton
http://www.meetup.com/cities/gb/h2/penwortham/;Penwortham;penwortham
http://www.meetup.com/cities/gb/h2/pickup_bank/;Pickup Bank;pickup_bank
http://www.meetup.com/cities/gb/h2/pilling/;Pilling;pilling
http://www.meetup.com/cities/gb/h2/platt_bridge/;Platt Bridge;platt_bridge
http://www.meetup.com/cities/gb/h2/pleasington/;Pleasington;pleasington
http://www.meetup.com/cities/gb/h2/poulton_industrial_estate/;Poulton Industrial Estate;poulton_industrial_estate
http://www.meetup.com/cities/gb/h2/poulton-le-fylde/;Poulton-le-fylde;poulton-le-fylde
http://www.meetup.com/cities/gb/h2/preesall/;Preesall;preesall
http://www.meetup.com/cities/gb/h2/preston/;Preston;preston
http://www.meetup.com/cities/gb/h2/prestwich/;Prestwich;prestwich
http://www.meetup.com/cities/gb/h2/priest_hutton/;Priest Hutton;priest_hutton
http://www.meetup.com/cities/gb/h2/queensway_industrial_estate/;Queensway Industrial Estate;queensway_industrial_estate
http://www.meetup.com/cities/gb/h2/quernmore/;Quernmore;quernmore
http://www.meetup.com/cities/gb/h2/quernmore_park/;Quernmore Park;quernmore_park
http://www.meetup.com/cities/gb/h2/radcliffe/;Radcliffe;radcliffe
http://www.meetup.com/cities/gb/h2/ramsbottom/;Ramsbottom;ramsbottom
http://www.meetup.com/cities/gb/h2/ramsgreave/;Ramsgreave;ramsgreave
http://www.meetup.com/cities/gb/h2/rawtenstall/;Rawtenstall;rawtenstall
http://www.meetup.com/cities/gb/h2/read/;Read;read
http://www.meetup.com/cities/gb/h2/red_marsh_industrial_estate/;Red Marsh Industrial Estate;red_marsh_industrial_estate
http://www.meetup.com/cities/gb/h2/reedley/;Reedley;reedley
http://www.meetup.com/cities/gb/h2/reedsholme/;Reedsholme;reedsholme
http://www.meetup.com/cities/gb/h2/ribbleton/;Ribbleton;ribbleton
http://www.meetup.com/cities/gb/h2/ribchester/;Ribchester;ribchester
http://www.meetup.com/cities/gb/h2/riley_green/;Riley Green;riley_green
http://www.meetup.com/cities/gb/h2/rimington/;Rimington;rimington
http://www.meetup.com/cities/gb/h2/rishton/;Rishton;rishton
http://www.meetup.com/cities/gb/h2/rising_bridge/;Rising Bridge;rising_bridge
http://www.meetup.com/cities/gb/h2/rivington/;Rivington;rivington
http://www.meetup.com/cities/gb/h2/roby_mill/;Roby Mill;roby_mill
http://www.meetup.com/cities/gb/h2/rochdale/;Rochdale;rochdale
http://www.meetup.com/cities/gb/h2/roeburndale/;Roeburndale;roeburndale
http://www.meetup.com/cities/gb/h2/roseacre/;Roseacre;roseacre
http://www.meetup.com/cities/gb/h2/rossendale/;Rossendale;rossendale
http://www.meetup.com/cities/gb/h2/roughlee/;Roughlee;roughlee
http://www.meetup.com/cities/gb/h2/royton/;Royton;royton
http://www.meetup.com/cities/gb/h2/rufford/;Rufford;rufford
http://www.meetup.com/cities/gb/h2/sabden/;Sabden;sabden
http://www.meetup.com/cities/gb/h2/salesbury/;Salesbury;salesbury
http://www.meetup.com/cities/gb/h2/salford/;Salford;salford
http://www.meetup.com/cities/gb/h2/salterforth/;Salterforth;salterforth
http://www.meetup.com/cities/gb/h2/salwick/;Salwick;salwick
http://www.meetup.com/cities/gb/h2/samlesbury/;Samlesbury;samlesbury
http://www.meetup.com/cities/gb/h2/samlesbury_bottoms/;Samlesbury Bottoms;samlesbury_bottoms
http://www.meetup.com/cities/gb/h2/sawley/;Sawley;sawley
http://www.meetup.com/cities/gb/h2/scarisbrick/;Scarisbrick;scarisbrick
http://www.meetup.com/cities/gb/h2/scorton/;Scorton;scorton
http://www.meetup.com/cities/gb/h2/scotforth/;Scotforth;scotforth
http://www.meetup.com/cities/gb/h2/scouthead/;Scouthead;scouthead
http://www.meetup.com/cities/gb/h2/scronkey/;Scronkey;scronkey
http://www.meetup.com/cities/gb/h2/shadsworth_business_park/;Shadsworth Business Park;shadsworth_business_park
http://www.meetup.com/cities/gb/h2/shaw/;Shaw;shaw
http://www.meetup.com/cities/gb/h2/shawforth/;Shawforth;shawforth
http://www.meetup.com/cities/gb/h2/shevington/;Shevington;shevington
http://www.meetup.com/cities/gb/h2/shirdley_hill/;Shirdley Hill;shirdley_hill
http://www.meetup.com/cities/gb/h2/shore/;Shore;shore
http://www.meetup.com/cities/gb/h2/shuttleworth/;Shuttleworth;shuttleworth
http://www.meetup.com/cities/gb/h2/silverdale/;Silverdale;silverdale
http://www.meetup.com/cities/gb/h2/simonstone/;Simonstone;simonstone
http://www.meetup.com/cities/gb/h2/singleton/;Singleton;singleton
http://www.meetup.com/cities/gb/h2/skelmersdale/;Skelmersdale;skelmersdale
http://www.meetup.com/cities/gb/h2/slaidburn/;Slaidburn;slaidburn
http://www.meetup.com/cities/gb/h2/slyne/;Slyne;slyne
http://www.meetup.com/cities/gb/h2/smallbridge/;Smallbridge;smallbridge
http://www.meetup.com/cities/gb/h2/smithills/;Smithills;smithills
http://www.meetup.com/cities/gb/h2/smithybridge/;Smithybridge;smithybridge
http://www.meetup.com/cities/gb/h2/snatchems/;Snatchems;snatchems
http://www.meetup.com/cities/gb/h2/sollom/;Sollom;sollom
http://www.meetup.com/cities/gb/h2/sough/;Sough;sough
http://www.meetup.com/cities/gb/h2/southfield/;Southfield;southfield
http://www.meetup.com/cities/gb/h2/south_lancashire_industrial_estate/;South Lancashire Industrial Estate;south_lancashire_industrial_estate
http://www.meetup.com/cities/gb/h2/southway/;Southway;southway
http://www.meetup.com/cities/gb/h2/sowerby/;Sowerby;sowerby
http://www.meetup.com/cities/gb/h2/springhead/;Springhead;springhead
http://www.meetup.com/cities/gb/h2/stacksteads/;Stacksteads;stacksteads
http://www.meetup.com/cities/gb/h2/staining/;Staining;staining
http://www.meetup.com/cities/gb/h2/stakepool/;Stakepool;stakepool
http://www.meetup.com/cities/gb/h2/stalmine/;Stalmine;stalmine
http://www.meetup.com/cities/gb/h2/standish/;Standish;standish
http://www.meetup.com/cities/gb/h2/standish_lower_ground/;Standish Lower Ground;standish_lower_ground
http://www.meetup.com/cities/gb/h2/stanley_industrial_estate/;Stanley Industrial Estate;stanley_industrial_estate
http://www.meetup.com/cities/gb/h2/st_annes/;St Annes;st_annes
http://www.meetup.com/cities/gb/h2/st_michaels/;St Michaels;st_michaels
http://www.meetup.com/cities/gb/h2/stodday/;Stodday;stodday
http://www.meetup.com/cities/gb/h2/stoneclough/;Stoneclough;stoneclough
http://www.meetup.com/cities/gb/h2/stonefold/;Stonefold;stonefold
http://www.meetup.com/cities/gb/h2/stonyhurst/;Stonyhurst;stonyhurst
http://www.meetup.com/cities/gb/h2/summerseat/;Summerseat;summerseat
http://www.meetup.com/cities/gb/h2/summit/;Summit;summit
http://www.meetup.com/cities/gb/h2/sunderland_point/;Sunderland Point;sunderland_point
http://www.meetup.com/cities/gb/h2/swinley/;Swinley;swinley
http://www.meetup.com/cities/gb/h2/tarleton/;Tarleton;tarleton
http://www.meetup.com/cities/gb/h2/tatham/;Tatham;tatham
http://www.meetup.com/cities/gb/h2/tewitfield/;Tewitfield;tewitfield
http://www.meetup.com/cities/gb/h2/thistleton/;Thistleton;thistleton
http://www.meetup.com/cities/gb/h2/thornley/;Thornley;thornley
http://www.meetup.com/cities/gb/h2/thornton-cleveleys/;Thornton-Cleveleys;thornton-cleveleys
http://www.meetup.com/cities/gb/h2/thurnham/;Thurnham;thurnham
http://www.meetup.com/cities/gb/h2/tockholes/;Tockholes;tockholes
http://www.meetup.com/cities/gb/h2/tottington/;Tottington;tottington
http://www.meetup.com/cities/gb/h2/townsend_fold/;Townsend Fold;townsend_fold
http://www.meetup.com/cities/gb/h2/trawden/;Trawden;trawden
http://www.meetup.com/cities/gb/h2/treales/;Treales;treales
http://www.meetup.com/cities/gb/h2/tunstall/;Tunstall;tunstall
http://www.meetup.com/cities/gb/h2/turton/;Turton;turton
http://www.meetup.com/cities/gb/h2/twiston/;Twiston;twiston
http://www.meetup.com/cities/gb/h2/tyldesley/;Tyldesley;tyldesley
http://www.meetup.com/cities/gb/h2/unsworth/;Unsworth;unsworth
http://www.meetup.com/cities/gb/h2/uppermill/;Uppermill;uppermill
http://www.meetup.com/cities/gb/h2/waddington/;Waddington;waddington
http://www.meetup.com/cities/gb/h2/walmer_bridge/;Walmer Bridge;walmer_bridge
http://www.meetup.com/cities/gb/h2/walmersley/;Walmersley;walmersley
http://www.meetup.com/cities/gb/h2/walshaw/;Walshaw;walshaw
http://www.meetup.com/cities/gb/h2/walton-le-dale/;Walton-le-Dale;walton-le-dale
http://www.meetup.com/cities/gb/h2/wardle/;Wardle;wardle
http://www.meetup.com/cities/gb/h2/warton/;Warton;warton
http://www.meetup.com/cities/gb/h2/water/;Water;water
http://www.meetup.com/cities/gb/h2/waterfoot/;Waterfoot;waterfoot
http://www.meetup.com/cities/gb/h2/waterhead/;Waterhead;waterhead
http://www.meetup.com/cities/gb/h2/waterside/;Waterside;waterside
http://www.meetup.com/cities/gb/h2/weeton/;Weeton;weeton
http://www.meetup.com/cities/gb/h2/wesham/;Wesham;wesham
http://www.meetup.com/cities/gb/h2/west_bradford/;West Bradford;west_bradford
http://www.meetup.com/cities/gb/h2/westby/;Westby;westby
http://www.meetup.com/cities/gb/h2/westby_mills/;Westby Mills;westby_mills
http://www.meetup.com/cities/gb/h2/westhead/;Westhead;westhead
http://www.meetup.com/cities/gb/h2/westhoughton/;Westhoughton;westhoughton
http://www.meetup.com/cities/gb/h2/whalley/;Whalley;whalley
http://www.meetup.com/cities/gb/h2/wharles/;Wharles;wharles
http://www.meetup.com/cities/gb/h2/wheelton/;Wheelton;wheelton
http://www.meetup.com/cities/gb/h2/whitebirk_industrial_estate/;Whitebirk Industrial Estate;whitebirk_industrial_estate
http://www.meetup.com/cities/gb/h2/whitechapel/;Whitechapel;whitechapel
http://www.meetup.com/cities/gb/h2/whitefield/;Whitefield;whitefield
http://www.meetup.com/cities/gb/h2/whitehills_business_park/;Whitehills Business Park;whitehills_business_park
http://www.meetup.com/cities/gb/h2/white_lund_industrial_estate/;White Lund Industrial Estate;white_lund_industrial_estate
http://www.meetup.com/cities/gb/h2/whitestake/;Whitestake;whitestake
http://www.meetup.com/cities/gb/h2/whitewalls_industrial_estate/;Whitewalls Industrial Estate;whitewalls_industrial_estate
http://www.meetup.com/cities/gb/h2/whitewell/;Whitewell;whitewell
http://www.meetup.com/cities/gb/h2/whitewell_bottom/;Whitewell Bottom;whitewell_bottom
http://www.meetup.com/cities/gb/h2/whittingham/;Whittingham;whittingham
http://www.meetup.com/cities/gb/h2/whittington/;Whittington;whittington
http://www.meetup.com/cities/gb/h2/whittle-le-woods/;Whittle-le-Woods;whittle-le-woods
http://www.meetup.com/cities/gb/h2/whitworth/;Whitworth;whitworth
http://www.meetup.com/cities/gb/h2/wigan/;Wigan;wigan
http://www.meetup.com/cities/gb/h2/wilpshire/;Wilpshire;wilpshire
http://www.meetup.com/cities/gb/h2/winewall/;Winewall;winewall
http://www.meetup.com/cities/gb/h2/wingates_industrial_estate/;Wingates Industrial Estate;wingates_industrial_estate
http://www.meetup.com/cities/gb/h2/winmarleigh/;Winmarleigh;winmarleigh
http://www.meetup.com/cities/gb/h2/winstanley/;Winstanley;winstanley
http://www.meetup.com/cities/gb/h2/wiswell/;Wiswell;wiswell
http://www.meetup.com/cities/gb/h2/withgill/;Withgill;withgill
http://www.meetup.com/cities/gb/h2/withnell/;Withnell;withnell
http://www.meetup.com/cities/gb/h2/woodplumpton/;Woodplumpton;woodplumpton
http://www.meetup.com/cities/gb/h2/wood_top/;Wood Top;wood_top
http://www.meetup.com/cities/gb/h2/worsley/;Worsley;worsley
http://www.meetup.com/cities/gb/h2/worsley_mesnes/;Worsley Mesnes;worsley_mesnes
http://www.meetup.com/cities/gb/h2/worsthorne/;Worsthorne;worsthorne
http://www.meetup.com/cities/gb/h2/worston/;Worston;worston
http://www.meetup.com/cities/gb/h2/wray/;Wray;wray
http://www.meetup.com/cities/gb/h2/wrayton/;Wrayton;wrayton
http://www.meetup.com/cities/gb/h2/wrea_green/;Wrea Green;wrea_green
http://www.meetup.com/cities/gb/h2/wrightington/;Wrightington;wrightington
http://www.meetup.com/cities/gb/h2/yealand_conyers/;Yealand Conyers;yealand_conyers
http://www.meetup.com/cities/gb/h2/yealand_redmayne/;Yealand Redmayne;yealand_redmayne
