http://www.meetup.com/cities/gb/e4/abberton/;Abberton;abberton
http://www.meetup.com/cities/gb/e4/abbess_roding/;Abbess Roding;abbess_roding
http://www.meetup.com/cities/gb/e4/abridge/;Abridge;abridge
http://www.meetup.com/cities/gb/e4/aldham/;Aldham;aldham
http://www.meetup.com/cities/gb/e4/alphamstone/;Alphamstone;alphamstone
http://www.meetup.com/cities/gb/e4/alresford/;Alresford;alresford
http://www.meetup.com/cities/gb/e4/althorne/;Althorne;althorne
http://www.meetup.com/cities/gb/e4/ardleigh/;Ardleigh;ardleigh
http://www.meetup.com/cities/gb/e4/arkesden/;Arkesden;arkesden
http://www.meetup.com/cities/gb/e4/ashdon/;Ashdon;ashdon
http://www.meetup.com/cities/gb/e4/asheldham/;Asheldham;asheldham
http://www.meetup.com/cities/gb/e4/audley_end/;Audley End;audley_end
http://www.meetup.com/cities/gb/e4/aveley/;Aveley;aveley
http://www.meetup.com/cities/gb/e4/aythorpe_roding/;Aythorpe Roding;aythorpe_roding
http://www.meetup.com/cities/gb/e4/badgers_dene/;Badgers Dene;badgers_dene
http://www.meetup.com/cities/gb/e4/bardfield_saling/;Bardfield Saling;bardfield_saling
http://www.meetup.com/cities/gb/e4/barking/;Barking;barking
http://www.meetup.com/cities/gb/e4/barkingside/;Barkingside;barkingside
http://www.meetup.com/cities/gb/e4/barling_magna/;Barling Magna;barling_magna
http://www.meetup.com/cities/gb/e4/barnston/;Barnston;barnston
http://www.meetup.com/cities/gb/e4/basildon/;Basildon;basildon
http://www.meetup.com/cities/gb/e4/battlesbridge/;Battlesbridge;battlesbridge
http://www.meetup.com/cities/gb/e4/baythorne_end/;Baythorne End;baythorne_end
http://www.meetup.com/cities/gb/e4/beauchamp_roding/;Beauchamp Roding;beauchamp_roding
http://www.meetup.com/cities/gb/e4/beaumont/;Beaumont;beaumont
http://www.meetup.com/cities/gb/e4/beazley_end/;Beazley End;beazley_end
http://www.meetup.com/cities/gb/e4/beeleigh/;Beeleigh;beeleigh
http://www.meetup.com/cities/gb/e4/belchamp_otten/;Belchamp Otten;belchamp_otten
http://www.meetup.com/cities/gb/e4/belchamp_st_paul/;Belchamp St Paul;belchamp_st_paul
http://www.meetup.com/cities/gb/e4/belchamp_walter/;Belchamp Walter;belchamp_walter
http://www.meetup.com/cities/gb/e4/benfleet/;Benfleet;benfleet
http://www.meetup.com/cities/gb/e4/berden/;Berden;berden
http://www.meetup.com/cities/gb/e4/berners_roding/;Berners Roding;berners_roding
http://www.meetup.com/cities/gb/e4/bicknacre/;Bicknacre;bicknacre
http://www.meetup.com/cities/gb/e4/billericay/;Billericay;billericay
http://www.meetup.com/cities/gb/e4/birch/;Birch;birch
http://www.meetup.com/cities/gb/e4/birdbrook/;Birdbrook;birdbrook
http://www.meetup.com/cities/gb/e4/blackheath/;Blackheath;blackheath
http://www.meetup.com/cities/gb/e4/blackmore/;Blackmore;blackmore
http://www.meetup.com/cities/gb/e4/blackmore_end/;Blackmore End;blackmore_end
http://www.meetup.com/cities/gb/e4/black_notley/;Black Notley;black_notley
http://www.meetup.com/cities/gb/e4/bocking/;Bocking;bocking
http://www.meetup.com/cities/gb/e4/boreham/;Boreham;boreham
http://www.meetup.com/cities/gb/e4/borley/;Borley;borley
http://www.meetup.com/cities/gb/e4/bowers_gifford/;Bowers Gifford;bowers_gifford
http://www.meetup.com/cities/gb/e4/boxted/;Boxted;boxted
http://www.meetup.com/cities/gb/e4/bradfield/;Bradfield;bradfield
http://www.meetup.com/cities/gb/e4/bradwell/;Bradwell;bradwell
http://www.meetup.com/cities/gb/e4/bradwell-on-sea/;Bradwell-on-Sea;bradwell-on-sea
http://www.meetup.com/cities/gb/e4/braintree/;Braintree;braintree
http://www.meetup.com/cities/gb/e4/braiswick/;Braiswick;braiswick
http://www.meetup.com/cities/gb/e4/brentwood/;Brentwood;brentwood
http://www.meetup.com/cities/gb/e4/brightlingsea/;Brightlingsea;brightlingsea
http://www.meetup.com/cities/gb/e4/brook_road_industrial_estate/;Brook Road Industrial Estate;brook_road_industrial_estate
http://www.meetup.com/cities/gb/e4/broomfield/;Broomfield;broomfield
http://www.meetup.com/cities/gb/e4/broxted/;Broxted;broxted
http://www.meetup.com/cities/gb/e4/buckhurst_hill/;Buckhurst Hill;buckhurst_hill
http://www.meetup.com/cities/gb/e4/bulphan/;Bulphan;bulphan
http://www.meetup.com/cities/gb/e4/burnham-on-crouch/;Burnham-on-crouch;burnham-on-crouch
http://www.meetup.com/cities/gb/e4/burnt_mills_industrial_estate/;Burnt Mills Industrial Estate;burnt_mills_industrial_estate
http://www.meetup.com/cities/gb/e4/burton_end/;Burton End;burton_end
http://www.meetup.com/cities/gb/e4/burtons_green/;Burtons Green;burtons_green
http://www.meetup.com/cities/gb/e4/canewdon/;Canewdon;canewdon
http://www.meetup.com/cities/gb/e4/canvey_island/;Canvey Island;canvey_island
http://www.meetup.com/cities/gb/e4/castle_hedingham/;Castle Hedingham;castle_hedingham
http://www.meetup.com/cities/gb/e4/chadwell_heath/;Chadwell Heath;chadwell_heath
http://www.meetup.com/cities/gb/e4/chadwell_st_mary/;Chadwell St Mary;chadwell_st_mary
http://www.meetup.com/cities/gb/e4/chafford_hundred/;Chafford Hundred;chafford_hundred
http://www.meetup.com/cities/gb/e4/chappel/;Chappel;chappel
http://www.meetup.com/cities/gb/e4/charfleets_industrial_estate/;Charfleets Industrial Estate;charfleets_industrial_estate
http://www.meetup.com/cities/gb/e4/chelmsford/;Chelmsford;chelmsford
http://www.meetup.com/cities/gb/e4/chignal_smealey/;Chignal Smealey;chignal_smealey
http://www.meetup.com/cities/gb/e4/chignal_st_james/;Chignal St James;chignal_st_james
http://www.meetup.com/cities/gb/e4/chigwell/;Chigwell;chigwell
http://www.meetup.com/cities/gb/e4/church_langley/;Church Langley;church_langley
http://www.meetup.com/cities/gb/e4/clacton-on-sea/;Clacton-on-Sea;clacton-on-sea
http://www.meetup.com/cities/gb/e4/clavering/;Clavering;clavering
http://www.meetup.com/cities/gb/e4/cock_clarks/;Cock Clarks;cock_clarks
http://www.meetup.com/cities/gb/e4/coggeshall/;Coggeshall;coggeshall
http://www.meetup.com/cities/gb/e4/colchester/;Colchester;colchester
http://www.meetup.com/cities/gb/e4/colchester_business_park/;Colchester Business Park;colchester_business_park
http://www.meetup.com/cities/gb/e4/cold_norton/;Cold Norton;cold_norton
http://www.meetup.com/cities/gb/e4/collier_row/;Collier Row;collier_row
http://www.meetup.com/cities/gb/e4/colne_engaine/;Colne Engaine;colne_engaine
http://www.meetup.com/cities/gb/e4/cooksmill_green/;Cooksmill Green;cooksmill_green
http://www.meetup.com/cities/gb/e4/coopersale/;Coopersale;coopersale
http://www.meetup.com/cities/gb/e4/copford/;Copford;copford
http://www.meetup.com/cities/gb/e4/cornish_hall_end/;Cornish Hall End;cornish_hall_end
http://www.meetup.com/cities/gb/e4/corringham/;Corringham;corringham
http://www.meetup.com/cities/gb/e4/coryton/;Coryton;coryton
http://www.meetup.com/cities/gb/e4/crays_hill/;Crays Hill;crays_hill
http://www.meetup.com/cities/gb/e4/cressing/;Cressing;cressing
http://www.meetup.com/cities/gb/e4/crockleford_heath/;Crockleford Heath;crockleford_heath
http://www.meetup.com/cities/gb/e4/dagenham/;Dagenham;dagenham
http://www.meetup.com/cities/gb/e4/danbury/;Danbury;danbury
http://www.meetup.com/cities/gb/e4/debden/;Debden;debden
http://www.meetup.com/cities/gb/e4/debden_green/;Debden Green;debden_green
http://www.meetup.com/cities/gb/e4/dengie/;Dengie;dengie
http://www.meetup.com/cities/gb/e4/doddinghurst/;Doddinghurst;doddinghurst
http://www.meetup.com/cities/gb/e4/dovercourt/;Dovercourt;dovercourt
http://www.meetup.com/cities/gb/e4/downham/;Downham;downham
http://www.meetup.com/cities/gb/e4/duddenhoe_end/;Duddenhoe End;duddenhoe_end
http://www.meetup.com/cities/gb/e4/dunmow/;Dunmow;dunmow
http://www.meetup.com/cities/gb/e4/dunton/;Dunton;dunton
http://www.meetup.com/cities/gb/e4/duton_hill/;Duton Hill;duton_hill
http://www.meetup.com/cities/gb/e4/earls_colne/;Earls Colne;earls_colne
http://www.meetup.com/cities/gb/e4/east_hanningfield/;East Hanningfield;east_hanningfield
http://www.meetup.com/cities/gb/e4/easthorpe/;Easthorpe;easthorpe
http://www.meetup.com/cities/gb/e4/east_mersea/;East Mersea;east_mersea
http://www.meetup.com/cities/gb/e4/east_tilbury/;East Tilbury;east_tilbury
http://www.meetup.com/cities/gb/e4/eastwood/;Eastwood;eastwood
http://www.meetup.com/cities/gb/e4/edney_common/;Edney Common;edney_common
http://www.meetup.com/cities/gb/e4/eight_ash_green/;Eight Ash Green;eight_ash_green
http://www.meetup.com/cities/gb/e4/elmdon/;Elmdon;elmdon
http://www.meetup.com/cities/gb/e4/elm_park/;Elm Park;elm_park
http://www.meetup.com/cities/gb/e4/elmstead/;Elmstead;elmstead
http://www.meetup.com/cities/gb/e4/elsenham/;Elsenham;elsenham
http://www.meetup.com/cities/gb/e4/epping/;Epping;epping
http://www.meetup.com/cities/gb/e4/epping_green/;Epping Green;epping_green
http://www.meetup.com/cities/gb/e4/epping_upland/;Epping Upland;epping_upland
http://www.meetup.com/cities/gb/e4/fairstead/;Fairstead;fairstead
http://www.meetup.com/cities/gb/e4/farnham/;Farnham;farnham
http://www.meetup.com/cities/gb/e4/faulkbourne/;Faulkbourne;faulkbourne
http://www.meetup.com/cities/gb/e4/feering/;Feering;feering
http://www.meetup.com/cities/gb/e4/felsted/;Felsted;felsted
http://www.meetup.com/cities/gb/e4/fiddlers_hamlet/;Fiddlers Hamlet;fiddlers_hamlet
http://www.meetup.com/cities/gb/e4/finchingfield/;Finchingfield;finchingfield
http://www.meetup.com/cities/gb/e4/fingringhoe/;Fingringhoe;fingringhoe
http://www.meetup.com/cities/gb/e4/fobbing/;Fobbing;fobbing
http://www.meetup.com/cities/gb/e4/ford_end/;Ford End;ford_end
http://www.meetup.com/cities/gb/e4/fordham/;Fordham;fordham
http://www.meetup.com/cities/gb/e4/fordham_heath/;Fordham Heath;fordham_heath
http://www.meetup.com/cities/gb/e4/foulness_island/;Foulness Island;foulness_island
http://www.meetup.com/cities/gb/e4/foxearth/;Foxearth;foxearth
http://www.meetup.com/cities/gb/e4/frating/;Frating;frating
http://www.meetup.com/cities/gb/e4/frinton-on-sea/;Frinton-on-Sea;frinton-on-sea
http://www.meetup.com/cities/gb/e4/fryerning/;Fryerning;fryerning
http://www.meetup.com/cities/gb/e4/fyfield/;Fyfield;fyfield
http://www.meetup.com/cities/gb/e4/galleywood/;Galleywood;galleywood
http://www.meetup.com/cities/gb/e4/gestingthorpe/;Gestingthorpe;gestingthorpe
http://www.meetup.com/cities/gb/e4/gidea_park/;Gidea Park;gidea_park
http://www.meetup.com/cities/gb/e4/goldhanger/;Goldhanger;goldhanger
http://www.meetup.com/cities/gb/e4/good_easter/;Good Easter;good_easter
http://www.meetup.com/cities/gb/e4/gosfield/;Gosfield;gosfield
http://www.meetup.com/cities/gb/e4/grays/;Grays;grays
http://www.meetup.com/cities/gb/e4/great_baddow/;Great Baddow;great_baddow
http://www.meetup.com/cities/gb/e4/great_bardfield/;Great Bardfield;great_bardfield
http://www.meetup.com/cities/gb/e4/great_bentley/;Great Bentley;great_bentley
http://www.meetup.com/cities/gb/e4/great_braxted/;Great Braxted;great_braxted
http://www.meetup.com/cities/gb/e4/great_bromley/;Great Bromley;great_bromley
http://www.meetup.com/cities/gb/e4/great_canfield/;Great Canfield;great_canfield
http://www.meetup.com/cities/gb/e4/great_chesterford/;Great Chesterford;great_chesterford
http://www.meetup.com/cities/gb/e4/great_easton/;Great Easton;great_easton
http://www.meetup.com/cities/gb/e4/great_hallingbury/;Great Hallingbury;great_hallingbury
http://www.meetup.com/cities/gb/e4/great_henny/;Great Henny;great_henny
http://www.meetup.com/cities/gb/e4/great_holland/;Great Holland;great_holland
http://www.meetup.com/cities/gb/e4/great_leighs/;Great Leighs;great_leighs
http://www.meetup.com/cities/gb/e4/great_maplestead/;Great Maplestead;great_maplestead
http://www.meetup.com/cities/gb/e4/great_notley/;Great Notley;great_notley
http://www.meetup.com/cities/gb/e4/great_oakley/;Great Oakley;great_oakley
http://www.meetup.com/cities/gb/e4/great_saling/;Great Saling;great_saling
http://www.meetup.com/cities/gb/e4/great_sampford/;Great Sampford;great_sampford
http://www.meetup.com/cities/gb/e4/great_tey/;Great Tey;great_tey
http://www.meetup.com/cities/gb/e4/great_totham/;Great Totham;great_totham
http://www.meetup.com/cities/gb/e4/great_wakering/;Great Wakering;great_wakering
http://www.meetup.com/cities/gb/e4/great_waltham/;Great Waltham;great_waltham
http://www.meetup.com/cities/gb/e4/great_warley/;Great Warley;great_warley
http://www.meetup.com/cities/gb/e4/great_wigborough/;Great Wigborough;great_wigborough
http://www.meetup.com/cities/gb/e4/great_yeldham/;Great Yeldham;great_yeldham
http://www.meetup.com/cities/gb/e4/greenstead_estate/;Greenstead Estate;greenstead_estate
http://www.meetup.com/cities/gb/e4/greenstead_green/;Greenstead Green;greenstead_green
http://www.meetup.com/cities/gb/e4/greensted/;Greensted;greensted
http://www.meetup.com/cities/gb/e4/hadleigh/;Hadleigh;hadleigh
http://www.meetup.com/cities/gb/e4/hadstock/;Hadstock;hadstock
http://www.meetup.com/cities/gb/e4/halstead/;Halstead;halstead
http://www.meetup.com/cities/gb/e4/harlow/;Harlow;harlow
http://www.meetup.com/cities/gb/e4/harold_hill/;Harold Hill;harold_hill
http://www.meetup.com/cities/gb/e4/harold_wood/;Harold Wood;harold_wood
http://www.meetup.com/cities/gb/e4/hartford_end/;Hartford End;hartford_end
http://www.meetup.com/cities/gb/e4/harwich/;Harwich;harwich
http://www.meetup.com/cities/gb/e4/hastingwood/;Hastingwood;hastingwood
http://www.meetup.com/cities/gb/e4/hatfield_broad_oak/;Hatfield Broad Oak;hatfield_broad_oak
http://www.meetup.com/cities/gb/e4/hatfield_heath/;Hatfield Heath;hatfield_heath
http://www.meetup.com/cities/gb/e4/hatfield_peverel/;Hatfield Peverel;hatfield_peverel
http://www.meetup.com/cities/gb/e4/havering-atte-bower/;Havering-Atte-Bower;havering-atte-bower
http://www.meetup.com/cities/gb/e4/hawkwell/;Hawkwell;hawkwell
http://www.meetup.com/cities/gb/e4/hazeleigh/;Hazeleigh;hazeleigh
http://www.meetup.com/cities/gb/e4/heath_park/;Heath Park;heath_park
http://www.meetup.com/cities/gb/e4/heckfordbridge/;Heckfordbridge;heckfordbridge
http://www.meetup.com/cities/gb/e4/helions_bumpstead/;Helions Bumpstead;helions_bumpstead
http://www.meetup.com/cities/gb/e4/hempstead/;Hempstead;hempstead
http://www.meetup.com/cities/gb/e4/henham/;Henham;henham
http://www.meetup.com/cities/gb/e4/herongate/;Herongate;herongate
http://www.meetup.com/cities/gb/e4/heybridge/;Heybridge;heybridge
http://www.meetup.com/cities/gb/e4/heybridge_basin/;Heybridge Basin;heybridge_basin
http://www.meetup.com/cities/gb/e4/high_beech/;High Beech;high_beech
http://www.meetup.com/cities/gb/e4/high_easter/;High Easter;high_easter
http://www.meetup.com/cities/gb/e4/high_laver/;High Laver;high_laver
http://www.meetup.com/cities/gb/e4/high_ongar/;High Ongar;high_ongar
http://www.meetup.com/cities/gb/e4/high_roding/;High Roding;high_roding
http://www.meetup.com/cities/gb/e4/highwood/;Highwood;highwood
http://www.meetup.com/cities/gb/e4/highwoods/;Highwoods;highwoods
http://www.meetup.com/cities/gb/e4/hinxton/;Hinxton;hinxton
http://www.meetup.com/cities/gb/e4/hockley/;Hockley;hockley
http://www.meetup.com/cities/gb/e4/holland-on-sea/;Holland-on-Sea;holland-on-sea
http://www.meetup.com/cities/gb/e4/hook_end/;Hook End;hook_end
http://www.meetup.com/cities/gb/e4/hornchurch/;Hornchurch;hornchurch
http://www.meetup.com/cities/gb/e4/horndon-on-the-hill/;Horndon-on-the-Hill;horndon-on-the-hill
http://www.meetup.com/cities/gb/e4/horsley_cross/;Horsley Cross;horsley_cross
http://www.meetup.com/cities/gb/e4/howe_green/;Howe Green;howe_green
http://www.meetup.com/cities/gb/e4/howe_street/;Howe Street;howe_street
http://www.meetup.com/cities/gb/e4/hullbridge/;Hullbridge;hullbridge
http://www.meetup.com/cities/gb/e4/hutton/;Hutton;hutton
http://www.meetup.com/cities/gb/e4/ilford/;Ilford;ilford
http://www.meetup.com/cities/gb/e4/ingatestone/;Ingatestone;ingatestone
http://www.meetup.com/cities/gb/e4/ingrave/;Ingrave;ingrave
http://www.meetup.com/cities/gb/e4/inworth/;Inworth;inworth
http://www.meetup.com/cities/gb/e4/jaywick/;Jaywick;jaywick
http://www.meetup.com/cities/gb/e4/kelvedon/;Kelvedon;kelvedon
http://www.meetup.com/cities/gb/e4/kelvedon_common/;Kelvedon Common;kelvedon_common
http://www.meetup.com/cities/gb/e4/kelvedon_hatch/;Kelvedon Hatch;kelvedon_hatch
http://www.meetup.com/cities/gb/e4/kingsford/;Kingsford;kingsford
http://www.meetup.com/cities/gb/e4/kirby_cross/;Kirby Cross;kirby_cross
http://www.meetup.com/cities/gb/e4/kirby-le-soken/;Kirby-le-Soken;kirby-le-soken
http://www.meetup.com/cities/gb/e4/laindon/;Laindon;laindon
http://www.meetup.com/cities/gb/e4/lamarsh/;Lamarsh;lamarsh
http://www.meetup.com/cities/gb/e4/lambourne_end/;Lambourne End;lambourne_end
http://www.meetup.com/cities/gb/e4/langdon_hills/;Langdon Hills;langdon_hills
http://www.meetup.com/cities/gb/e4/langenhoe/;Langenhoe;langenhoe
http://www.meetup.com/cities/gb/e4/langford/;Langford;langford
http://www.meetup.com/cities/gb/e4/langham/;Langham;langham
http://www.meetup.com/cities/gb/e4/langley_lower_green/;Langley Lower Green;langley_lower_green
http://www.meetup.com/cities/gb/e4/langley_upper_green/;Langley Upper Green;langley_upper_green
http://www.meetup.com/cities/gb/e4/latchingdon/;Latchingdon;latchingdon
http://www.meetup.com/cities/gb/e4/lawford/;Lawford;lawford
http://www.meetup.com/cities/gb/e4/layer_breton/;Layer Breton;layer_breton
http://www.meetup.com/cities/gb/e4/layer-de-la-haye/;Layer-de-la-Haye;layer-de-la-haye
http://www.meetup.com/cities/gb/e4/layer_marney/;Layer Marney;layer_marney
http://www.meetup.com/cities/gb/e4/leaden_roding/;Leaden Roding;leaden_roding
http://www.meetup.com/cities/gb/e4/lee-over-sands/;Lee-over-Sands;lee-over-sands
http://www.meetup.com/cities/gb/e4/leigh-on-sea/;Leigh-on-Sea;leigh-on-sea
http://www.meetup.com/cities/gb/e4/lexden_heath/;Lexden Heath;lexden_heath
http://www.meetup.com/cities/gb/e4/lindsell/;Lindsell;lindsell
http://www.meetup.com/cities/gb/e4/linford/;Linford;linford
http://www.meetup.com/cities/gb/e4/liston/;Liston;liston
http://www.meetup.com/cities/gb/e4/little_baddow/;Little Baddow;little_baddow
http://www.meetup.com/cities/gb/e4/little_bardfield/;Little Bardfield;little_bardfield
http://www.meetup.com/cities/gb/e4/little_bentley/;Little Bentley;little_bentley
http://www.meetup.com/cities/gb/e4/little_braxted/;Little Braxted;little_braxted
http://www.meetup.com/cities/gb/e4/little_bromley/;Little Bromley;little_bromley
http://www.meetup.com/cities/gb/e4/little_burstead/;Little Burstead;little_burstead
http://www.meetup.com/cities/gb/e4/littlebury/;Littlebury;littlebury
http://www.meetup.com/cities/gb/e4/littlebury_green/;Littlebury Green;littlebury_green
http://www.meetup.com/cities/gb/e4/little_canfield/;Little Canfield;little_canfield
http://www.meetup.com/cities/gb/e4/little_chesterford/;Little Chesterford;little_chesterford
http://www.meetup.com/cities/gb/e4/little_chishill/;Little Chishill;little_chishill
http://www.meetup.com/cities/gb/e4/little_clacton/;Little Clacton;little_clacton
http://www.meetup.com/cities/gb/e4/little_dunmow/;Little Dunmow;little_dunmow
http://www.meetup.com/cities/gb/e4/little_easton/;Little Easton;little_easton
http://www.meetup.com/cities/gb/e4/little_hallingbury/;Little Hallingbury;little_hallingbury
http://www.meetup.com/cities/gb/e4/little_heath/;Little Heath;little_heath
http://www.meetup.com/cities/gb/e4/little_henham/;Little Henham;little_henham
http://www.meetup.com/cities/gb/e4/little_henny/;Little Henny;little_henny
http://www.meetup.com/cities/gb/e4/little_horkesley/;Little Horkesley;little_horkesley
http://www.meetup.com/cities/gb/e4/little_laver/;Little Laver;little_laver
http://www.meetup.com/cities/gb/e4/little_leighs/;Little Leighs;little_leighs
http://www.meetup.com/cities/gb/e4/little_maplestead/;Little Maplestead;little_maplestead
http://www.meetup.com/cities/gb/e4/little_oakley/;Little Oakley;little_oakley
http://www.meetup.com/cities/gb/e4/little_sampford/;Little Sampford;little_sampford
http://www.meetup.com/cities/gb/e4/little_tey/;Little Tey;little_tey
http://www.meetup.com/cities/gb/e4/little_totham/;Little Totham;little_totham
http://www.meetup.com/cities/gb/e4/little_wakering/;Little Wakering;little_wakering
http://www.meetup.com/cities/gb/e4/little_walden/;Little Walden;little_walden
http://www.meetup.com/cities/gb/e4/little_waltham/;Little Waltham;little_waltham
http://www.meetup.com/cities/gb/e4/little_warley/;Little Warley;little_warley
http://www.meetup.com/cities/gb/e4/little_wigborough/;Little Wigborough;little_wigborough
http://www.meetup.com/cities/gb/e4/little_yeldham/;Little Yeldham;little_yeldham
http://www.meetup.com/cities/gb/e4/littley_green/;Littley Green;littley_green
http://www.meetup.com/cities/gb/e4/london_stansted_airport/;London Stansted Airport;london_stansted_airport
http://www.meetup.com/cities/gb/e4/loughton/;Loughton;loughton
http://www.meetup.com/cities/gb/e4/magdalen_laver/;Magdalen Laver;magdalen_laver
http://www.meetup.com/cities/gb/e4/maldon/;Maldon;maldon
http://www.meetup.com/cities/gb/e4/manuden/;Manuden;manuden
http://www.meetup.com/cities/gb/e4/margaret_roding/;Margaret Roding;margaret_roding
http://www.meetup.com/cities/gb/e4/margaretting/;Margaretting;margaretting
http://www.meetup.com/cities/gb/e4/marks_tey/;Marks Tey;marks_tey
http://www.meetup.com/cities/gb/e4/mashbury/;Mashbury;mashbury
http://www.meetup.com/cities/gb/e4/matching/;Matching;matching
http://www.meetup.com/cities/gb/e4/matching_green/;Matching Green;matching_green
http://www.meetup.com/cities/gb/e4/matching_tye/;Matching Tye;matching_tye
http://www.meetup.com/cities/gb/e4/mawneys/;Mawneys;mawneys
http://www.meetup.com/cities/gb/e4/mayland/;Mayland;mayland
http://www.meetup.com/cities/gb/e4/messing/;Messing;messing
http://www.meetup.com/cities/gb/e4/middleton/;Middleton;middleton
http://www.meetup.com/cities/gb/e4/mile_end/;Mile End;mile_end
http://www.meetup.com/cities/gb/e4/mill_green/;Mill Green;mill_green
http://www.meetup.com/cities/gb/e4/mistley/;Mistley;mistley
http://www.meetup.com/cities/gb/e4/moreton/;Moreton;moreton
http://www.meetup.com/cities/gb/e4/mount_bures/;Mount Bures;mount_bures
http://www.meetup.com/cities/gb/e4/mountnessing/;Mountnessing;mountnessing
http://www.meetup.com/cities/gb/e4/mundon/;Mundon;mundon
http://www.meetup.com/cities/gb/e4/navestock/;Navestock;navestock
http://www.meetup.com/cities/gb/e4/navestockside/;Navestockside;navestockside
http://www.meetup.com/cities/gb/e4/nazeing/;Nazeing;nazeing
http://www.meetup.com/cities/gb/e4/new_england/;New England;new_england
http://www.meetup.com/cities/gb/e4/newney_green/;Newney Green;newney_green
http://www.meetup.com/cities/gb/e4/newport/;Newport;newport
http://www.meetup.com/cities/gb/e4/nine_ashes/;Nine Ashes;nine_ashes
http://www.meetup.com/cities/gb/e4/noak_hill/;Noak Hill;noak_hill
http://www.meetup.com/cities/gb/e4/north_benfleet/;North Benfleet;north_benfleet
http://www.meetup.com/cities/gb/e4/north_end/;North End;north_end
http://www.meetup.com/cities/gb/e4/north_fambridge/;North Fambridge;north_fambridge
http://www.meetup.com/cities/gb/e4/north_ockendon/;North Ockendon;north_ockendon
http://www.meetup.com/cities/gb/e4/north_stifford/;North Stifford;north_stifford
http://www.meetup.com/cities/gb/e4/north_weald/;North Weald;north_weald
http://www.meetup.com/cities/gb/e4/norton_heath/;Norton Heath;norton_heath
http://www.meetup.com/cities/gb/e4/norton_mandeville/;Norton Mandeville;norton_mandeville
http://www.meetup.com/cities/gb/e4/ongar/;Ongar;ongar
http://www.meetup.com/cities/gb/e4/orsett/;Orsett;orsett
http://www.meetup.com/cities/gb/e4/osea_island/;Osea Island;osea_island
http://www.meetup.com/cities/gb/e4/ovington/;Ovington;ovington
http://www.meetup.com/cities/gb/e4/paglesham/;Paglesham;paglesham
http://www.meetup.com/cities/gb/e4/panfield/;Panfield;panfield
http://www.meetup.com/cities/gb/e4/parkeston/;Parkeston;parkeston
http://www.meetup.com/cities/gb/e4/pattiswick/;Pattiswick;pattiswick
http://www.meetup.com/cities/gb/e4/pebmarsh/;Pebmarsh;pebmarsh
http://www.meetup.com/cities/gb/e4/peldon/;Peldon;peldon
http://www.meetup.com/cities/gb/e4/pentlow/;Pentlow;pentlow
http://www.meetup.com/cities/gb/e4/pilgrims_hatch/;Pilgrims Hatch;pilgrims_hatch
http://www.meetup.com/cities/gb/e4/pitsea/;Pitsea;pitsea
http://www.meetup.com/cities/gb/e4/plaistow_green/;Plaistow Green;plaistow_green
http://www.meetup.com/cities/gb/e4/pleshey/;Pleshey;pleshey
http://www.meetup.com/cities/gb/e4/point_clear_bay/;Point Clear Bay;point_clear_bay
http://www.meetup.com/cities/gb/e4/potton_island/;Potton Island;potton_island
http://www.meetup.com/cities/gb/e4/purdeys_industrial_estate/;Purdeys Industrial Estate;purdeys_industrial_estate
http://www.meetup.com/cities/gb/e4/purfleet/;Purfleet;purfleet
http://www.meetup.com/cities/gb/e4/purleigh/;Purleigh;purleigh
http://www.meetup.com/cities/gb/e4/quendon/;Quendon;quendon
http://www.meetup.com/cities/gb/e4/radley_green/;Radley Green;radley_green
http://www.meetup.com/cities/gb/e4/radwinter/;Radwinter;radwinter
http://www.meetup.com/cities/gb/e4/rainham/;Rainham;rainham
http://www.meetup.com/cities/gb/e4/ramsden_bellhouse/;Ramsden Bellhouse;ramsden_bellhouse
http://www.meetup.com/cities/gb/e4/ramsden_heath/;Ramsden Heath;ramsden_heath
http://www.meetup.com/cities/gb/e4/ramsey/;Ramsey;ramsey
http://www.meetup.com/cities/gb/e4/rawreth/;Rawreth;rawreth
http://www.meetup.com/cities/gb/e4/rayleigh/;Rayleigh;rayleigh
http://www.meetup.com/cities/gb/e4/rayne/;Rayne;rayne
http://www.meetup.com/cities/gb/e4/rettendon_common/;Rettendon Common;rettendon_common
http://www.meetup.com/cities/gb/e4/rickling/;Rickling;rickling
http://www.meetup.com/cities/gb/e4/rickling_green/;Rickling Green;rickling_green
http://www.meetup.com/cities/gb/e4/ridgewell/;Ridgewell;ridgewell
http://www.meetup.com/cities/gb/e4/rivenhall/;Rivenhall;rivenhall
http://www.meetup.com/cities/gb/e4/rochford/;Rochford;rochford
http://www.meetup.com/cities/gb/e4/romford/;Romford;romford
http://www.meetup.com/cities/gb/e4/rowhedge/;Rowhedge;rowhedge
http://www.meetup.com/cities/gb/e4/roxwell/;Roxwell;roxwell
http://www.meetup.com/cities/gb/e4/roydon_mill/;Roydon Mill;roydon_mill
http://www.meetup.com/cities/gb/e4/runwell/;Runwell;runwell
http://www.meetup.com/cities/gb/e4/rush_green/;Rush Green;rush_green
http://www.meetup.com/cities/gb/e4/saffron_walden/;Saffron Walden;saffron_walden
http://www.meetup.com/cities/gb/e4/salcott/;Salcott;salcott
http://www.meetup.com/cities/gb/e4/sandon/;Sandon;sandon
http://www.meetup.com/cities/gb/e4/severalls_industrial_park/;Severalls Industrial Park;severalls_industrial_park
http://www.meetup.com/cities/gb/e4/sewards_end/;Sewards End;sewards_end
http://www.meetup.com/cities/gb/e4/shalford/;Shalford;shalford
http://www.meetup.com/cities/gb/e4/shalford_green/;Shalford Green;shalford_green
http://www.meetup.com/cities/gb/e4/sheering/;Sheering;sheering
http://www.meetup.com/cities/gb/e4/shenfield/;Shenfield;shenfield
http://www.meetup.com/cities/gb/e4/shoeburyness/;Shoeburyness;shoeburyness
http://www.meetup.com/cities/gb/e4/sible_hedingham/;Sible Hedingham;sible_hedingham
http://www.meetup.com/cities/gb/e4/silver_end/;Silver End;silver_end
http://www.meetup.com/cities/gb/e4/southend_airport/;Southend Airport;southend_airport
http://www.meetup.com/cities/gb/e4/southend-on-sea/;Southend-on-Sea;southend-on-sea
http://www.meetup.com/cities/gb/e4/southfields_business_park/;Southfields Business Park;southfields_business_park
http://www.meetup.com/cities/gb/e4/south_hanningfield/;South Hanningfield;south_hanningfield
http://www.meetup.com/cities/gb/e4/southminster/;Southminster;southminster
http://www.meetup.com/cities/gb/e4/south_ockendon/;South Ockendon;south_ockendon
http://www.meetup.com/cities/gb/e4/south_stifford/;South Stifford;south_stifford
http://www.meetup.com/cities/gb/e4/south_weald/;South Weald;south_weald
http://www.meetup.com/cities/gb/e4/south_woodham_ferrers/;South Woodham Ferrers;south_woodham_ferrers
http://www.meetup.com/cities/gb/e4/springfield/;Springfield;springfield
http://www.meetup.com/cities/gb/e4/stambourne/;Stambourne;stambourne
http://www.meetup.com/cities/gb/e4/stambridge/;Stambridge;stambridge
http://www.meetup.com/cities/gb/e4/stanford-le-hope/;Stanford-le-Hope;stanford-le-hope
http://www.meetup.com/cities/gb/e4/stanford_rivers/;Stanford Rivers;stanford_rivers
http://www.meetup.com/cities/gb/e4/stansted/;Stansted;stansted
http://www.meetup.com/cities/gb/e4/stanway/;Stanway;stanway
http://www.meetup.com/cities/gb/e4/stapleford_abbotts/;Stapleford Abbotts;stapleford_abbotts
http://www.meetup.com/cities/gb/e4/stapleford_aerodrome/;Stapleford Aerodrome;stapleford_aerodrome
http://www.meetup.com/cities/gb/e4/stapleford_tawney/;Stapleford Tawney;stapleford_tawney
http://www.meetup.com/cities/gb/e4/stebbing/;Stebbing;stebbing
http://www.meetup.com/cities/gb/e4/steeple/;Steeple;steeple
http://www.meetup.com/cities/gb/e4/stisted/;Stisted;stisted
http://www.meetup.com/cities/gb/e4/st_lawrence/;St Lawrence;st_lawrence
http://www.meetup.com/cities/gb/e4/stock/;Stock;stock
http://www.meetup.com/cities/gb/e4/stondon_massey/;Stondon Massey;stondon_massey
http://www.meetup.com/cities/gb/e4/stones_green/;Stones Green;stones_green
http://www.meetup.com/cities/gb/e4/st_osyth/;St Osyth;st_osyth
http://www.meetup.com/cities/gb/e4/stow_maries/;Stow Maries;stow_maries
http://www.meetup.com/cities/gb/e4/strethall/;Strethall;strethall
http://www.meetup.com/cities/gb/e4/takeley/;Takeley;takeley
http://www.meetup.com/cities/gb/e4/temple_farm_industrial_estate/;Temple Farm Industrial Estate;temple_farm_industrial_estate
http://www.meetup.com/cities/gb/e4/tendring/;Tendring;tendring
http://www.meetup.com/cities/gb/e4/terling/;Terling;terling
http://www.meetup.com/cities/gb/e4/thaxted/;Thaxted;thaxted
http://www.meetup.com/cities/gb/e4/theydon_bois/;Theydon Bois;theydon_bois
http://www.meetup.com/cities/gb/e4/theydon_garnon/;Theydon Garnon;theydon_garnon
http://www.meetup.com/cities/gb/e4/theydon_mount/;Theydon Mount;theydon_mount
http://www.meetup.com/cities/gb/e4/thornwood/;Thornwood;thornwood
http://www.meetup.com/cities/gb/e4/thorpe-le-soken/;Thorpe-le-Soken;thorpe-le-soken
http://www.meetup.com/cities/gb/e4/thorrington/;Thorrington;thorrington
http://www.meetup.com/cities/gb/e4/threshers_bush/;Threshers Bush;threshers_bush
http://www.meetup.com/cities/gb/e4/tilbury/;Tilbury;tilbury
http://www.meetup.com/cities/gb/e4/tilbury_juxta_clare/;Tilbury Juxta Clare;tilbury_juxta_clare
http://www.meetup.com/cities/gb/e4/tillingham/;Tillingham;tillingham
http://www.meetup.com/cities/gb/e4/tilty/;Tilty;tilty
http://www.meetup.com/cities/gb/e4/tiptree/;Tiptree;tiptree
http://www.meetup.com/cities/gb/e4/tollesbury/;Tollesbury;tollesbury
http://www.meetup.com/cities/gb/e4/tolleshunt_d%27arcy/;Tolleshunt D'arcy;tolleshunt_d%27arcy
http://www.meetup.com/cities/gb/e4/tolleshunt_knights/;Tolleshunt Knights;tolleshunt_knights
http://www.meetup.com/cities/gb/e4/tolleshunt_major/;Tolleshunt Major;tolleshunt_major
http://www.meetup.com/cities/gb/e4/toot_hill/;Toot Hill;toot_hill
http://www.meetup.com/cities/gb/e4/toppesfield/;Toppesfield;toppesfield
http://www.meetup.com/cities/gb/e4/tumblers_green/;Tumblers Green;tumblers_green
http://www.meetup.com/cities/gb/e4/twinstead/;Twinstead;twinstead
http://www.meetup.com/cities/gb/e4/tye_green/;Tye Green;tye_green
http://www.meetup.com/cities/gb/e4/ugley/;Ugley;ugley
http://www.meetup.com/cities/gb/e4/ugley_green/;Ugley Green;ugley_green
http://www.meetup.com/cities/gb/e4/ulting/;Ulting;ulting
http://www.meetup.com/cities/gb/e4/upminster/;Upminster;upminster
http://www.meetup.com/cities/gb/e4/vange/;Vange;vange
http://www.meetup.com/cities/gb/e4/virley/;Virley;virley
http://www.meetup.com/cities/gb/e4/wakes_colne/;Wakes Colne;wakes_colne
http://www.meetup.com/cities/gb/e4/wallasea_island/;Wallasea Island;wallasea_island
http://www.meetup.com/cities/gb/e4/walton_on_the_naze/;Walton On The Naze;walton_on_the_naze
http://www.meetup.com/cities/gb/e4/warley/;Warley;warley
http://www.meetup.com/cities/gb/e4/waterglade_industrial_park/;Waterglade Industrial Park;waterglade_industrial_park
http://www.meetup.com/cities/gb/e4/weeley/;Weeley;weeley
http://www.meetup.com/cities/gb/e4/weeley_heath/;Weeley Heath;weeley_heath
http://www.meetup.com/cities/gb/e4/wenden_lofts/;Wenden Lofts;wenden_lofts
http://www.meetup.com/cities/gb/e4/wendens_ambo/;Wendens Ambo;wendens_ambo
http://www.meetup.com/cities/gb/e4/wennington/;Wennington;wennington
http://www.meetup.com/cities/gb/e4/west_bergholt/;West Bergholt;west_bergholt
http://www.meetup.com/cities/gb/e4/westcliff-on-sea/;Westcliff-on-Sea;westcliff-on-sea
http://www.meetup.com/cities/gb/e4/west_hanningfield/;West Hanningfield;west_hanningfield
http://www.meetup.com/cities/gb/e4/west_horndon/;West Horndon;west_horndon
http://www.meetup.com/cities/gb/e4/west_mersea/;West Mersea;west_mersea
http://www.meetup.com/cities/gb/e4/west_thurrock/;West Thurrock;west_thurrock
http://www.meetup.com/cities/gb/e4/west_tilbury/;West Tilbury;west_tilbury
http://www.meetup.com/cities/gb/e4/wethersfield/;Wethersfield;wethersfield
http://www.meetup.com/cities/gb/e4/white_colne/;White Colne;white_colne
http://www.meetup.com/cities/gb/e4/white_notley/;White Notley;white_notley
http://www.meetup.com/cities/gb/e4/white_roding/;White Roding;white_roding
http://www.meetup.com/cities/gb/e4/wicken_bonhunt/;Wicken Bonhunt;wicken_bonhunt
http://www.meetup.com/cities/gb/e4/wickford/;Wickford;wickford
http://www.meetup.com/cities/gb/e4/wickham_bishops/;Wickham Bishops;wickham_bishops
http://www.meetup.com/cities/gb/e4/wickham_st_paul/;Wickham St Paul;wickham_st_paul
http://www.meetup.com/cities/gb/e4/widdington/;Widdington;widdington
http://www.meetup.com/cities/gb/e4/widford/;Widford;widford
http://www.meetup.com/cities/gb/e4/willingale/;Willingale;willingale
http://www.meetup.com/cities/gb/e4/willows_green/;Willows Green;willows_green
http://www.meetup.com/cities/gb/e4/wimbish/;Wimbish;wimbish
http://www.meetup.com/cities/gb/e4/witham/;Witham;witham
http://www.meetup.com/cities/gb/e4/wivenhoe/;Wivenhoe;wivenhoe
http://www.meetup.com/cities/gb/e4/wix/;Wix;wix
http://www.meetup.com/cities/gb/e4/woodford_green/;Woodford Green;woodford_green
http://www.meetup.com/cities/gb/e4/woodham_ferrers/;Woodham Ferrers;woodham_ferrers
http://www.meetup.com/cities/gb/e4/woodham_mortimer/;Woodham Mortimer;woodham_mortimer
http://www.meetup.com/cities/gb/e4/woodham_walter/;Woodham Walter;woodham_walter
http://www.meetup.com/cities/gb/e4/wormingford/;Wormingford;wormingford
http://www.meetup.com/cities/gb/e4/wrabness/;Wrabness;wrabness
http://www.meetup.com/cities/gb/e4/writtle/;Writtle;writtle
http://www.meetup.com/cities/gb/e4/wyatts_green/;Wyatts Green;wyatts_green
http://www.meetup.com/cities/gb/e4/abberton/;Abberton;abberton
http://www.meetup.com/cities/gb/e4/abbess_roding/;Abbess Roding;abbess_roding
http://www.meetup.com/cities/gb/e4/abridge/;Abridge;abridge
http://www.meetup.com/cities/gb/e4/aldham/;Aldham;aldham
http://www.meetup.com/cities/gb/e4/alphamstone/;Alphamstone;alphamstone
http://www.meetup.com/cities/gb/e4/alresford/;Alresford;alresford
http://www.meetup.com/cities/gb/e4/althorne/;Althorne;althorne
http://www.meetup.com/cities/gb/e4/ardleigh/;Ardleigh;ardleigh
http://www.meetup.com/cities/gb/e4/arkesden/;Arkesden;arkesden
http://www.meetup.com/cities/gb/e4/ashdon/;Ashdon;ashdon
http://www.meetup.com/cities/gb/e4/asheldham/;Asheldham;asheldham
http://www.meetup.com/cities/gb/e4/audley_end/;Audley End;audley_end
http://www.meetup.com/cities/gb/e4/aveley/;Aveley;aveley
http://www.meetup.com/cities/gb/e4/aythorpe_roding/;Aythorpe Roding;aythorpe_roding
http://www.meetup.com/cities/gb/e4/badgers_dene/;Badgers Dene;badgers_dene
http://www.meetup.com/cities/gb/e4/bardfield_saling/;Bardfield Saling;bardfield_saling
http://www.meetup.com/cities/gb/e4/barking/;Barking;barking
http://www.meetup.com/cities/gb/e4/barkingside/;Barkingside;barkingside
http://www.meetup.com/cities/gb/e4/barling_magna/;Barling Magna;barling_magna
http://www.meetup.com/cities/gb/e4/barnston/;Barnston;barnston
http://www.meetup.com/cities/gb/e4/basildon/;Basildon;basildon
http://www.meetup.com/cities/gb/e4/battlesbridge/;Battlesbridge;battlesbridge
http://www.meetup.com/cities/gb/e4/baythorne_end/;Baythorne End;baythorne_end
http://www.meetup.com/cities/gb/e4/beauchamp_roding/;Beauchamp Roding;beauchamp_roding
http://www.meetup.com/cities/gb/e4/beaumont/;Beaumont;beaumont
http://www.meetup.com/cities/gb/e4/beazley_end/;Beazley End;beazley_end
http://www.meetup.com/cities/gb/e4/beeleigh/;Beeleigh;beeleigh
http://www.meetup.com/cities/gb/e4/belchamp_otten/;Belchamp Otten;belchamp_otten
http://www.meetup.com/cities/gb/e4/belchamp_st_paul/;Belchamp St Paul;belchamp_st_paul
http://www.meetup.com/cities/gb/e4/belchamp_walter/;Belchamp Walter;belchamp_walter
http://www.meetup.com/cities/gb/e4/benfleet/;Benfleet;benfleet
http://www.meetup.com/cities/gb/e4/berden/;Berden;berden
http://www.meetup.com/cities/gb/e4/berners_roding/;Berners Roding;berners_roding
http://www.meetup.com/cities/gb/e4/bicknacre/;Bicknacre;bicknacre
http://www.meetup.com/cities/gb/e4/billericay/;Billericay;billericay
http://www.meetup.com/cities/gb/e4/birch/;Birch;birch
http://www.meetup.com/cities/gb/e4/birdbrook/;Birdbrook;birdbrook
http://www.meetup.com/cities/gb/e4/blackheath/;Blackheath;blackheath
http://www.meetup.com/cities/gb/e4/blackmore/;Blackmore;blackmore
http://www.meetup.com/cities/gb/e4/blackmore_end/;Blackmore End;blackmore_end
http://www.meetup.com/cities/gb/e4/black_notley/;Black Notley;black_notley
http://www.meetup.com/cities/gb/e4/bocking/;Bocking;bocking
http://www.meetup.com/cities/gb/e4/boreham/;Boreham;boreham
http://www.meetup.com/cities/gb/e4/borley/;Borley;borley
http://www.meetup.com/cities/gb/e4/bowers_gifford/;Bowers Gifford;bowers_gifford
http://www.meetup.com/cities/gb/e4/boxted/;Boxted;boxted
http://www.meetup.com/cities/gb/e4/bradfield/;Bradfield;bradfield
http://www.meetup.com/cities/gb/e4/bradwell/;Bradwell;bradwell
http://www.meetup.com/cities/gb/e4/bradwell-on-sea/;Bradwell-on-Sea;bradwell-on-sea
http://www.meetup.com/cities/gb/e4/braintree/;Braintree;braintree
http://www.meetup.com/cities/gb/e4/braiswick/;Braiswick;braiswick
http://www.meetup.com/cities/gb/e4/brentwood/;Brentwood;brentwood
http://www.meetup.com/cities/gb/e4/brightlingsea/;Brightlingsea;brightlingsea
http://www.meetup.com/cities/gb/e4/brook_road_industrial_estate/;Brook Road Industrial Estate;brook_road_industrial_estate
http://www.meetup.com/cities/gb/e4/broomfield/;Broomfield;broomfield
http://www.meetup.com/cities/gb/e4/broxted/;Broxted;broxted
http://www.meetup.com/cities/gb/e4/buckhurst_hill/;Buckhurst Hill;buckhurst_hill
http://www.meetup.com/cities/gb/e4/bulphan/;Bulphan;bulphan
http://www.meetup.com/cities/gb/e4/burnham-on-crouch/;Burnham-on-crouch;burnham-on-crouch
http://www.meetup.com/cities/gb/e4/burnt_mills_industrial_estate/;Burnt Mills Industrial Estate;burnt_mills_industrial_estate
http://www.meetup.com/cities/gb/e4/burton_end/;Burton End;burton_end
http://www.meetup.com/cities/gb/e4/burtons_green/;Burtons Green;burtons_green
http://www.meetup.com/cities/gb/e4/canewdon/;Canewdon;canewdon
http://www.meetup.com/cities/gb/e4/canvey_island/;Canvey Island;canvey_island
http://www.meetup.com/cities/gb/e4/castle_hedingham/;Castle Hedingham;castle_hedingham
http://www.meetup.com/cities/gb/e4/chadwell_heath/;Chadwell Heath;chadwell_heath
http://www.meetup.com/cities/gb/e4/chadwell_st_mary/;Chadwell St Mary;chadwell_st_mary
http://www.meetup.com/cities/gb/e4/chafford_hundred/;Chafford Hundred;chafford_hundred
http://www.meetup.com/cities/gb/e4/chappel/;Chappel;chappel
http://www.meetup.com/cities/gb/e4/charfleets_industrial_estate/;Charfleets Industrial Estate;charfleets_industrial_estate
http://www.meetup.com/cities/gb/e4/chelmsford/;Chelmsford;chelmsford
http://www.meetup.com/cities/gb/e4/chignal_smealey/;Chignal Smealey;chignal_smealey
http://www.meetup.com/cities/gb/e4/chignal_st_james/;Chignal St James;chignal_st_james
http://www.meetup.com/cities/gb/e4/chigwell/;Chigwell;chigwell
http://www.meetup.com/cities/gb/e4/church_langley/;Church Langley;church_langley
http://www.meetup.com/cities/gb/e4/clacton-on-sea/;Clacton-on-Sea;clacton-on-sea
http://www.meetup.com/cities/gb/e4/clavering/;Clavering;clavering
http://www.meetup.com/cities/gb/e4/cock_clarks/;Cock Clarks;cock_clarks
http://www.meetup.com/cities/gb/e4/coggeshall/;Coggeshall;coggeshall
http://www.meetup.com/cities/gb/e4/colchester/;Colchester;colchester
http://www.meetup.com/cities/gb/e4/colchester_business_park/;Colchester Business Park;colchester_business_park
http://www.meetup.com/cities/gb/e4/cold_norton/;Cold Norton;cold_norton
http://www.meetup.com/cities/gb/e4/collier_row/;Collier Row;collier_row
http://www.meetup.com/cities/gb/e4/colne_engaine/;Colne Engaine;colne_engaine
http://www.meetup.com/cities/gb/e4/cooksmill_green/;Cooksmill Green;cooksmill_green
http://www.meetup.com/cities/gb/e4/coopersale/;Coopersale;coopersale
http://www.meetup.com/cities/gb/e4/copford/;Copford;copford
http://www.meetup.com/cities/gb/e4/cornish_hall_end/;Cornish Hall End;cornish_hall_end
http://www.meetup.com/cities/gb/e4/corringham/;Corringham;corringham
http://www.meetup.com/cities/gb/e4/coryton/;Coryton;coryton
http://www.meetup.com/cities/gb/e4/crays_hill/;Crays Hill;crays_hill
http://www.meetup.com/cities/gb/e4/cressing/;Cressing;cressing
http://www.meetup.com/cities/gb/e4/crockleford_heath/;Crockleford Heath;crockleford_heath
http://www.meetup.com/cities/gb/e4/dagenham/;Dagenham;dagenham
http://www.meetup.com/cities/gb/e4/danbury/;Danbury;danbury
http://www.meetup.com/cities/gb/e4/debden/;Debden;debden
http://www.meetup.com/cities/gb/e4/debden_green/;Debden Green;debden_green
http://www.meetup.com/cities/gb/e4/dengie/;Dengie;dengie
http://www.meetup.com/cities/gb/e4/doddinghurst/;Doddinghurst;doddinghurst
http://www.meetup.com/cities/gb/e4/dovercourt/;Dovercourt;dovercourt
http://www.meetup.com/cities/gb/e4/downham/;Downham;downham
http://www.meetup.com/cities/gb/e4/duddenhoe_end/;Duddenhoe End;duddenhoe_end
http://www.meetup.com/cities/gb/e4/dunmow/;Dunmow;dunmow
http://www.meetup.com/cities/gb/e4/dunton/;Dunton;dunton
http://www.meetup.com/cities/gb/e4/duton_hill/;Duton Hill;duton_hill
http://www.meetup.com/cities/gb/e4/earls_colne/;Earls Colne;earls_colne
http://www.meetup.com/cities/gb/e4/east_hanningfield/;East Hanningfield;east_hanningfield
http://www.meetup.com/cities/gb/e4/easthorpe/;Easthorpe;easthorpe
http://www.meetup.com/cities/gb/e4/east_mersea/;East Mersea;east_mersea
http://www.meetup.com/cities/gb/e4/east_tilbury/;East Tilbury;east_tilbury
http://www.meetup.com/cities/gb/e4/eastwood/;Eastwood;eastwood
http://www.meetup.com/cities/gb/e4/edney_common/;Edney Common;edney_common
http://www.meetup.com/cities/gb/e4/eight_ash_green/;Eight Ash Green;eight_ash_green
http://www.meetup.com/cities/gb/e4/elmdon/;Elmdon;elmdon
http://www.meetup.com/cities/gb/e4/elm_park/;Elm Park;elm_park
http://www.meetup.com/cities/gb/e4/elmstead/;Elmstead;elmstead
http://www.meetup.com/cities/gb/e4/elsenham/;Elsenham;elsenham
http://www.meetup.com/cities/gb/e4/epping/;Epping;epping
http://www.meetup.com/cities/gb/e4/epping_green/;Epping Green;epping_green
http://www.meetup.com/cities/gb/e4/epping_upland/;Epping Upland;epping_upland
http://www.meetup.com/cities/gb/e4/fairstead/;Fairstead;fairstead
http://www.meetup.com/cities/gb/e4/farnham/;Farnham;farnham
http://www.meetup.com/cities/gb/e4/faulkbourne/;Faulkbourne;faulkbourne
http://www.meetup.com/cities/gb/e4/feering/;Feering;feering
http://www.meetup.com/cities/gb/e4/felsted/;Felsted;felsted
http://www.meetup.com/cities/gb/e4/fiddlers_hamlet/;Fiddlers Hamlet;fiddlers_hamlet
http://www.meetup.com/cities/gb/e4/finchingfield/;Finchingfield;finchingfield
http://www.meetup.com/cities/gb/e4/fingringhoe/;Fingringhoe;fingringhoe
http://www.meetup.com/cities/gb/e4/fobbing/;Fobbing;fobbing
http://www.meetup.com/cities/gb/e4/ford_end/;Ford End;ford_end
http://www.meetup.com/cities/gb/e4/fordham/;Fordham;fordham
http://www.meetup.com/cities/gb/e4/fordham_heath/;Fordham Heath;fordham_heath
http://www.meetup.com/cities/gb/e4/foulness_island/;Foulness Island;foulness_island
http://www.meetup.com/cities/gb/e4/foxearth/;Foxearth;foxearth
http://www.meetup.com/cities/gb/e4/frating/;Frating;frating
http://www.meetup.com/cities/gb/e4/frinton-on-sea/;Frinton-on-Sea;frinton-on-sea
http://www.meetup.com/cities/gb/e4/fryerning/;Fryerning;fryerning
http://www.meetup.com/cities/gb/e4/fyfield/;Fyfield;fyfield
http://www.meetup.com/cities/gb/e4/galleywood/;Galleywood;galleywood
http://www.meetup.com/cities/gb/e4/gestingthorpe/;Gestingthorpe;gestingthorpe
http://www.meetup.com/cities/gb/e4/gidea_park/;Gidea Park;gidea_park
http://www.meetup.com/cities/gb/e4/goldhanger/;Goldhanger;goldhanger
http://www.meetup.com/cities/gb/e4/good_easter/;Good Easter;good_easter
http://www.meetup.com/cities/gb/e4/gosfield/;Gosfield;gosfield
http://www.meetup.com/cities/gb/e4/grays/;Grays;grays
http://www.meetup.com/cities/gb/e4/great_baddow/;Great Baddow;great_baddow
http://www.meetup.com/cities/gb/e4/great_bardfield/;Great Bardfield;great_bardfield
http://www.meetup.com/cities/gb/e4/great_bentley/;Great Bentley;great_bentley
http://www.meetup.com/cities/gb/e4/great_braxted/;Great Braxted;great_braxted
http://www.meetup.com/cities/gb/e4/great_bromley/;Great Bromley;great_bromley
http://www.meetup.com/cities/gb/e4/great_canfield/;Great Canfield;great_canfield
http://www.meetup.com/cities/gb/e4/great_chesterford/;Great Chesterford;great_chesterford
http://www.meetup.com/cities/gb/e4/great_easton/;Great Easton;great_easton
http://www.meetup.com/cities/gb/e4/great_hallingbury/;Great Hallingbury;great_hallingbury
http://www.meetup.com/cities/gb/e4/great_henny/;Great Henny;great_henny
http://www.meetup.com/cities/gb/e4/great_holland/;Great Holland;great_holland
http://www.meetup.com/cities/gb/e4/great_leighs/;Great Leighs;great_leighs
http://www.meetup.com/cities/gb/e4/great_maplestead/;Great Maplestead;great_maplestead
http://www.meetup.com/cities/gb/e4/great_notley/;Great Notley;great_notley
http://www.meetup.com/cities/gb/e4/great_oakley/;Great Oakley;great_oakley
http://www.meetup.com/cities/gb/e4/great_saling/;Great Saling;great_saling
http://www.meetup.com/cities/gb/e4/great_sampford/;Great Sampford;great_sampford
http://www.meetup.com/cities/gb/e4/great_tey/;Great Tey;great_tey
http://www.meetup.com/cities/gb/e4/great_totham/;Great Totham;great_totham
http://www.meetup.com/cities/gb/e4/great_wakering/;Great Wakering;great_wakering
http://www.meetup.com/cities/gb/e4/great_waltham/;Great Waltham;great_waltham
http://www.meetup.com/cities/gb/e4/great_warley/;Great Warley;great_warley
http://www.meetup.com/cities/gb/e4/great_wigborough/;Great Wigborough;great_wigborough
http://www.meetup.com/cities/gb/e4/great_yeldham/;Great Yeldham;great_yeldham
http://www.meetup.com/cities/gb/e4/greenstead_estate/;Greenstead Estate;greenstead_estate
http://www.meetup.com/cities/gb/e4/greenstead_green/;Greenstead Green;greenstead_green
http://www.meetup.com/cities/gb/e4/greensted/;Greensted;greensted
http://www.meetup.com/cities/gb/e4/hadleigh/;Hadleigh;hadleigh
http://www.meetup.com/cities/gb/e4/hadstock/;Hadstock;hadstock
http://www.meetup.com/cities/gb/e4/halstead/;Halstead;halstead
http://www.meetup.com/cities/gb/e4/harlow/;Harlow;harlow
http://www.meetup.com/cities/gb/e4/harold_hill/;Harold Hill;harold_hill
http://www.meetup.com/cities/gb/e4/harold_wood/;Harold Wood;harold_wood
http://www.meetup.com/cities/gb/e4/hartford_end/;Hartford End;hartford_end
http://www.meetup.com/cities/gb/e4/harwich/;Harwich;harwich
http://www.meetup.com/cities/gb/e4/hastingwood/;Hastingwood;hastingwood
http://www.meetup.com/cities/gb/e4/hatfield_broad_oak/;Hatfield Broad Oak;hatfield_broad_oak
http://www.meetup.com/cities/gb/e4/hatfield_heath/;Hatfield Heath;hatfield_heath
http://www.meetup.com/cities/gb/e4/hatfield_peverel/;Hatfield Peverel;hatfield_peverel
http://www.meetup.com/cities/gb/e4/havering-atte-bower/;Havering-Atte-Bower;havering-atte-bower
http://www.meetup.com/cities/gb/e4/hawkwell/;Hawkwell;hawkwell
http://www.meetup.com/cities/gb/e4/hazeleigh/;Hazeleigh;hazeleigh
http://www.meetup.com/cities/gb/e4/heath_park/;Heath Park;heath_park
http://www.meetup.com/cities/gb/e4/heckfordbridge/;Heckfordbridge;heckfordbridge
http://www.meetup.com/cities/gb/e4/helions_bumpstead/;Helions Bumpstead;helions_bumpstead
http://www.meetup.com/cities/gb/e4/hempstead/;Hempstead;hempstead
http://www.meetup.com/cities/gb/e4/henham/;Henham;henham
http://www.meetup.com/cities/gb/e4/herongate/;Herongate;herongate
http://www.meetup.com/cities/gb/e4/heybridge/;Heybridge;heybridge
http://www.meetup.com/cities/gb/e4/heybridge_basin/;Heybridge Basin;heybridge_basin
http://www.meetup.com/cities/gb/e4/high_beech/;High Beech;high_beech
http://www.meetup.com/cities/gb/e4/high_easter/;High Easter;high_easter
http://www.meetup.com/cities/gb/e4/high_laver/;High Laver;high_laver
http://www.meetup.com/cities/gb/e4/high_ongar/;High Ongar;high_ongar
http://www.meetup.com/cities/gb/e4/high_roding/;High Roding;high_roding
http://www.meetup.com/cities/gb/e4/highwood/;Highwood;highwood
http://www.meetup.com/cities/gb/e4/highwoods/;Highwoods;highwoods
http://www.meetup.com/cities/gb/e4/hinxton/;Hinxton;hinxton
http://www.meetup.com/cities/gb/e4/hockley/;Hockley;hockley
http://www.meetup.com/cities/gb/e4/holland-on-sea/;Holland-on-Sea;holland-on-sea
http://www.meetup.com/cities/gb/e4/hook_end/;Hook End;hook_end
http://www.meetup.com/cities/gb/e4/hornchurch/;Hornchurch;hornchurch
http://www.meetup.com/cities/gb/e4/horndon-on-the-hill/;Horndon-on-the-Hill;horndon-on-the-hill
http://www.meetup.com/cities/gb/e4/horsley_cross/;Horsley Cross;horsley_cross
http://www.meetup.com/cities/gb/e4/howe_green/;Howe Green;howe_green
http://www.meetup.com/cities/gb/e4/howe_street/;Howe Street;howe_street
http://www.meetup.com/cities/gb/e4/hullbridge/;Hullbridge;hullbridge
http://www.meetup.com/cities/gb/e4/hutton/;Hutton;hutton
http://www.meetup.com/cities/gb/e4/ilford/;Ilford;ilford
http://www.meetup.com/cities/gb/e4/ingatestone/;Ingatestone;ingatestone
http://www.meetup.com/cities/gb/e4/ingrave/;Ingrave;ingrave
http://www.meetup.com/cities/gb/e4/inworth/;Inworth;inworth
http://www.meetup.com/cities/gb/e4/jaywick/;Jaywick;jaywick
http://www.meetup.com/cities/gb/e4/kelvedon/;Kelvedon;kelvedon
http://www.meetup.com/cities/gb/e4/kelvedon_common/;Kelvedon Common;kelvedon_common
http://www.meetup.com/cities/gb/e4/kelvedon_hatch/;Kelvedon Hatch;kelvedon_hatch
http://www.meetup.com/cities/gb/e4/kingsford/;Kingsford;kingsford
http://www.meetup.com/cities/gb/e4/kirby_cross/;Kirby Cross;kirby_cross
http://www.meetup.com/cities/gb/e4/kirby-le-soken/;Kirby-le-Soken;kirby-le-soken
http://www.meetup.com/cities/gb/e4/laindon/;Laindon;laindon
http://www.meetup.com/cities/gb/e4/lamarsh/;Lamarsh;lamarsh
http://www.meetup.com/cities/gb/e4/lambourne_end/;Lambourne End;lambourne_end
http://www.meetup.com/cities/gb/e4/langdon_hills/;Langdon Hills;langdon_hills
http://www.meetup.com/cities/gb/e4/langenhoe/;Langenhoe;langenhoe
http://www.meetup.com/cities/gb/e4/langford/;Langford;langford
http://www.meetup.com/cities/gb/e4/langham/;Langham;langham
http://www.meetup.com/cities/gb/e4/langley_lower_green/;Langley Lower Green;langley_lower_green
http://www.meetup.com/cities/gb/e4/langley_upper_green/;Langley Upper Green;langley_upper_green
http://www.meetup.com/cities/gb/e4/latchingdon/;Latchingdon;latchingdon
http://www.meetup.com/cities/gb/e4/lawford/;Lawford;lawford
http://www.meetup.com/cities/gb/e4/layer_breton/;Layer Breton;layer_breton
http://www.meetup.com/cities/gb/e4/layer-de-la-haye/;Layer-de-la-Haye;layer-de-la-haye
http://www.meetup.com/cities/gb/e4/layer_marney/;Layer Marney;layer_marney
http://www.meetup.com/cities/gb/e4/leaden_roding/;Leaden Roding;leaden_roding
http://www.meetup.com/cities/gb/e4/lee-over-sands/;Lee-over-Sands;lee-over-sands
http://www.meetup.com/cities/gb/e4/leigh-on-sea/;Leigh-on-Sea;leigh-on-sea
http://www.meetup.com/cities/gb/e4/lexden_heath/;Lexden Heath;lexden_heath
http://www.meetup.com/cities/gb/e4/lindsell/;Lindsell;lindsell
http://www.meetup.com/cities/gb/e4/linford/;Linford;linford
http://www.meetup.com/cities/gb/e4/liston/;Liston;liston
http://www.meetup.com/cities/gb/e4/little_baddow/;Little Baddow;little_baddow
http://www.meetup.com/cities/gb/e4/little_bardfield/;Little Bardfield;little_bardfield
http://www.meetup.com/cities/gb/e4/little_bentley/;Little Bentley;little_bentley
http://www.meetup.com/cities/gb/e4/little_braxted/;Little Braxted;little_braxted
http://www.meetup.com/cities/gb/e4/little_bromley/;Little Bromley;little_bromley
http://www.meetup.com/cities/gb/e4/little_burstead/;Little Burstead;little_burstead
http://www.meetup.com/cities/gb/e4/littlebury/;Littlebury;littlebury
http://www.meetup.com/cities/gb/e4/littlebury_green/;Littlebury Green;littlebury_green
http://www.meetup.com/cities/gb/e4/little_canfield/;Little Canfield;little_canfield
http://www.meetup.com/cities/gb/e4/little_chesterford/;Little Chesterford;little_chesterford
http://www.meetup.com/cities/gb/e4/little_chishill/;Little Chishill;little_chishill
http://www.meetup.com/cities/gb/e4/little_clacton/;Little Clacton;little_clacton
http://www.meetup.com/cities/gb/e4/little_dunmow/;Little Dunmow;little_dunmow
http://www.meetup.com/cities/gb/e4/little_easton/;Little Easton;little_easton
http://www.meetup.com/cities/gb/e4/little_hallingbury/;Little Hallingbury;little_hallingbury
http://www.meetup.com/cities/gb/e4/little_heath/;Little Heath;little_heath
http://www.meetup.com/cities/gb/e4/little_henham/;Little Henham;little_henham
http://www.meetup.com/cities/gb/e4/little_henny/;Little Henny;little_henny
http://www.meetup.com/cities/gb/e4/little_horkesley/;Little Horkesley;little_horkesley
http://www.meetup.com/cities/gb/e4/little_laver/;Little Laver;little_laver
http://www.meetup.com/cities/gb/e4/little_leighs/;Little Leighs;little_leighs
http://www.meetup.com/cities/gb/e4/little_maplestead/;Little Maplestead;little_maplestead
http://www.meetup.com/cities/gb/e4/little_oakley/;Little Oakley;little_oakley
http://www.meetup.com/cities/gb/e4/little_sampford/;Little Sampford;little_sampford
http://www.meetup.com/cities/gb/e4/little_tey/;Little Tey;little_tey
http://www.meetup.com/cities/gb/e4/little_totham/;Little Totham;little_totham
http://www.meetup.com/cities/gb/e4/little_wakering/;Little Wakering;little_wakering
http://www.meetup.com/cities/gb/e4/little_walden/;Little Walden;little_walden
http://www.meetup.com/cities/gb/e4/little_waltham/;Little Waltham;little_waltham
http://www.meetup.com/cities/gb/e4/little_warley/;Little Warley;little_warley
http://www.meetup.com/cities/gb/e4/little_wigborough/;Little Wigborough;little_wigborough
http://www.meetup.com/cities/gb/e4/little_yeldham/;Little Yeldham;little_yeldham
http://www.meetup.com/cities/gb/e4/littley_green/;Littley Green;littley_green
http://www.meetup.com/cities/gb/e4/london_stansted_airport/;London Stansted Airport;london_stansted_airport
http://www.meetup.com/cities/gb/e4/loughton/;Loughton;loughton
http://www.meetup.com/cities/gb/e4/magdalen_laver/;Magdalen Laver;magdalen_laver
http://www.meetup.com/cities/gb/e4/maldon/;Maldon;maldon
http://www.meetup.com/cities/gb/e4/manuden/;Manuden;manuden
http://www.meetup.com/cities/gb/e4/margaret_roding/;Margaret Roding;margaret_roding
http://www.meetup.com/cities/gb/e4/margaretting/;Margaretting;margaretting
http://www.meetup.com/cities/gb/e4/marks_tey/;Marks Tey;marks_tey
http://www.meetup.com/cities/gb/e4/mashbury/;Mashbury;mashbury
http://www.meetup.com/cities/gb/e4/matching/;Matching;matching
http://www.meetup.com/cities/gb/e4/matching_green/;Matching Green;matching_green
http://www.meetup.com/cities/gb/e4/matching_tye/;Matching Tye;matching_tye
http://www.meetup.com/cities/gb/e4/mawneys/;Mawneys;mawneys
http://www.meetup.com/cities/gb/e4/mayland/;Mayland;mayland
http://www.meetup.com/cities/gb/e4/messing/;Messing;messing
http://www.meetup.com/cities/gb/e4/middleton/;Middleton;middleton
http://www.meetup.com/cities/gb/e4/mile_end/;Mile End;mile_end
http://www.meetup.com/cities/gb/e4/mill_green/;Mill Green;mill_green
http://www.meetup.com/cities/gb/e4/mistley/;Mistley;mistley
http://www.meetup.com/cities/gb/e4/moreton/;Moreton;moreton
http://www.meetup.com/cities/gb/e4/mount_bures/;Mount Bures;mount_bures
http://www.meetup.com/cities/gb/e4/mountnessing/;Mountnessing;mountnessing
http://www.meetup.com/cities/gb/e4/mundon/;Mundon;mundon
http://www.meetup.com/cities/gb/e4/navestock/;Navestock;navestock
http://www.meetup.com/cities/gb/e4/navestockside/;Navestockside;navestockside
http://www.meetup.com/cities/gb/e4/nazeing/;Nazeing;nazeing
http://www.meetup.com/cities/gb/e4/new_england/;New England;new_england
http://www.meetup.com/cities/gb/e4/newney_green/;Newney Green;newney_green
http://www.meetup.com/cities/gb/e4/newport/;Newport;newport
http://www.meetup.com/cities/gb/e4/nine_ashes/;Nine Ashes;nine_ashes
http://www.meetup.com/cities/gb/e4/noak_hill/;Noak Hill;noak_hill
http://www.meetup.com/cities/gb/e4/north_benfleet/;North Benfleet;north_benfleet
http://www.meetup.com/cities/gb/e4/north_end/;North End;north_end
http://www.meetup.com/cities/gb/e4/north_fambridge/;North Fambridge;north_fambridge
http://www.meetup.com/cities/gb/e4/north_ockendon/;North Ockendon;north_ockendon
http://www.meetup.com/cities/gb/e4/north_stifford/;North Stifford;north_stifford
http://www.meetup.com/cities/gb/e4/north_weald/;North Weald;north_weald
http://www.meetup.com/cities/gb/e4/norton_heath/;Norton Heath;norton_heath
http://www.meetup.com/cities/gb/e4/norton_mandeville/;Norton Mandeville;norton_mandeville
http://www.meetup.com/cities/gb/e4/ongar/;Ongar;ongar
http://www.meetup.com/cities/gb/e4/orsett/;Orsett;orsett
http://www.meetup.com/cities/gb/e4/osea_island/;Osea Island;osea_island
http://www.meetup.com/cities/gb/e4/ovington/;Ovington;ovington
http://www.meetup.com/cities/gb/e4/paglesham/;Paglesham;paglesham
http://www.meetup.com/cities/gb/e4/panfield/;Panfield;panfield
http://www.meetup.com/cities/gb/e4/parkeston/;Parkeston;parkeston
http://www.meetup.com/cities/gb/e4/pattiswick/;Pattiswick;pattiswick
http://www.meetup.com/cities/gb/e4/pebmarsh/;Pebmarsh;pebmarsh
http://www.meetup.com/cities/gb/e4/peldon/;Peldon;peldon
http://www.meetup.com/cities/gb/e4/pentlow/;Pentlow;pentlow
http://www.meetup.com/cities/gb/e4/pilgrims_hatch/;Pilgrims Hatch;pilgrims_hatch
http://www.meetup.com/cities/gb/e4/pitsea/;Pitsea;pitsea
http://www.meetup.com/cities/gb/e4/plaistow_green/;Plaistow Green;plaistow_green
http://www.meetup.com/cities/gb/e4/pleshey/;Pleshey;pleshey
http://www.meetup.com/cities/gb/e4/point_clear_bay/;Point Clear Bay;point_clear_bay
http://www.meetup.com/cities/gb/e4/potton_island/;Potton Island;potton_island
http://www.meetup.com/cities/gb/e4/purdeys_industrial_estate/;Purdeys Industrial Estate;purdeys_industrial_estate
http://www.meetup.com/cities/gb/e4/purfleet/;Purfleet;purfleet
http://www.meetup.com/cities/gb/e4/purleigh/;Purleigh;purleigh
http://www.meetup.com/cities/gb/e4/quendon/;Quendon;quendon
http://www.meetup.com/cities/gb/e4/radley_green/;Radley Green;radley_green
http://www.meetup.com/cities/gb/e4/radwinter/;Radwinter;radwinter
http://www.meetup.com/cities/gb/e4/rainham/;Rainham;rainham
http://www.meetup.com/cities/gb/e4/ramsden_bellhouse/;Ramsden Bellhouse;ramsden_bellhouse
http://www.meetup.com/cities/gb/e4/ramsden_heath/;Ramsden Heath;ramsden_heath
http://www.meetup.com/cities/gb/e4/ramsey/;Ramsey;ramsey
http://www.meetup.com/cities/gb/e4/rawreth/;Rawreth;rawreth
http://www.meetup.com/cities/gb/e4/rayleigh/;Rayleigh;rayleigh
http://www.meetup.com/cities/gb/e4/rayne/;Rayne;rayne
http://www.meetup.com/cities/gb/e4/rettendon_common/;Rettendon Common;rettendon_common
http://www.meetup.com/cities/gb/e4/rickling/;Rickling;rickling
http://www.meetup.com/cities/gb/e4/rickling_green/;Rickling Green;rickling_green
http://www.meetup.com/cities/gb/e4/ridgewell/;Ridgewell;ridgewell
http://www.meetup.com/cities/gb/e4/rivenhall/;Rivenhall;rivenhall
http://www.meetup.com/cities/gb/e4/rochford/;Rochford;rochford
http://www.meetup.com/cities/gb/e4/romford/;Romford;romford
http://www.meetup.com/cities/gb/e4/rowhedge/;Rowhedge;rowhedge
http://www.meetup.com/cities/gb/e4/roxwell/;Roxwell;roxwell
http://www.meetup.com/cities/gb/e4/roydon_mill/;Roydon Mill;roydon_mill
http://www.meetup.com/cities/gb/e4/runwell/;Runwell;runwell
http://www.meetup.com/cities/gb/e4/rush_green/;Rush Green;rush_green
http://www.meetup.com/cities/gb/e4/saffron_walden/;Saffron Walden;saffron_walden
http://www.meetup.com/cities/gb/e4/salcott/;Salcott;salcott
http://www.meetup.com/cities/gb/e4/sandon/;Sandon;sandon
http://www.meetup.com/cities/gb/e4/severalls_industrial_park/;Severalls Industrial Park;severalls_industrial_park
http://www.meetup.com/cities/gb/e4/sewards_end/;Sewards End;sewards_end
http://www.meetup.com/cities/gb/e4/shalford/;Shalford;shalford
http://www.meetup.com/cities/gb/e4/shalford_green/;Shalford Green;shalford_green
http://www.meetup.com/cities/gb/e4/sheering/;Sheering;sheering
http://www.meetup.com/cities/gb/e4/shenfield/;Shenfield;shenfield
http://www.meetup.com/cities/gb/e4/shoeburyness/;Shoeburyness;shoeburyness
http://www.meetup.com/cities/gb/e4/sible_hedingham/;Sible Hedingham;sible_hedingham
http://www.meetup.com/cities/gb/e4/silver_end/;Silver End;silver_end
http://www.meetup.com/cities/gb/e4/southend_airport/;Southend Airport;southend_airport
http://www.meetup.com/cities/gb/e4/southend-on-sea/;Southend-on-Sea;southend-on-sea
http://www.meetup.com/cities/gb/e4/southfields_business_park/;Southfields Business Park;southfields_business_park
http://www.meetup.com/cities/gb/e4/south_hanningfield/;South Hanningfield;south_hanningfield
http://www.meetup.com/cities/gb/e4/southminster/;Southminster;southminster
http://www.meetup.com/cities/gb/e4/south_ockendon/;South Ockendon;south_ockendon
http://www.meetup.com/cities/gb/e4/south_stifford/;South Stifford;south_stifford
http://www.meetup.com/cities/gb/e4/south_weald/;South Weald;south_weald
http://www.meetup.com/cities/gb/e4/south_woodham_ferrers/;South Woodham Ferrers;south_woodham_ferrers
http://www.meetup.com/cities/gb/e4/springfield/;Springfield;springfield
http://www.meetup.com/cities/gb/e4/stambourne/;Stambourne;stambourne
http://www.meetup.com/cities/gb/e4/stambridge/;Stambridge;stambridge
http://www.meetup.com/cities/gb/e4/stanford-le-hope/;Stanford-le-Hope;stanford-le-hope
http://www.meetup.com/cities/gb/e4/stanford_rivers/;Stanford Rivers;stanford_rivers
http://www.meetup.com/cities/gb/e4/stansted/;Stansted;stansted
http://www.meetup.com/cities/gb/e4/stanway/;Stanway;stanway
http://www.meetup.com/cities/gb/e4/stapleford_abbotts/;Stapleford Abbotts;stapleford_abbotts
http://www.meetup.com/cities/gb/e4/stapleford_aerodrome/;Stapleford Aerodrome;stapleford_aerodrome
http://www.meetup.com/cities/gb/e4/stapleford_tawney/;Stapleford Tawney;stapleford_tawney
http://www.meetup.com/cities/gb/e4/stebbing/;Stebbing;stebbing
http://www.meetup.com/cities/gb/e4/steeple/;Steeple;steeple
http://www.meetup.com/cities/gb/e4/stisted/;Stisted;stisted
http://www.meetup.com/cities/gb/e4/st_lawrence/;St Lawrence;st_lawrence
http://www.meetup.com/cities/gb/e4/stock/;Stock;stock
http://www.meetup.com/cities/gb/e4/stondon_massey/;Stondon Massey;stondon_massey
http://www.meetup.com/cities/gb/e4/stones_green/;Stones Green;stones_green
http://www.meetup.com/cities/gb/e4/st_osyth/;St Osyth;st_osyth
http://www.meetup.com/cities/gb/e4/stow_maries/;Stow Maries;stow_maries
http://www.meetup.com/cities/gb/e4/strethall/;Strethall;strethall
http://www.meetup.com/cities/gb/e4/takeley/;Takeley;takeley
http://www.meetup.com/cities/gb/e4/temple_farm_industrial_estate/;Temple Farm Industrial Estate;temple_farm_industrial_estate
http://www.meetup.com/cities/gb/e4/tendring/;Tendring;tendring
http://www.meetup.com/cities/gb/e4/terling/;Terling;terling
http://www.meetup.com/cities/gb/e4/thaxted/;Thaxted;thaxted
http://www.meetup.com/cities/gb/e4/theydon_bois/;Theydon Bois;theydon_bois
http://www.meetup.com/cities/gb/e4/theydon_garnon/;Theydon Garnon;theydon_garnon
http://www.meetup.com/cities/gb/e4/theydon_mount/;Theydon Mount;theydon_mount
http://www.meetup.com/cities/gb/e4/thornwood/;Thornwood;thornwood
http://www.meetup.com/cities/gb/e4/thorpe-le-soken/;Thorpe-le-Soken;thorpe-le-soken
http://www.meetup.com/cities/gb/e4/thorrington/;Thorrington;thorrington
http://www.meetup.com/cities/gb/e4/threshers_bush/;Threshers Bush;threshers_bush
http://www.meetup.com/cities/gb/e4/tilbury/;Tilbury;tilbury
http://www.meetup.com/cities/gb/e4/tilbury_juxta_clare/;Tilbury Juxta Clare;tilbury_juxta_clare
http://www.meetup.com/cities/gb/e4/tillingham/;Tillingham;tillingham
http://www.meetup.com/cities/gb/e4/tilty/;Tilty;tilty
http://www.meetup.com/cities/gb/e4/tiptree/;Tiptree;tiptree
http://www.meetup.com/cities/gb/e4/tollesbury/;Tollesbury;tollesbury
http://www.meetup.com/cities/gb/e4/tolleshunt_d%27arcy/;Tolleshunt D'arcy;tolleshunt_d%27arcy
http://www.meetup.com/cities/gb/e4/tolleshunt_knights/;Tolleshunt Knights;tolleshunt_knights
http://www.meetup.com/cities/gb/e4/tolleshunt_major/;Tolleshunt Major;tolleshunt_major
http://www.meetup.com/cities/gb/e4/toot_hill/;Toot Hill;toot_hill
http://www.meetup.com/cities/gb/e4/toppesfield/;Toppesfield;toppesfield
http://www.meetup.com/cities/gb/e4/tumblers_green/;Tumblers Green;tumblers_green
http://www.meetup.com/cities/gb/e4/twinstead/;Twinstead;twinstead
http://www.meetup.com/cities/gb/e4/tye_green/;Tye Green;tye_green
http://www.meetup.com/cities/gb/e4/ugley/;Ugley;ugley
http://www.meetup.com/cities/gb/e4/ugley_green/;Ugley Green;ugley_green
http://www.meetup.com/cities/gb/e4/ulting/;Ulting;ulting
http://www.meetup.com/cities/gb/e4/upminster/;Upminster;upminster
http://www.meetup.com/cities/gb/e4/vange/;Vange;vange
http://www.meetup.com/cities/gb/e4/virley/;Virley;virley
http://www.meetup.com/cities/gb/e4/wakes_colne/;Wakes Colne;wakes_colne
http://www.meetup.com/cities/gb/e4/wallasea_island/;Wallasea Island;wallasea_island
http://www.meetup.com/cities/gb/e4/walton_on_the_naze/;Walton On The Naze;walton_on_the_naze
http://www.meetup.com/cities/gb/e4/warley/;Warley;warley
http://www.meetup.com/cities/gb/e4/waterglade_industrial_park/;Waterglade Industrial Park;waterglade_industrial_park
http://www.meetup.com/cities/gb/e4/weeley/;Weeley;weeley
http://www.meetup.com/cities/gb/e4/weeley_heath/;Weeley Heath;weeley_heath
http://www.meetup.com/cities/gb/e4/wenden_lofts/;Wenden Lofts;wenden_lofts
http://www.meetup.com/cities/gb/e4/wendens_ambo/;Wendens Ambo;wendens_ambo
http://www.meetup.com/cities/gb/e4/wennington/;Wennington;wennington
http://www.meetup.com/cities/gb/e4/west_bergholt/;West Bergholt;west_bergholt
http://www.meetup.com/cities/gb/e4/westcliff-on-sea/;Westcliff-on-Sea;westcliff-on-sea
http://www.meetup.com/cities/gb/e4/west_hanningfield/;West Hanningfield;west_hanningfield
http://www.meetup.com/cities/gb/e4/west_horndon/;West Horndon;west_horndon
http://www.meetup.com/cities/gb/e4/west_mersea/;West Mersea;west_mersea
http://www.meetup.com/cities/gb/e4/west_thurrock/;West Thurrock;west_thurrock
http://www.meetup.com/cities/gb/e4/west_tilbury/;West Tilbury;west_tilbury
http://www.meetup.com/cities/gb/e4/wethersfield/;Wethersfield;wethersfield
http://www.meetup.com/cities/gb/e4/white_colne/;White Colne;white_colne
http://www.meetup.com/cities/gb/e4/white_notley/;White Notley;white_notley
http://www.meetup.com/cities/gb/e4/white_roding/;White Roding;white_roding
http://www.meetup.com/cities/gb/e4/wicken_bonhunt/;Wicken Bonhunt;wicken_bonhunt
http://www.meetup.com/cities/gb/e4/wickford/;Wickford;wickford
http://www.meetup.com/cities/gb/e4/wickham_bishops/;Wickham Bishops;wickham_bishops
http://www.meetup.com/cities/gb/e4/wickham_st_paul/;Wickham St Paul;wickham_st_paul
http://www.meetup.com/cities/gb/e4/widdington/;Widdington;widdington
http://www.meetup.com/cities/gb/e4/widford/;Widford;widford
http://www.meetup.com/cities/gb/e4/willingale/;Willingale;willingale
http://www.meetup.com/cities/gb/e4/willows_green/;Willows Green;willows_green
http://www.meetup.com/cities/gb/e4/wimbish/;Wimbish;wimbish
http://www.meetup.com/cities/gb/e4/witham/;Witham;witham
http://www.meetup.com/cities/gb/e4/wivenhoe/;Wivenhoe;wivenhoe
http://www.meetup.com/cities/gb/e4/wix/;Wix;wix
http://www.meetup.com/cities/gb/e4/woodford_green/;Woodford Green;woodford_green
http://www.meetup.com/cities/gb/e4/woodham_ferrers/;Woodham Ferrers;woodham_ferrers
http://www.meetup.com/cities/gb/e4/woodham_mortimer/;Woodham Mortimer;woodham_mortimer
http://www.meetup.com/cities/gb/e4/woodham_walter/;Woodham Walter;woodham_walter
http://www.meetup.com/cities/gb/e4/wormingford/;Wormingford;wormingford
http://www.meetup.com/cities/gb/e4/wrabness/;Wrabness;wrabness
http://www.meetup.com/cities/gb/e4/writtle/;Writtle;writtle
http://www.meetup.com/cities/gb/e4/wyatts_green/;Wyatts Green;wyatts_green
