http://www.meetup.com/cities/gb/z1/ammanford/;Ammanford;ammanford
http://www.meetup.com/cities/gb/z1/birchgrove/;Birchgrove;birchgrove
http://www.meetup.com/cities/gb/z1/bishopston/;Bishopston;bishopston
http://www.meetup.com/cities/gb/z1/blackpill/;Blackpill;blackpill
http://www.meetup.com/cities/gb/z1/blaenymaes/;Blaenymaes;blaenymaes
http://www.meetup.com/cities/gb/z1/blue_anchor/;Blue Anchor;blue_anchor
http://www.meetup.com/cities/gb/z1/bonymaen/;Bonymaen;bonymaen
http://www.meetup.com/cities/gb/z1/brynhyfryd/;Brynhyfryd;brynhyfryd
http://www.meetup.com/cities/gb/z1/brynmill/;Brynmill;brynmill
http://www.meetup.com/cities/gb/z1/burry/;Burry;burry
http://www.meetup.com/cities/gb/z1/burry_green/;Burry Green;burry_green
http://www.meetup.com/cities/gb/z1/cadle/;Cadle;cadle
http://www.meetup.com/cities/gb/z1/caswell/;Caswell;caswell
http://www.meetup.com/cities/gb/z1/caswell_bay/;Caswell Bay;caswell_bay
http://www.meetup.com/cities/gb/z1/cefn_bychan/;Cefn Bychan;cefn_bychan
http://www.meetup.com/cities/gb/z1/cefn_stylle/;Cefn Stylle;cefn_stylle
http://www.meetup.com/cities/gb/z1/cheriton/;Cheriton;cheriton
http://www.meetup.com/cities/gb/z1/cilibion/;Cilibion;cilibion
http://www.meetup.com/cities/gb/z1/cilonen/;Cilonen;cilonen
http://www.meetup.com/cities/gb/z1/clase/;Clase;clase
http://www.meetup.com/cities/gb/z1/clydach/;Clydach;clydach
http://www.meetup.com/cities/gb/z1/clyne_common/;Clyne Common;clyne_common
http://www.meetup.com/cities/gb/z1/clyne_valley/;Clyne Valley;clyne_valley
http://www.meetup.com/cities/gb/z1/cockett/;Cockett;cockett
http://www.meetup.com/cities/gb/z1/copley/;Copley;copley
http://www.meetup.com/cities/gb/z1/copper_quarter/;Copper Quarter;copper_quarter
http://www.meetup.com/cities/gb/z1/craig-cefn-parc/;Craig-Cefn-Parc;craig-cefn-parc
http://www.meetup.com/cities/gb/z1/crofty/;Crofty;crofty
http://www.meetup.com/cities/gb/z1/crymlyn_burrows/;Crymlyn Burrows;crymlyn_burrows
http://www.meetup.com/cities/gb/z1/cwmbwrla/;Cwmbwrla;cwmbwrla
http://www.meetup.com/cities/gb/z1/cwmdu/;Cwmdu;cwmdu
http://www.meetup.com/cities/gb/z1/cwmrhydyceirw/;Cwmrhydyceirw;cwmrhydyceirw
http://www.meetup.com/cities/gb/z1/dunvant/;Dunvant;dunvant
http://www.meetup.com/cities/gb/z1/fairwood/;Fairwood;fairwood
http://www.meetup.com/cities/gb/z1/felindre/;Felindre;felindre
http://www.meetup.com/cities/gb/z1/fforestfach/;Fforestfach;fforestfach
http://www.meetup.com/cities/gb/z1/garden_village/;Garden Village;garden_village
http://www.meetup.com/cities/gb/z1/garngoch_industrial_estate/;Garngoch Industrial Estate;garngoch_industrial_estate
http://www.meetup.com/cities/gb/z1/garnswllt/;Garnswllt;garnswllt
http://www.meetup.com/cities/gb/z1/gendros/;Gendros;gendros
http://www.meetup.com/cities/gb/z1/glais/;Glais;glais
http://www.meetup.com/cities/gb/z1/gorseinon/;Gorseinon;gorseinon
http://www.meetup.com/cities/gb/z1/gowerton/;Gowerton;gowerton
http://www.meetup.com/cities/gb/z1/grovesend/;Grovesend;grovesend
http://www.meetup.com/cities/gb/z1/horton/;Horton;horton
http://www.meetup.com/cities/gb/z1/ilston/;Ilston;ilston
http://www.meetup.com/cities/gb/z1/killay/;Killay;killay
http://www.meetup.com/cities/gb/z1/kittle/;Kittle;kittle
http://www.meetup.com/cities/gb/z1/knelston/;Knelston;knelston
http://www.meetup.com/cities/gb/z1/landimore/;Landimore;landimore
http://www.meetup.com/cities/gb/z1/landore/;Landore;landore
http://www.meetup.com/cities/gb/z1/langland/;Langland;langland
http://www.meetup.com/cities/gb/z1/langland_cliff/;Langland Cliff;langland_cliff
http://www.meetup.com/cities/gb/z1/langrove/;Langrove;langrove
http://www.meetup.com/cities/gb/z1/leason/;Leason;leason
http://www.meetup.com/cities/gb/z1/llandewi/;Llandewi;llandewi
http://www.meetup.com/cities/gb/z1/llangennith/;Llangennith;llangennith
http://www.meetup.com/cities/gb/z1/llangyfelach/;Llangyfelach;llangyfelach
http://www.meetup.com/cities/gb/z1/llanmadoc/;Llanmadoc;llanmadoc
http://www.meetup.com/cities/gb/z1/llanmorlais/;Llanmorlais;llanmorlais
http://www.meetup.com/cities/gb/z1/llanrhidian/;Llanrhidian;llanrhidian
http://www.meetup.com/cities/gb/z1/llansamlet/;Llansamlet;llansamlet
http://www.meetup.com/cities/gb/z1/llethryd/;Llethryd;llethryd
http://www.meetup.com/cities/gb/z1/llotrog/;Llotrog;llotrog
http://www.meetup.com/cities/gb/z1/loughor/;Loughor;loughor
http://www.meetup.com/cities/gb/z1/lunnon/;Lunnon;lunnon
http://www.meetup.com/cities/gb/z1/manselton/;Manselton;manselton
http://www.meetup.com/cities/gb/z1/maritime_quarter/;Maritime Quarter;maritime_quarter
http://www.meetup.com/cities/gb/z1/mayals/;Mayals;mayals
http://www.meetup.com/cities/gb/z1/mayhill/;Mayhill;mayhill
http://www.meetup.com/cities/gb/z1/middleton/;Middleton;middleton
http://www.meetup.com/cities/gb/z1/morriston/;Morriston;morriston
http://www.meetup.com/cities/gb/z1/mumbles/;Mumbles;mumbles
http://www.meetup.com/cities/gb/z1/murton/;Murton;murton
http://www.meetup.com/cities/gb/z1/newton/;Newton;newton
http://www.meetup.com/cities/gb/z1/nicholaston/;Nicholaston;nicholaston
http://www.meetup.com/cities/gb/z1/norton/;Norton;norton
http://www.meetup.com/cities/gb/z1/old_walls/;Old Walls;old_walls
http://www.meetup.com/cities/gb/z1/oxwich/;Oxwich;oxwich
http://www.meetup.com/cities/gb/z1/pantlasau/;Pantlasau;pantlasau
http://www.meetup.com/cities/gb/z1/parkmill/;Parkmill;parkmill
http://www.meetup.com/cities/gb/z1/penclawdd/;Penclawdd;penclawdd
http://www.meetup.com/cities/gb/z1/peniel_green/;Peniel Green;peniel_green
http://www.meetup.com/cities/gb/z1/penlan/;Penlan;penlan
http://www.meetup.com/cities/gb/z1/penllergaer/;Penllergaer;penllergaer
http://www.meetup.com/cities/gb/z1/penmaen/;Penmaen;penmaen
http://www.meetup.com/cities/gb/z1/pennard/;Pennard;pennard
http://www.meetup.com/cities/gb/z1/pentrechwyth/;Pentrechwyth;pentrechwyth
http://www.meetup.com/cities/gb/z1/penuel/;Penuel;penuel
http://www.meetup.com/cities/gb/z1/pen_y_rhedyn/;Pen Y Rhedyn;pen_y_rhedyn
http://www.meetup.com/cities/gb/z1/perriswood/;Perriswood;perriswood
http://www.meetup.com/cities/gb/z1/pilton/;Pilton;pilton
http://www.meetup.com/cities/gb/z1/pitton/;Pitton;pitton
http://www.meetup.com/cities/gb/z1/plasmarl/;Plasmarl;plasmarl
http://www.meetup.com/cities/gb/z1/pontardawe/;Pontardawe;pontardawe
http://www.meetup.com/cities/gb/z1/pontarddulais/;Pontarddulais;pontarddulais
http://www.meetup.com/cities/gb/z1/pontlliw/;Pontlliw;pontlliw
http://www.meetup.com/cities/gb/z1/porteynon/;Porteynon;porteynon
http://www.meetup.com/cities/gb/z1/portmead/;Portmead;portmead
http://www.meetup.com/cities/gb/z1/port_tennant/;Port Tennant;port_tennant
http://www.meetup.com/cities/gb/z1/pwlldu/;Pwlldu;pwlldu
http://www.meetup.com/cities/gb/z1/ravenhill/;Ravenhill;ravenhill
http://www.meetup.com/cities/gb/z1/reynoldston/;Reynoldston;reynoldston
http://www.meetup.com/cities/gb/z1/rhossili/;Rhossili;rhossili
http://www.meetup.com/cities/gb/z1/rhydyfro/;Rhydyfro;rhydyfro
http://www.meetup.com/cities/gb/z1/rhydypandy/;Rhydypandy;rhydypandy
http://www.meetup.com/cities/gb/z1/salem/;Salem;salem
http://www.meetup.com/cities/gb/z1/scurlage/;Scurlage;scurlage
http://www.meetup.com/cities/gb/z1/sketty/;Sketty;sketty
http://www.meetup.com/cities/gb/z1/slade/;Slade;slade
http://www.meetup.com/cities/gb/z1/southgate/;Southgate;southgate
http://www.meetup.com/cities/gb/z1/st_thomas/;St Thomas;st_thomas
http://www.meetup.com/cities/gb/z1/swansea/;Swansea;swansea
http://www.meetup.com/cities/gb/z1/swansea_airport/;Swansea Airport;swansea_airport
http://www.meetup.com/cities/gb/z1/swansea_enterprise_park/;Swansea Enterprise Park;swansea_enterprise_park
http://www.meetup.com/cities/gb/z1/swansea_vale/;Swansea Vale;swansea_vale
http://www.meetup.com/cities/gb/z1/three_cliffs/;Three Cliffs;three_cliffs
http://www.meetup.com/cities/gb/z1/three_crosses/;Three Crosses;three_crosses
http://www.meetup.com/cities/gb/z1/tircoed_forest_village/;Tircoed Forest Village;tircoed_forest_village
http://www.meetup.com/cities/gb/z1/tirdeunaw/;Tirdeunaw;tirdeunaw
http://www.meetup.com/cities/gb/z1/townhill/;Townhill;townhill
http://www.meetup.com/cities/gb/z1/trebanos/;Trebanos;trebanos
http://www.meetup.com/cities/gb/z1/treboeth/;Treboeth;treboeth
http://www.meetup.com/cities/gb/z1/tregof_village/;Tregof Village;tregof_village
http://www.meetup.com/cities/gb/z1/uplands/;Uplands;uplands
http://www.meetup.com/cities/gb/z1/upper_killay/;Upper Killay;upper_killay
http://www.meetup.com/cities/gb/z1/waunarlwydd/;Waunarlwydd;waunarlwydd
http://www.meetup.com/cities/gb/z1/waungron/;Waungron;waungron
http://www.meetup.com/cities/gb/z1/welshmoor/;Welshmoor;welshmoor
http://www.meetup.com/cities/gb/z1/wernfadog/;Wernfadog;wernfadog
http://www.meetup.com/cities/gb/z1/wernffrwd/;Wernffrwd;wernffrwd
http://www.meetup.com/cities/gb/z1/west_cross/;West Cross;west_cross
http://www.meetup.com/cities/gb/z1/winch_wen/;Winch Wen;winch_wen
http://www.meetup.com/cities/gb/z1/winch_wen_industrial_estate/;Winch Wen Industrial Estate;winch_wen_industrial_estate
http://www.meetup.com/cities/gb/z1/ynysforgan/;Ynysforgan;ynysforgan
http://www.meetup.com/cities/gb/z1/ynystawe/;Ynystawe;ynystawe
