http://www.meetup.com/cities/gb/n7/abinger_common/;Abinger Common;abinger_common
http://www.meetup.com/cities/gb/n7/abinger_hammer/;Abinger Hammer;abinger_hammer
http://www.meetup.com/cities/gb/n7/addlestone/;Addlestone;addlestone
http://www.meetup.com/cities/gb/n7/albury/;Albury;albury
http://www.meetup.com/cities/gb/n7/alfold/;Alfold;alfold
http://www.meetup.com/cities/gb/n7/artington/;Artington;artington
http://www.meetup.com/cities/gb/n7/ash/;Ash;ash
http://www.meetup.com/cities/gb/n7/ashford/;Ashford;ashford
http://www.meetup.com/cities/gb/n7/ash_green/;Ash Green;ash_green
http://www.meetup.com/cities/gb/n7/ashtead/;Ashtead;ashtead
http://www.meetup.com/cities/gb/n7/ash_vale/;Ash Vale;ash_vale
http://www.meetup.com/cities/gb/n7/badshot_lea/;Badshot Lea;badshot_lea
http://www.meetup.com/cities/gb/n7/bagshot/;Bagshot;bagshot
http://www.meetup.com/cities/gb/n7/banstead/;Banstead;banstead
http://www.meetup.com/cities/gb/n7/beare_green/;Beare Green;beare_green
http://www.meetup.com/cities/gb/n7/beckenham/;Beckenham;beckenham
http://www.meetup.com/cities/gb/n7/beddington/;Beddington;beddington
http://www.meetup.com/cities/gb/n7/belmont/;Belmont;belmont
http://www.meetup.com/cities/gb/n7/betchworth/;Betchworth;betchworth
http://www.meetup.com/cities/gb/n7/bisley/;Bisley;bisley
http://www.meetup.com/cities/gb/n7/blackheath/;Blackheath;blackheath
http://www.meetup.com/cities/gb/n7/bletchingley/;Bletchingley;bletchingley
http://www.meetup.com/cities/gb/n7/blindley_heath/;Blindley Heath;blindley_heath
http://www.meetup.com/cities/gb/n7/bookham/;Bookham;bookham
http://www.meetup.com/cities/gb/n7/bowlhead_green/;Bowlhead Green;bowlhead_green
http://www.meetup.com/cities/gb/n7/bramley/;Bramley;bramley
http://www.meetup.com/cities/gb/n7/bramshott_chase/;Bramshott Chase;bramshott_chase
http://www.meetup.com/cities/gb/n7/brockham/;Brockham;brockham
http://www.meetup.com/cities/gb/n7/brook/;Brook;brook
http://www.meetup.com/cities/gb/n7/brooklands_industrial_estate/;Brooklands Industrial Estate;brooklands_industrial_estate
http://www.meetup.com/cities/gb/n7/brooklands_industrial_park/;Brooklands Industrial Park;brooklands_industrial_park
http://www.meetup.com/cities/gb/n7/brookwood/;Brookwood;brookwood
http://www.meetup.com/cities/gb/n7/buckland/;Buckland;buckland
http://www.meetup.com/cities/gb/n7/burgh_heath/;Burgh Heath;burgh_heath
http://www.meetup.com/cities/gb/n7/burpham/;Burpham;burpham
http://www.meetup.com/cities/gb/n7/burstow/;Burstow;burstow
http://www.meetup.com/cities/gb/n7/busbridge/;Busbridge;busbridge
http://www.meetup.com/cities/gb/n7/byfleet/;Byfleet;byfleet
http://www.meetup.com/cities/gb/n7/camberley/;Camberley;camberley
http://www.meetup.com/cities/gb/n7/carshalton/;Carshalton;carshalton
http://www.meetup.com/cities/gb/n7/caterham/;Caterham;caterham
http://www.meetup.com/cities/gb/n7/chaldon/;Chaldon;chaldon
http://www.meetup.com/cities/gb/n7/cheam/;Cheam;cheam
http://www.meetup.com/cities/gb/n7/chelsham/;Chelsham;chelsham
http://www.meetup.com/cities/gb/n7/chertsey/;Chertsey;chertsey
http://www.meetup.com/cities/gb/n7/chessington/;Chessington;chessington
http://www.meetup.com/cities/gb/n7/chilworth/;Chilworth;chilworth
http://www.meetup.com/cities/gb/n7/chipstead/;Chipstead;chipstead
http://www.meetup.com/cities/gb/n7/chobham/;Chobham;chobham
http://www.meetup.com/cities/gb/n7/churt/;Churt;churt
http://www.meetup.com/cities/gb/n7/claremont_park/;Claremont Park;claremont_park
http://www.meetup.com/cities/gb/n7/claygate/;Claygate;claygate
http://www.meetup.com/cities/gb/n7/cobham/;Cobham;cobham
http://www.meetup.com/cities/gb/n7/coldharbour/;Coldharbour;coldharbour
http://www.meetup.com/cities/gb/n7/compton/;Compton;compton
http://www.meetup.com/cities/gb/n7/coulsdon/;Coulsdon;coulsdon
http://www.meetup.com/cities/gb/n7/coulsdon_north/;Coulsdon North;coulsdon_north
http://www.meetup.com/cities/gb/n7/cowden/;Cowden;cowden
http://www.meetup.com/cities/gb/n7/cranleigh/;Cranleigh;cranleigh
http://www.meetup.com/cities/gb/n7/crowhurst/;Crowhurst;crowhurst
http://www.meetup.com/cities/gb/n7/croydon/;Croydon;croydon
http://www.meetup.com/cities/gb/n7/deepcut/;Deepcut;deepcut
http://www.meetup.com/cities/gb/n7/dippenhall/;Dippenhall;dippenhall
http://www.meetup.com/cities/gb/n7/ditton_hill/;Ditton Hill;ditton_hill
http://www.meetup.com/cities/gb/n7/dockenfield/;Dockenfield;dockenfield
http://www.meetup.com/cities/gb/n7/dorking/;Dorking;dorking
http://www.meetup.com/cities/gb/n7/dormansland/;Dormansland;dormansland
http://www.meetup.com/cities/gb/n7/downside/;Downside;downside
http://www.meetup.com/cities/gb/n7/dunsfold/;Dunsfold;dunsfold
http://www.meetup.com/cities/gb/n7/earlswood/;Earlswood;earlswood
http://www.meetup.com/cities/gb/n7/east_clandon/;East Clandon;east_clandon
http://www.meetup.com/cities/gb/n7/east_horsley/;East Horsley;east_horsley
http://www.meetup.com/cities/gb/n7/east_molesey/;East Molesey;east_molesey
http://www.meetup.com/cities/gb/n7/edenbridge/;Edenbridge;edenbridge
http://www.meetup.com/cities/gb/n7/effingham/;Effingham;effingham
http://www.meetup.com/cities/gb/n7/effingham_junction/;Effingham Junction;effingham_junction
http://www.meetup.com/cities/gb/n7/egham/;Egham;egham
http://www.meetup.com/cities/gb/n7/elstead/;Elstead;elstead
http://www.meetup.com/cities/gb/n7/englefield_green/;Englefield Green;englefield_green
http://www.meetup.com/cities/gb/n7/enton/;Enton;enton
http://www.meetup.com/cities/gb/n7/epsom/;Epsom;epsom
http://www.meetup.com/cities/gb/n7/esher/;Esher;esher
http://www.meetup.com/cities/gb/n7/ewell/;Ewell;ewell
http://www.meetup.com/cities/gb/n7/ewhurst/;Ewhurst;ewhurst
http://www.meetup.com/cities/gb/n7/fairlands/;Fairlands;fairlands
http://www.meetup.com/cities/gb/n7/fairoaks_airport/;Fairoaks Airport;fairoaks_airport
http://www.meetup.com/cities/gb/n7/farncombe/;Farncombe;farncombe
http://www.meetup.com/cities/gb/n7/farnham/;Farnham;farnham
http://www.meetup.com/cities/gb/n7/feltham/;Feltham;feltham
http://www.meetup.com/cities/gb/n7/fetcham/;Fetcham;fetcham
http://www.meetup.com/cities/gb/n7/forest_green/;Forest Green;forest_green
http://www.meetup.com/cities/gb/n7/frensham/;Frensham;frensham
http://www.meetup.com/cities/gb/n7/frimley/;Frimley;frimley
http://www.meetup.com/cities/gb/n7/frimley_green/;Frimley Green;frimley_green
http://www.meetup.com/cities/gb/n7/godalming/;Godalming;godalming
http://www.meetup.com/cities/gb/n7/godstone/;Godstone;godstone
http://www.meetup.com/cities/gb/n7/gomshall/;Gomshall;gomshall
http://www.meetup.com/cities/gb/n7/grayshott/;Grayshott;grayshott
http://www.meetup.com/cities/gb/n7/grayswood/;Grayswood;grayswood
http://www.meetup.com/cities/gb/n7/guildford/;Guildford;guildford
http://www.meetup.com/cities/gb/n7/hackbridge/;Hackbridge;hackbridge
http://www.meetup.com/cities/gb/n7/ham/;Ham;ham
http://www.meetup.com/cities/gb/n7/hambledon/;Hambledon;hambledon
http://www.meetup.com/cities/gb/n7/hascombe/;Hascombe;hascombe
http://www.meetup.com/cities/gb/n7/headley/;Headley;headley
http://www.meetup.com/cities/gb/n7/hersham/;Hersham;hersham
http://www.meetup.com/cities/gb/n7/hinchley_wood/;Hinchley Wood;hinchley_wood
http://www.meetup.com/cities/gb/n7/hindhead/;Hindhead;hindhead
http://www.meetup.com/cities/gb/n7/holmbury_st_mary/;Holmbury St Mary;holmbury_st_mary
http://www.meetup.com/cities/gb/n7/holmwood/;Holmwood;holmwood
http://www.meetup.com/cities/gb/n7/hookwood/;Hookwood;hookwood
http://www.meetup.com/cities/gb/n7/hooley/;Hooley;hooley
http://www.meetup.com/cities/gb/n7/horne/;Horne;horne
http://www.meetup.com/cities/gb/n7/horsell/;Horsell;horsell
http://www.meetup.com/cities/gb/n7/hurtmore/;Hurtmore;hurtmore
http://www.meetup.com/cities/gb/n7/hydestile/;Hydestile;hydestile
http://www.meetup.com/cities/gb/n7/jacob%27s_well/;Jacob's Well;jacob%27s_well
http://www.meetup.com/cities/gb/n7/kenley/;Kenley;kenley
http://www.meetup.com/cities/gb/n7/kingfield/;Kingfield;kingfield
http://www.meetup.com/cities/gb/n7/kingston_upon_thames/;Kingston Upon Thames;kingston_upon_thames
http://www.meetup.com/cities/gb/n7/kingswood/;Kingswood;kingswood
http://www.meetup.com/cities/gb/n7/knaphill/;Knaphill;knaphill
http://www.meetup.com/cities/gb/n7/laleham/;Laleham;laleham
http://www.meetup.com/cities/gb/n7/leatherhead/;Leatherhead;leatherhead
http://www.meetup.com/cities/gb/n7/leigh/;Leigh;leigh
http://www.meetup.com/cities/gb/n7/leith_hill/;Leith Hill;leith_hill
http://www.meetup.com/cities/gb/n7/lightwater/;Lightwater;lightwater
http://www.meetup.com/cities/gb/n7/limpsfield/;Limpsfield;limpsfield
http://www.meetup.com/cities/gb/n7/limpsfield_chart/;Limpsfield Chart;limpsfield_chart
http://www.meetup.com/cities/gb/n7/lingfield/;Lingfield;lingfield
http://www.meetup.com/cities/gb/n7/london_heathrow_airport/;London Heathrow Airport;london_heathrow_airport
http://www.meetup.com/cities/gb/n7/longcross/;Longcross;longcross
http://www.meetup.com/cities/gb/n7/long_ditton/;Long Ditton;long_ditton
http://www.meetup.com/cities/gb/n7/lower_bourne/;Lower Bourne;lower_bourne
http://www.meetup.com/cities/gb/n7/lower_eashing/;Lower Eashing;lower_eashing
http://www.meetup.com/cities/gb/n7/lower_hale/;Lower Hale;lower_hale
http://www.meetup.com/cities/gb/n7/lower_kingswood/;Lower Kingswood;lower_kingswood
http://www.meetup.com/cities/gb/n7/loxhill/;Loxhill;loxhill
http://www.meetup.com/cities/gb/n7/lyne/;Lyne;lyne
http://www.meetup.com/cities/gb/n7/marsh_green/;Marsh Green;marsh_green
http://www.meetup.com/cities/gb/n7/mayford/;Mayford;mayford
http://www.meetup.com/cities/gb/n7/merstham/;Merstham;merstham
http://www.meetup.com/cities/gb/n7/mickleham/;Mickleham;mickleham
http://www.meetup.com/cities/gb/n7/mid_holmwood/;Mid Holmwood;mid_holmwood
http://www.meetup.com/cities/gb/n7/milford/;Milford;milford
http://www.meetup.com/cities/gb/n7/mitcham/;Mitcham;mitcham
http://www.meetup.com/cities/gb/n7/mitcham_junction/;Mitcham Junction;mitcham_junction
http://www.meetup.com/cities/gb/n7/mogador/;Mogador;mogador
http://www.meetup.com/cities/gb/n7/morden/;Morden;morden
http://www.meetup.com/cities/gb/n7/mytchett/;Mytchett;mytchett
http://www.meetup.com/cities/gb/n7/new_addington/;New Addington;new_addington
http://www.meetup.com/cities/gb/n7/newchapel/;Newchapel;newchapel
http://www.meetup.com/cities/gb/n7/newdigate/;Newdigate;newdigate
http://www.meetup.com/cities/gb/n7/new_haw/;New Haw;new_haw
http://www.meetup.com/cities/gb/n7/new_malden/;New Malden;new_malden
http://www.meetup.com/cities/gb/n7/normandy/;Normandy;normandy
http://www.meetup.com/cities/gb/n7/north_holmwood/;North Holmwood;north_holmwood
http://www.meetup.com/cities/gb/n7/norwood_hill/;Norwood Hill;norwood_hill
http://www.meetup.com/cities/gb/n7/nutfield/;Nutfield;nutfield
http://www.meetup.com/cities/gb/n7/ockham/;Ockham;ockham
http://www.meetup.com/cities/gb/n7/ockley/;Ockley;ockley
http://www.meetup.com/cities/gb/n7/old_windsor/;Old Windsor;old_windsor
http://www.meetup.com/cities/gb/n7/old_woking/;Old Woking;old_woking
http://www.meetup.com/cities/gb/n7/onslow_village/;Onslow Village;onslow_village
http://www.meetup.com/cities/gb/n7/ottershaw/;Ottershaw;ottershaw
http://www.meetup.com/cities/gb/n7/outwood/;Outwood;outwood
http://www.meetup.com/cities/gb/n7/oxshott/;Oxshott;oxshott
http://www.meetup.com/cities/gb/n7/oxted/;Oxted;oxted
http://www.meetup.com/cities/gb/n7/peaslake/;Peaslake;peaslake
http://www.meetup.com/cities/gb/n7/peasmarsh/;Peasmarsh;peasmarsh
http://www.meetup.com/cities/gb/n7/peper_harow/;Peper Harow;peper_harow
http://www.meetup.com/cities/gb/n7/pirbright/;Pirbright;pirbright
http://www.meetup.com/cities/gb/n7/purley/;Purley;purley
http://www.meetup.com/cities/gb/n7/puttenham/;Puttenham;puttenham
http://www.meetup.com/cities/gb/n7/pyrford/;Pyrford;pyrford
http://www.meetup.com/cities/gb/n7/ranmore_common/;Ranmore Common;ranmore_common
http://www.meetup.com/cities/gb/n7/redhill/;Redhill;redhill
http://www.meetup.com/cities/gb/n7/reigate/;Reigate;reigate
http://www.meetup.com/cities/gb/n7/richmond/;Richmond;richmond
http://www.meetup.com/cities/gb/n7/ripley/;Ripley;ripley
http://www.meetup.com/cities/gb/n7/rowledge/;Rowledge;rowledge
http://www.meetup.com/cities/gb/n7/royal_military_academy/;Royal Military Academy;royal_military_academy
http://www.meetup.com/cities/gb/n7/runfold/;Runfold;runfold
http://www.meetup.com/cities/gb/n7/runwick/;Runwick;runwick
http://www.meetup.com/cities/gb/n7/rushmoor/;Rushmoor;rushmoor
http://www.meetup.com/cities/gb/n7/salfords/;Salfords;salfords
http://www.meetup.com/cities/gb/n7/seale/;Seale;seale
http://www.meetup.com/cities/gb/n7/send/;Send;send
http://www.meetup.com/cities/gb/n7/shackleford/;Shackleford;shackleford
http://www.meetup.com/cities/gb/n7/shalford/;Shalford;shalford
http://www.meetup.com/cities/gb/n7/shamley_green/;Shamley Green;shamley_green
http://www.meetup.com/cities/gb/n7/sheerwater/;Sheerwater;sheerwater
http://www.meetup.com/cities/gb/n7/shepperton/;Shepperton;shepperton
http://www.meetup.com/cities/gb/n7/shere/;Shere;shere
http://www.meetup.com/cities/gb/n7/shottermill/;Shottermill;shottermill
http://www.meetup.com/cities/gb/n7/sidlow/;Sidlow;sidlow
http://www.meetup.com/cities/gb/n7/slyfield_industrial_estate/;Slyfield Industrial Estate;slyfield_industrial_estate
http://www.meetup.com/cities/gb/n7/smallfield/;Smallfield;smallfield
http://www.meetup.com/cities/gb/n7/south_croydon/;South Croydon;south_croydon
http://www.meetup.com/cities/gb/n7/south_godstone/;South Godstone;south_godstone
http://www.meetup.com/cities/gb/n7/south_nutfield/;South Nutfield;south_nutfield
http://www.meetup.com/cities/gb/n7/south_park/;South Park;south_park
http://www.meetup.com/cities/gb/n7/staines/;Staines;staines
http://www.meetup.com/cities/gb/n7/stanwell/;Stanwell;stanwell
http://www.meetup.com/cities/gb/n7/stanwell_moor/;Stanwell Moor;stanwell_moor
http://www.meetup.com/cities/gb/n7/st_georges_hill/;St Georges Hill;st_georges_hill
http://www.meetup.com/cities/gb/n7/st_johns/;St Johns;st_johns
http://www.meetup.com/cities/gb/n7/stoke_d%27abernon/;Stoke D'abernon;stoke_d%27abernon
http://www.meetup.com/cities/gb/n7/stoneleigh/;Stoneleigh;stoneleigh
http://www.meetup.com/cities/gb/n7/strood_green/;Strood Green;strood_green
http://www.meetup.com/cities/gb/n7/sunbury-on-thames/;Sunbury-on-Thames;sunbury-on-thames
http://www.meetup.com/cities/gb/n7/surbiton/;Surbiton;surbiton
http://www.meetup.com/cities/gb/n7/surrey_research_park/;Surrey Research Park;surrey_research_park
http://www.meetup.com/cities/gb/n7/sutton/;Sutton;sutton
http://www.meetup.com/cities/gb/n7/sutton_green/;Sutton Green;sutton_green
http://www.meetup.com/cities/gb/n7/tadworth/;Tadworth;tadworth
http://www.meetup.com/cities/gb/n7/tandridge/;Tandridge;tandridge
http://www.meetup.com/cities/gb/n7/tatsfield/;Tatsfield;tatsfield
http://www.meetup.com/cities/gb/n7/thames_ditton/;Thames Ditton;thames_ditton
http://www.meetup.com/cities/gb/n7/the_bourne/;The Bourne;the_bourne
http://www.meetup.com/cities/gb/n7/the_sands/;The Sands;the_sands
http://www.meetup.com/cities/gb/n7/thornton_heath/;Thornton Heath;thornton_heath
http://www.meetup.com/cities/gb/n7/thorpe/;Thorpe;thorpe
http://www.meetup.com/cities/gb/n7/thorpe_industrial_estate/;Thorpe Industrial Estate;thorpe_industrial_estate
http://www.meetup.com/cities/gb/n7/thursley/;Thursley;thursley
http://www.meetup.com/cities/gb/n7/tilford/;Tilford;tilford
http://www.meetup.com/cities/gb/n7/titsey/;Titsey;titsey
http://www.meetup.com/cities/gb/n7/tongham/;Tongham;tongham
http://www.meetup.com/cities/gb/n7/upper_hale/;Upper Hale;upper_hale
http://www.meetup.com/cities/gb/n7/virginia_water/;Virginia Water;virginia_water
http://www.meetup.com/cities/gb/n7/wallington/;Wallington;wallington
http://www.meetup.com/cities/gb/n7/walliswood/;Walliswood;walliswood
http://www.meetup.com/cities/gb/n7/walton-on-thames/;Walton-on-Thames;walton-on-thames
http://www.meetup.com/cities/gb/n7/walton_on_the_hill/;Walton on the Hill;walton_on_the_hill
http://www.meetup.com/cities/gb/n7/wanborough/;Wanborough;wanborough
http://www.meetup.com/cities/gb/n7/warlingham/;Warlingham;warlingham
http://www.meetup.com/cities/gb/n7/west_byfleet/;West Byfleet;west_byfleet
http://www.meetup.com/cities/gb/n7/west_clandon/;West Clandon;west_clandon
http://www.meetup.com/cities/gb/n7/westcott/;Westcott;westcott
http://www.meetup.com/cities/gb/n7/west_end/;West End;west_end
http://www.meetup.com/cities/gb/n7/westerham/;Westerham;westerham
http://www.meetup.com/cities/gb/n7/west_ewell/;West Ewell;west_ewell
http://www.meetup.com/cities/gb/n7/west_horsley/;West Horsley;west_horsley
http://www.meetup.com/cities/gb/n7/westhumble/;Westhumble;westhumble
http://www.meetup.com/cities/gb/n7/west_molesey/;West Molesey;west_molesey
http://www.meetup.com/cities/gb/n7/weybridge/;Weybridge;weybridge
http://www.meetup.com/cities/gb/n7/whiteley_village/;Whiteley Village;whiteley_village
http://www.meetup.com/cities/gb/n7/whyteleafe/;Whyteleafe;whyteleafe
http://www.meetup.com/cities/gb/n7/windlesham/;Windlesham;windlesham
http://www.meetup.com/cities/gb/n7/wisley/;Wisley;wisley
http://www.meetup.com/cities/gb/n7/witley/;Witley;witley
http://www.meetup.com/cities/gb/n7/woking/;Woking;woking
http://www.meetup.com/cities/gb/n7/woldingham/;Woldingham;woldingham
http://www.meetup.com/cities/gb/n7/wonersh/;Wonersh;wonersh
http://www.meetup.com/cities/gb/n7/woodham/;Woodham;woodham
http://www.meetup.com/cities/gb/n7/wood_street_village/;Wood Street Village;wood_street_village
http://www.meetup.com/cities/gb/n7/worcester_park/;Worcester Park;worcester_park
http://www.meetup.com/cities/gb/n7/wormley/;Wormley;wormley
http://www.meetup.com/cities/gb/n7/worplesdon/;Worplesdon;worplesdon
http://www.meetup.com/cities/gb/n7/worplesdon_hill/;Worplesdon Hill;worplesdon_hill
http://www.meetup.com/cities/gb/n7/wotton/;Wotton;wotton
http://www.meetup.com/cities/gb/n7/wrecclesham/;Wrecclesham;wrecclesham
