http://www.meetup.com/cities/gb/18/abbey_hey/;Abbey Hey;abbey_hey
http://www.meetup.com/cities/gb/18/ardwick/;Ardwick;ardwick
http://www.meetup.com/cities/gb/18/ashton-under-lyne/;Ashton-under-Lyne;ashton-under-lyne
http://www.meetup.com/cities/gb/18/audenshaw/;Audenshaw;audenshaw
http://www.meetup.com/cities/gb/18/baguley/;Baguley;baguley
http://www.meetup.com/cities/gb/18/broadbottom/;Broadbottom;broadbottom
http://www.meetup.com/cities/gb/18/brooklands/;Brooklands;brooklands
http://www.meetup.com/cities/gb/18/burnage/;Burnage;burnage
http://www.meetup.com/cities/gb/18/cadishead/;Cadishead;cadishead
http://www.meetup.com/cities/gb/18/carrbrook/;Carrbrook;carrbrook
http://www.meetup.com/cities/gb/18/chorlton_cum_hardy/;Chorlton Cum Hardy;chorlton_cum_hardy
http://www.meetup.com/cities/gb/18/civic_centre/;Civic Centre;civic_centre
http://www.meetup.com/cities/gb/18/clayton/;Clayton;clayton
http://www.meetup.com/cities/gb/18/clifton/;Clifton;clifton
http://www.meetup.com/cities/gb/18/collyhurst/;Collyhurst;collyhurst
http://www.meetup.com/cities/gb/18/crumpsall/;Crumpsall;crumpsall
http://www.meetup.com/cities/gb/18/denton/;Denton;denton
http://www.meetup.com/cities/gb/18/didsbury/;Didsbury;didsbury
http://www.meetup.com/cities/gb/18/droylsden/;Droylsden;droylsden
http://www.meetup.com/cities/gb/18/dukinfield/;Dukinfield;dukinfield
http://www.meetup.com/cities/gb/18/eccles/;Eccles;eccles
http://www.meetup.com/cities/gb/18/fallowfield/;Fallowfield;fallowfield
http://www.meetup.com/cities/gb/18/gee_cross/;Gee Cross;gee_cross
http://www.meetup.com/cities/gb/18/gorton/;Gorton;gorton
http://www.meetup.com/cities/gb/18/harpurhey/;Harpurhey;harpurhey
http://www.meetup.com/cities/gb/18/heyrod/;Heyrod;heyrod
http://www.meetup.com/cities/gb/18/higher_broughton/;Higher Broughton;higher_broughton
http://www.meetup.com/cities/gb/18/hollingworth/;Hollingworth;hollingworth
http://www.meetup.com/cities/gb/18/hulme/;Hulme;hulme
http://www.meetup.com/cities/gb/18/hyde/;Hyde;hyde
http://www.meetup.com/cities/gb/18/irlam/;Irlam;irlam
http://www.meetup.com/cities/gb/18/irlams_o%27_th%27_height/;Irlams O' Th' Height;irlams_o%27_th%27_height
http://www.meetup.com/cities/gb/18/ladybarn/;Ladybarn;ladybarn
http://www.meetup.com/cities/gb/18/levenshulme/;Levenshulme;levenshulme
http://www.meetup.com/cities/gb/18/little_hulton/;Little Hulton;little_hulton
http://www.meetup.com/cities/gb/18/longsight/;Longsight;longsight
http://www.meetup.com/cities/gb/18/manchester/;Manchester;manchester
http://www.meetup.com/cities/gb/18/manchester_airport/;Manchester Airport;manchester_airport
http://www.meetup.com/cities/gb/18/manchester_science_park/;Manchester Science Park;manchester_science_park
http://www.meetup.com/cities/gb/18/matley/;Matley;matley
http://www.meetup.com/cities/gb/18/miles_platting/;Miles Platting;miles_platting
http://www.meetup.com/cities/gb/18/millbrook/;Millbrook;millbrook
http://www.meetup.com/cities/gb/18/mossley_cross/;Mossley Cross;mossley_cross
http://www.meetup.com/cities/gb/18/moss_side/;Moss Side;moss_side
http://www.meetup.com/cities/gb/18/moston/;Moston;moston
http://www.meetup.com/cities/gb/18/mottram/;Mottram;mottram
http://www.meetup.com/cities/gb/18/new_moston/;New Moston;new_moston
http://www.meetup.com/cities/gb/18/newton_heath/;Newton Heath;newton_heath
http://www.meetup.com/cities/gb/18/newton_moor_industrial_estate/;Newton Moor Industrial Estate;newton_moor_industrial_estate
http://www.meetup.com/cities/gb/18/northenden/;Northenden;northenden
http://www.meetup.com/cities/gb/18/old_trafford/;Old Trafford;old_trafford
http://www.meetup.com/cities/gb/18/openshaw/;Openshaw;openshaw
http://www.meetup.com/cities/gb/18/pendlebury/;Pendlebury;pendlebury
http://www.meetup.com/cities/gb/18/redfern_industrial_estate/;Redfern Industrial Estate;redfern_industrial_estate
http://www.meetup.com/cities/gb/18/roundthorn_industrial_estate/;Roundthorn Industrial Estate;roundthorn_industrial_estate
http://www.meetup.com/cities/gb/18/rusholme/;Rusholme;rusholme
http://www.meetup.com/cities/gb/18/sale/;Sale;sale
http://www.meetup.com/cities/gb/18/salford/;Salford;salford
http://www.meetup.com/cities/gb/18/sharston_industrial_area/;Sharston Industrial Area;sharston_industrial_area
http://www.meetup.com/cities/gb/18/stalybridge/;Stalybridge;stalybridge
http://www.meetup.com/cities/gb/18/stockport/;Stockport;stockport
http://www.meetup.com/cities/gb/18/st_pauls_trading_estate/;St Pauls Trading Estate;st_pauls_trading_estate
http://www.meetup.com/cities/gb/18/swinton/;Swinton;swinton
http://www.meetup.com/cities/gb/18/wardley/;Wardley;wardley
http://www.meetup.com/cities/gb/18/wardley_industrial_estate/;Wardley Industrial Estate;wardley_industrial_estate
http://www.meetup.com/cities/gb/18/whalley_range/;Whalley Range;whalley_range
http://www.meetup.com/cities/gb/18/withington/;Withington;withington
http://www.meetup.com/cities/gb/18/woolley_bridge/;Woolley Bridge;woolley_bridge
http://www.meetup.com/cities/gb/18/wythenshawe/;Wythenshawe;wythenshawe
http://www.meetup.com/cities/gb/18/abbey_hey/;Abbey Hey;abbey_hey
http://www.meetup.com/cities/gb/18/ardwick/;Ardwick;ardwick
http://www.meetup.com/cities/gb/18/ashton-under-lyne/;Ashton-under-Lyne;ashton-under-lyne
http://www.meetup.com/cities/gb/18/audenshaw/;Audenshaw;audenshaw
http://www.meetup.com/cities/gb/18/baguley/;Baguley;baguley
http://www.meetup.com/cities/gb/18/broadbottom/;Broadbottom;broadbottom
http://www.meetup.com/cities/gb/18/brooklands/;Brooklands;brooklands
http://www.meetup.com/cities/gb/18/burnage/;Burnage;burnage
http://www.meetup.com/cities/gb/18/cadishead/;Cadishead;cadishead
http://www.meetup.com/cities/gb/18/carrbrook/;Carrbrook;carrbrook
http://www.meetup.com/cities/gb/18/chorlton_cum_hardy/;Chorlton Cum Hardy;chorlton_cum_hardy
http://www.meetup.com/cities/gb/18/civic_centre/;Civic Centre;civic_centre
http://www.meetup.com/cities/gb/18/clayton/;Clayton;clayton
http://www.meetup.com/cities/gb/18/clifton/;Clifton;clifton
http://www.meetup.com/cities/gb/18/collyhurst/;Collyhurst;collyhurst
http://www.meetup.com/cities/gb/18/crumpsall/;Crumpsall;crumpsall
http://www.meetup.com/cities/gb/18/denton/;Denton;denton
http://www.meetup.com/cities/gb/18/didsbury/;Didsbury;didsbury
http://www.meetup.com/cities/gb/18/droylsden/;Droylsden;droylsden
http://www.meetup.com/cities/gb/18/dukinfield/;Dukinfield;dukinfield
http://www.meetup.com/cities/gb/18/eccles/;Eccles;eccles
http://www.meetup.com/cities/gb/18/fallowfield/;Fallowfield;fallowfield
http://www.meetup.com/cities/gb/18/gee_cross/;Gee Cross;gee_cross
http://www.meetup.com/cities/gb/18/gorton/;Gorton;gorton
http://www.meetup.com/cities/gb/18/harpurhey/;Harpurhey;harpurhey
http://www.meetup.com/cities/gb/18/heyrod/;Heyrod;heyrod
http://www.meetup.com/cities/gb/18/higher_broughton/;Higher Broughton;higher_broughton
http://www.meetup.com/cities/gb/18/hollingworth/;Hollingworth;hollingworth
http://www.meetup.com/cities/gb/18/hulme/;Hulme;hulme
http://www.meetup.com/cities/gb/18/hyde/;Hyde;hyde
http://www.meetup.com/cities/gb/18/irlam/;Irlam;irlam
http://www.meetup.com/cities/gb/18/irlams_o%27_th%27_height/;Irlams O' Th' Height;irlams_o%27_th%27_height
http://www.meetup.com/cities/gb/18/ladybarn/;Ladybarn;ladybarn
http://www.meetup.com/cities/gb/18/levenshulme/;Levenshulme;levenshulme
http://www.meetup.com/cities/gb/18/little_hulton/;Little Hulton;little_hulton
http://www.meetup.com/cities/gb/18/longsight/;Longsight;longsight
http://www.meetup.com/cities/gb/18/manchester/;Manchester;manchester
http://www.meetup.com/cities/gb/18/manchester_airport/;Manchester Airport;manchester_airport
http://www.meetup.com/cities/gb/18/manchester_science_park/;Manchester Science Park;manchester_science_park
http://www.meetup.com/cities/gb/18/matley/;Matley;matley
http://www.meetup.com/cities/gb/18/miles_platting/;Miles Platting;miles_platting
http://www.meetup.com/cities/gb/18/millbrook/;Millbrook;millbrook
http://www.meetup.com/cities/gb/18/mossley_cross/;Mossley Cross;mossley_cross
http://www.meetup.com/cities/gb/18/moss_side/;Moss Side;moss_side
http://www.meetup.com/cities/gb/18/moston/;Moston;moston
http://www.meetup.com/cities/gb/18/mottram/;Mottram;mottram
http://www.meetup.com/cities/gb/18/new_moston/;New Moston;new_moston
http://www.meetup.com/cities/gb/18/newton_heath/;Newton Heath;newton_heath
http://www.meetup.com/cities/gb/18/newton_moor_industrial_estate/;Newton Moor Industrial Estate;newton_moor_industrial_estate
http://www.meetup.com/cities/gb/18/northenden/;Northenden;northenden
http://www.meetup.com/cities/gb/18/old_trafford/;Old Trafford;old_trafford
http://www.meetup.com/cities/gb/18/openshaw/;Openshaw;openshaw
http://www.meetup.com/cities/gb/18/pendlebury/;Pendlebury;pendlebury
http://www.meetup.com/cities/gb/18/redfern_industrial_estate/;Redfern Industrial Estate;redfern_industrial_estate
http://www.meetup.com/cities/gb/18/roundthorn_industrial_estate/;Roundthorn Industrial Estate;roundthorn_industrial_estate
http://www.meetup.com/cities/gb/18/rusholme/;Rusholme;rusholme
http://www.meetup.com/cities/gb/18/sale/;Sale;sale
http://www.meetup.com/cities/gb/18/salford/;Salford;salford
http://www.meetup.com/cities/gb/18/sharston_industrial_area/;Sharston Industrial Area;sharston_industrial_area
http://www.meetup.com/cities/gb/18/stalybridge/;Stalybridge;stalybridge
http://www.meetup.com/cities/gb/18/stockport/;Stockport;stockport
http://www.meetup.com/cities/gb/18/st_pauls_trading_estate/;St Pauls Trading Estate;st_pauls_trading_estate
http://www.meetup.com/cities/gb/18/swinton/;Swinton;swinton
http://www.meetup.com/cities/gb/18/wardley/;Wardley;wardley
http://www.meetup.com/cities/gb/18/wardley_industrial_estate/;Wardley Industrial Estate;wardley_industrial_estate
http://www.meetup.com/cities/gb/18/whalley_range/;Whalley Range;whalley_range
http://www.meetup.com/cities/gb/18/withington/;Withington;withington
http://www.meetup.com/cities/gb/18/woolley_bridge/;Woolley Bridge;woolley_bridge
http://www.meetup.com/cities/gb/18/wythenshawe/;Wythenshawe;wythenshawe
