http://www.meetup.com/cities/gb/w1/aberargie/;Aberargie;aberargie
http://www.meetup.com/cities/gb/w1/aberdalgie/;Aberdalgie;aberdalgie
http://www.meetup.com/cities/gb/w1/aberfeldy/;Aberfeldy;aberfeldy
http://www.meetup.com/cities/gb/w1/abernethy/;Abernethy;abernethy
http://www.meetup.com/cities/gb/w1/abernyte/;Abernyte;abernyte
http://www.meetup.com/cities/gb/w1/aberuthven/;Aberuthven;aberuthven
http://www.meetup.com/cities/gb/w1/acharn/;Acharn;acharn
http://www.meetup.com/cities/gb/w1/almondbank/;Almondbank;almondbank
http://www.meetup.com/cities/gb/w1/altamount/;Altamount;altamount
http://www.meetup.com/cities/gb/w1/alyth/;Alyth;alyth
http://www.meetup.com/cities/gb/w1/amulree/;Amulree;amulree
http://www.meetup.com/cities/gb/w1/ardargie/;Ardargie;ardargie
http://www.meetup.com/cities/gb/w1/ardler/;Ardler;ardler
http://www.meetup.com/cities/gb/w1/auchmuirbridge/;Auchmuirbridge;auchmuirbridge
http://www.meetup.com/cities/gb/w1/auchterarder/;Auchterarder;auchterarder
http://www.meetup.com/cities/gb/w1/balado/;Balado;balado
http://www.meetup.com/cities/gb/w1/balbeggie/;Balbeggie;balbeggie
http://www.meetup.com/cities/gb/w1/ballinluig/;Ballinluig;ballinluig
http://www.meetup.com/cities/gb/w1/ballintuim/;Ballintuim;ballintuim
http://www.meetup.com/cities/gb/w1/ballyoukan/;Ballyoukan;ballyoukan
http://www.meetup.com/cities/gb/w1/balnaguard/;Balnaguard;balnaguard
http://www.meetup.com/cities/gb/w1/bankfoot/;Bankfoot;bankfoot
http://www.meetup.com/cities/gb/w1/birnam/;Birnam;birnam
http://www.meetup.com/cities/gb/w1/blackford/;Blackford;blackford
http://www.meetup.com/cities/gb/w1/blacklunans/;Blacklunans;blacklunans
http://www.meetup.com/cities/gb/w1/blairadam/;Blairadam;blairadam
http://www.meetup.com/cities/gb/w1/blair_atholl/;Blair Atholl;blair_atholl
http://www.meetup.com/cities/gb/w1/blairforge/;Blairforge;blairforge
http://www.meetup.com/cities/gb/w1/blairgowrie/;Blairgowrie;blairgowrie
http://www.meetup.com/cities/gb/w1/blairingone/;Blairingone;blairingone
http://www.meetup.com/cities/gb/w1/boltachan/;Boltachan;boltachan
http://www.meetup.com/cities/gb/w1/bridgend_industrial_estate/;Bridgend Industrial Estate;bridgend_industrial_estate
http://www.meetup.com/cities/gb/w1/bridge_of_cally/;Bridge of Cally;bridge_of_cally
http://www.meetup.com/cities/gb/w1/bridge_of_earn/;Bridge of Earn;bridge_of_earn
http://www.meetup.com/cities/gb/w1/bridge_of_gaur/;Bridge of Gaur;bridge_of_gaur
http://www.meetup.com/cities/gb/w1/bridge_of_tilt/;Bridge of Tilt;bridge_of_tilt
http://www.meetup.com/cities/gb/w1/burrelton/;Burrelton;burrelton
http://www.meetup.com/cities/gb/w1/butterstone/;Butterstone;butterstone
http://www.meetup.com/cities/gb/w1/calvine/;Calvine;calvine
http://www.meetup.com/cities/gb/w1/camserney/;Camserney;camserney
http://www.meetup.com/cities/gb/w1/caputh/;Caputh;caputh
http://www.meetup.com/cities/gb/w1/cardenden/;Cardenden;cardenden
http://www.meetup.com/cities/gb/w1/cargill/;Cargill;cargill
http://www.meetup.com/cities/gb/w1/carnbo/;Carnbo;carnbo
http://www.meetup.com/cities/gb/w1/carsie/;Carsie;carsie
http://www.meetup.com/cities/gb/w1/clathymore/;Clathymore;clathymore
http://www.meetup.com/cities/gb/w1/cleish/;Cleish;cleish
http://www.meetup.com/cities/gb/w1/clunie/;Clunie;clunie
http://www.meetup.com/cities/gb/w1/collace/;Collace;collace
http://www.meetup.com/cities/gb/w1/comrie/;Comrie;comrie
http://www.meetup.com/cities/gb/w1/coupar_angus/;Coupar Angus;coupar_angus
http://www.meetup.com/cities/gb/w1/craigend/;Craigend;craigend
http://www.meetup.com/cities/gb/w1/crieff/;Crieff;crieff
http://www.meetup.com/cities/gb/w1/croftinloan/;Croftinloan;croftinloan
http://www.meetup.com/cities/gb/w1/crook_of_devon/;Crook of Devon;crook_of_devon
http://www.meetup.com/cities/gb/w1/dalguise/;Dalguise;dalguise
http://www.meetup.com/cities/gb/w1/dalnaspidal/;Dalnaspidal;dalnaspidal
http://www.meetup.com/cities/gb/w1/dalshian/;Dalshian;dalshian
http://www.meetup.com/cities/gb/w1/dollar/;Dollar;dollar
http://www.meetup.com/cities/gb/w1/donavourd/;Donavourd;donavourd
http://www.meetup.com/cities/gb/w1/drum/;Drum;drum
http://www.meetup.com/cities/gb/w1/dunalastair/;Dunalastair;dunalastair
http://www.meetup.com/cities/gb/w1/duncrievie/;Duncrievie;duncrievie
http://www.meetup.com/cities/gb/w1/dunira/;Dunira;dunira
http://www.meetup.com/cities/gb/w1/dunkeld/;Dunkeld;dunkeld
http://www.meetup.com/cities/gb/w1/dunning/;Dunning;dunning
http://www.meetup.com/cities/gb/w1/dunning_glen/;Dunning Glen;dunning_glen
http://www.meetup.com/cities/gb/w1/easter_balgedie/;Easter Balgedie;easter_balgedie
http://www.meetup.com/cities/gb/w1/east_haugh/;East Haugh;east_haugh
http://www.meetup.com/cities/gb/w1/enochdhu/;Enochdhu;enochdhu
http://www.meetup.com/cities/gb/w1/errol/;Errol;errol
http://www.meetup.com/cities/gb/w1/fearnan/;Fearnan;fearnan
http://www.meetup.com/cities/gb/w1/fincastle/;Fincastle;fincastle
http://www.meetup.com/cities/gb/w1/forgandenny/;Forgandenny;forgandenny
http://www.meetup.com/cities/gb/w1/forneth/;Forneth;forneth
http://www.meetup.com/cities/gb/w1/forteviot/;Forteviot;forteviot
http://www.meetup.com/cities/gb/w1/fortingall/;Fortingall;fortingall
http://www.meetup.com/cities/gb/w1/fossoway/;Fossoway;fossoway
http://www.meetup.com/cities/gb/w1/fowlis_wester/;Fowlis Wester;fowlis_wester
http://www.meetup.com/cities/gb/w1/fruix/;Fruix;fruix
http://www.meetup.com/cities/gb/w1/gairney_bank/;Gairney Bank;gairney_bank
http://www.meetup.com/cities/gb/w1/gilmerton/;Gilmerton;gilmerton
http://www.meetup.com/cities/gb/w1/glenalmond/;Glenalmond;glenalmond
http://www.meetup.com/cities/gb/w1/glencarse/;Glencarse;glencarse
http://www.meetup.com/cities/gb/w1/glendevon/;Glendevon;glendevon
http://www.meetup.com/cities/gb/w1/glendoick/;Glendoick;glendoick
http://www.meetup.com/cities/gb/w1/gleneagles_village/;Gleneagles Village;gleneagles_village
http://www.meetup.com/cities/gb/w1/glenfarg/;Glenfarg;glenfarg
http://www.meetup.com/cities/gb/w1/glenlomond/;Glenlomond;glenlomond
http://www.meetup.com/cities/gb/w1/glenlyon/;Glenlyon;glenlyon
http://www.meetup.com/cities/gb/w1/glenshee/;Glenshee;glenshee
http://www.meetup.com/cities/gb/w1/grandtully/;Grandtully;grandtully
http://www.meetup.com/cities/gb/w1/greenloaning/;Greenloaning;greenloaning
http://www.meetup.com/cities/gb/w1/guildtown/;Guildtown;guildtown
http://www.meetup.com/cities/gb/w1/huntingtowerfield/;Huntingtowerfield;huntingtowerfield
http://www.meetup.com/cities/gb/w1/inchture/;Inchture;inchture
http://www.meetup.com/cities/gb/w1/inver/;Inver;inver
http://www.meetup.com/cities/gb/w1/inveralmond_industrial_estate/;Inveralmond Industrial Estate;inveralmond_industrial_estate
http://www.meetup.com/cities/gb/w1/keltneyburn/;Keltneyburn;keltneyburn
http://www.meetup.com/cities/gb/w1/kelty/;Kelty;kelty
http://www.meetup.com/cities/gb/w1/kenmore/;Kenmore;kenmore
http://www.meetup.com/cities/gb/w1/kettins/;Kettins;kettins
http://www.meetup.com/cities/gb/w1/killiecrankie/;Killiecrankie;killiecrankie
http://www.meetup.com/cities/gb/w1/kilspindie/;Kilspindie;kilspindie
http://www.meetup.com/cities/gb/w1/kindallachan/;Kindallachan;kindallachan
http://www.meetup.com/cities/gb/w1/kinfauns/;Kinfauns;kinfauns
http://www.meetup.com/cities/gb/w1/kinglassie/;Kinglassie;kinglassie
http://www.meetup.com/cities/gb/w1/kinloch/;Kinloch;kinloch
http://www.meetup.com/cities/gb/w1/kinloch_rannoch/;Kinloch Rannoch;kinloch_rannoch
http://www.meetup.com/cities/gb/w1/kinnesswood/;Kinnesswood;kinnesswood
http://www.meetup.com/cities/gb/w1/kinross/;Kinross;kinross
http://www.meetup.com/cities/gb/w1/kinrossie/;Kinrossie;kinrossie
http://www.meetup.com/cities/gb/w1/kirkmichael/;Kirkmichael;kirkmichael
http://www.meetup.com/cities/gb/w1/lawers/;Lawers;lawers
http://www.meetup.com/cities/gb/w1/leslie/;Leslie;leslie
http://www.meetup.com/cities/gb/w1/lethangie/;Lethangie;lethangie
http://www.meetup.com/cities/gb/w1/little_dunkeld/;Little Dunkeld;little_dunkeld
http://www.meetup.com/cities/gb/w1/logiealmond/;Logiealmond;logiealmond
http://www.meetup.com/cities/gb/w1/logierait/;Logierait;logierait
http://www.meetup.com/cities/gb/w1/luncarty/;Luncarty;luncarty
http://www.meetup.com/cities/gb/w1/madderty/;Madderty;madderty
http://www.meetup.com/cities/gb/w1/mawcarse/;Mawcarse;mawcarse
http://www.meetup.com/cities/gb/w1/meigle/;Meigle;meigle
http://www.meetup.com/cities/gb/w1/meikleour/;Meikleour;meikleour
http://www.meetup.com/cities/gb/w1/methven/;Methven;methven
http://www.meetup.com/cities/gb/w1/milnathort/;Milnathort;milnathort
http://www.meetup.com/cities/gb/w1/moulin/;Moulin;moulin
http://www.meetup.com/cities/gb/w1/muirton/;Muirton;muirton
http://www.meetup.com/cities/gb/w1/murthly/;Murthly;murthly
http://www.meetup.com/cities/gb/w1/muthill/;Muthill;muthill
http://www.meetup.com/cities/gb/w1/new_alyth/;New Alyth;new_alyth
http://www.meetup.com/cities/gb/w1/newburgh/;Newburgh;newburgh
http://www.meetup.com/cities/gb/w1/newton_of_pitcairn/;Newton of Pitcairn;newton_of_pitcairn
http://www.meetup.com/cities/gb/w1/old_bridge_of_tilt/;Old Bridge of Tilt;old_bridge_of_tilt
http://www.meetup.com/cities/gb/w1/old_scone/;Old Scone;old_scone
http://www.meetup.com/cities/gb/w1/perth/;Perth;perth
http://www.meetup.com/cities/gb/w1/pitcairnfield/;Pitcairnfield;pitcairnfield
http://www.meetup.com/cities/gb/w1/pitcairngreen/;Pitcairngreen;pitcairngreen
http://www.meetup.com/cities/gb/w1/pitlochry/;Pitlochry;pitlochry
http://www.meetup.com/cities/gb/w1/pitroddie/;Pitroddie;pitroddie
http://www.meetup.com/cities/gb/w1/powmill/;Powmill;powmill
http://www.meetup.com/cities/gb/w1/rait/;Rait;rait
http://www.meetup.com/cities/gb/w1/rannoch/;Rannoch;rannoch
http://www.meetup.com/cities/gb/w1/rattray/;Rattray;rattray
http://www.meetup.com/cities/gb/w1/redgorton/;Redgorton;redgorton
http://www.meetup.com/cities/gb/w1/rhynd/;Rhynd;rhynd
http://www.meetup.com/cities/gb/w1/rumbling_bridge/;Rumbling Bridge;rumbling_bridge
http://www.meetup.com/cities/gb/w1/ruthvenfield/;Ruthvenfield;ruthvenfield
http://www.meetup.com/cities/gb/w1/saucher/;Saucher;saucher
http://www.meetup.com/cities/gb/w1/scone/;Scone;scone
http://www.meetup.com/cities/gb/w1/scotlandwell/;Scotlandwell;scotlandwell
http://www.meetup.com/cities/gb/w1/solsgirth/;Solsgirth;solsgirth
http://www.meetup.com/cities/gb/w1/spittalfield/;Spittalfield;spittalfield
http://www.meetup.com/cities/gb/w1/stanley/;Stanley;stanley
http://www.meetup.com/cities/gb/w1/st_fillans/;St Fillans;st_fillans
http://www.meetup.com/cities/gb/w1/st_madoes/;St Madoes;st_madoes
http://www.meetup.com/cities/gb/w1/st_martins/;St Martins;st_martins
http://www.meetup.com/cities/gb/w1/stormontfield/;Stormontfield;stormontfield
http://www.meetup.com/cities/gb/w1/strathmiglo/;Strathmiglo;strathmiglo
http://www.meetup.com/cities/gb/w1/strathtay/;Strathtay;strathtay
http://www.meetup.com/cities/gb/w1/strath_tummel/;Strath Tummel;strath_tummel
http://www.meetup.com/cities/gb/w1/tibbermore/;Tibbermore;tibbermore
http://www.meetup.com/cities/gb/w1/trinafour/;Trinafour;trinafour
http://www.meetup.com/cities/gb/w1/trochry/;Trochry;trochry
http://www.meetup.com/cities/gb/w1/tulliemet/;Tulliemet;tulliemet
http://www.meetup.com/cities/gb/w1/tummel_bridge/;Tummel Bridge;tummel_bridge
http://www.meetup.com/cities/gb/w1/waterloo_bankfoot/;Waterloo Bankfoot;waterloo_bankfoot
http://www.meetup.com/cities/gb/w1/weem/;Weem;weem
http://www.meetup.com/cities/gb/w1/wester_balgedie/;Wester Balgedie;wester_balgedie
http://www.meetup.com/cities/gb/w1/wester_essendy/;Wester Essendy;wester_essendy
http://www.meetup.com/cities/gb/w1/west_huntingtower/;West Huntingtower;west_huntingtower
http://www.meetup.com/cities/gb/w1/wolfhill/;Wolfhill;wolfhill
http://www.meetup.com/cities/gb/w1/woodside/;Woodside;woodside
http://www.meetup.com/cities/gb/w1/aberargie/;Aberargie;aberargie
http://www.meetup.com/cities/gb/w1/aberdalgie/;Aberdalgie;aberdalgie
http://www.meetup.com/cities/gb/w1/aberfeldy/;Aberfeldy;aberfeldy
http://www.meetup.com/cities/gb/w1/abernethy/;Abernethy;abernethy
http://www.meetup.com/cities/gb/w1/abernyte/;Abernyte;abernyte
http://www.meetup.com/cities/gb/w1/aberuthven/;Aberuthven;aberuthven
http://www.meetup.com/cities/gb/w1/acharn/;Acharn;acharn
http://www.meetup.com/cities/gb/w1/almondbank/;Almondbank;almondbank
http://www.meetup.com/cities/gb/w1/altamount/;Altamount;altamount
http://www.meetup.com/cities/gb/w1/alyth/;Alyth;alyth
http://www.meetup.com/cities/gb/w1/amulree/;Amulree;amulree
http://www.meetup.com/cities/gb/w1/ardargie/;Ardargie;ardargie
http://www.meetup.com/cities/gb/w1/ardler/;Ardler;ardler
http://www.meetup.com/cities/gb/w1/auchmuirbridge/;Auchmuirbridge;auchmuirbridge
http://www.meetup.com/cities/gb/w1/auchterarder/;Auchterarder;auchterarder
http://www.meetup.com/cities/gb/w1/balado/;Balado;balado
http://www.meetup.com/cities/gb/w1/balbeggie/;Balbeggie;balbeggie
http://www.meetup.com/cities/gb/w1/ballinluig/;Ballinluig;ballinluig
http://www.meetup.com/cities/gb/w1/ballintuim/;Ballintuim;ballintuim
http://www.meetup.com/cities/gb/w1/ballyoukan/;Ballyoukan;ballyoukan
http://www.meetup.com/cities/gb/w1/balnaguard/;Balnaguard;balnaguard
http://www.meetup.com/cities/gb/w1/bankfoot/;Bankfoot;bankfoot
http://www.meetup.com/cities/gb/w1/birnam/;Birnam;birnam
http://www.meetup.com/cities/gb/w1/blackford/;Blackford;blackford
http://www.meetup.com/cities/gb/w1/blacklunans/;Blacklunans;blacklunans
http://www.meetup.com/cities/gb/w1/blairadam/;Blairadam;blairadam
http://www.meetup.com/cities/gb/w1/blair_atholl/;Blair Atholl;blair_atholl
http://www.meetup.com/cities/gb/w1/blairforge/;Blairforge;blairforge
http://www.meetup.com/cities/gb/w1/blairgowrie/;Blairgowrie;blairgowrie
http://www.meetup.com/cities/gb/w1/blairingone/;Blairingone;blairingone
http://www.meetup.com/cities/gb/w1/boltachan/;Boltachan;boltachan
http://www.meetup.com/cities/gb/w1/bridgend_industrial_estate/;Bridgend Industrial Estate;bridgend_industrial_estate
http://www.meetup.com/cities/gb/w1/bridge_of_cally/;Bridge of Cally;bridge_of_cally
http://www.meetup.com/cities/gb/w1/bridge_of_earn/;Bridge of Earn;bridge_of_earn
http://www.meetup.com/cities/gb/w1/bridge_of_gaur/;Bridge of Gaur;bridge_of_gaur
http://www.meetup.com/cities/gb/w1/bridge_of_tilt/;Bridge of Tilt;bridge_of_tilt
http://www.meetup.com/cities/gb/w1/burrelton/;Burrelton;burrelton
http://www.meetup.com/cities/gb/w1/butterstone/;Butterstone;butterstone
http://www.meetup.com/cities/gb/w1/calvine/;Calvine;calvine
http://www.meetup.com/cities/gb/w1/camserney/;Camserney;camserney
http://www.meetup.com/cities/gb/w1/caputh/;Caputh;caputh
http://www.meetup.com/cities/gb/w1/cardenden/;Cardenden;cardenden
http://www.meetup.com/cities/gb/w1/cargill/;Cargill;cargill
http://www.meetup.com/cities/gb/w1/carnbo/;Carnbo;carnbo
http://www.meetup.com/cities/gb/w1/carsie/;Carsie;carsie
http://www.meetup.com/cities/gb/w1/clathymore/;Clathymore;clathymore
http://www.meetup.com/cities/gb/w1/cleish/;Cleish;cleish
http://www.meetup.com/cities/gb/w1/clunie/;Clunie;clunie
http://www.meetup.com/cities/gb/w1/collace/;Collace;collace
http://www.meetup.com/cities/gb/w1/comrie/;Comrie;comrie
http://www.meetup.com/cities/gb/w1/coupar_angus/;Coupar Angus;coupar_angus
http://www.meetup.com/cities/gb/w1/craigend/;Craigend;craigend
http://www.meetup.com/cities/gb/w1/crieff/;Crieff;crieff
http://www.meetup.com/cities/gb/w1/croftinloan/;Croftinloan;croftinloan
http://www.meetup.com/cities/gb/w1/crook_of_devon/;Crook of Devon;crook_of_devon
http://www.meetup.com/cities/gb/w1/dalguise/;Dalguise;dalguise
http://www.meetup.com/cities/gb/w1/dalnaspidal/;Dalnaspidal;dalnaspidal
http://www.meetup.com/cities/gb/w1/dalshian/;Dalshian;dalshian
http://www.meetup.com/cities/gb/w1/dollar/;Dollar;dollar
http://www.meetup.com/cities/gb/w1/donavourd/;Donavourd;donavourd
http://www.meetup.com/cities/gb/w1/drum/;Drum;drum
http://www.meetup.com/cities/gb/w1/dunalastair/;Dunalastair;dunalastair
http://www.meetup.com/cities/gb/w1/duncrievie/;Duncrievie;duncrievie
http://www.meetup.com/cities/gb/w1/dunira/;Dunira;dunira
http://www.meetup.com/cities/gb/w1/dunkeld/;Dunkeld;dunkeld
http://www.meetup.com/cities/gb/w1/dunning/;Dunning;dunning
http://www.meetup.com/cities/gb/w1/dunning_glen/;Dunning Glen;dunning_glen
http://www.meetup.com/cities/gb/w1/easter_balgedie/;Easter Balgedie;easter_balgedie
http://www.meetup.com/cities/gb/w1/east_haugh/;East Haugh;east_haugh
http://www.meetup.com/cities/gb/w1/enochdhu/;Enochdhu;enochdhu
http://www.meetup.com/cities/gb/w1/errol/;Errol;errol
http://www.meetup.com/cities/gb/w1/fearnan/;Fearnan;fearnan
http://www.meetup.com/cities/gb/w1/fincastle/;Fincastle;fincastle
http://www.meetup.com/cities/gb/w1/forgandenny/;Forgandenny;forgandenny
http://www.meetup.com/cities/gb/w1/forneth/;Forneth;forneth
http://www.meetup.com/cities/gb/w1/forteviot/;Forteviot;forteviot
http://www.meetup.com/cities/gb/w1/fortingall/;Fortingall;fortingall
http://www.meetup.com/cities/gb/w1/fossoway/;Fossoway;fossoway
http://www.meetup.com/cities/gb/w1/fowlis_wester/;Fowlis Wester;fowlis_wester
http://www.meetup.com/cities/gb/w1/fruix/;Fruix;fruix
http://www.meetup.com/cities/gb/w1/gairney_bank/;Gairney Bank;gairney_bank
http://www.meetup.com/cities/gb/w1/gilmerton/;Gilmerton;gilmerton
http://www.meetup.com/cities/gb/w1/glenalmond/;Glenalmond;glenalmond
http://www.meetup.com/cities/gb/w1/glencarse/;Glencarse;glencarse
http://www.meetup.com/cities/gb/w1/glendevon/;Glendevon;glendevon
http://www.meetup.com/cities/gb/w1/glendoick/;Glendoick;glendoick
http://www.meetup.com/cities/gb/w1/gleneagles_village/;Gleneagles Village;gleneagles_village
http://www.meetup.com/cities/gb/w1/glenfarg/;Glenfarg;glenfarg
http://www.meetup.com/cities/gb/w1/glenlomond/;Glenlomond;glenlomond
http://www.meetup.com/cities/gb/w1/glenlyon/;Glenlyon;glenlyon
http://www.meetup.com/cities/gb/w1/glenshee/;Glenshee;glenshee
http://www.meetup.com/cities/gb/w1/grandtully/;Grandtully;grandtully
http://www.meetup.com/cities/gb/w1/greenloaning/;Greenloaning;greenloaning
http://www.meetup.com/cities/gb/w1/guildtown/;Guildtown;guildtown
http://www.meetup.com/cities/gb/w1/huntingtowerfield/;Huntingtowerfield;huntingtowerfield
http://www.meetup.com/cities/gb/w1/inchture/;Inchture;inchture
http://www.meetup.com/cities/gb/w1/inver/;Inver;inver
http://www.meetup.com/cities/gb/w1/inveralmond_industrial_estate/;Inveralmond Industrial Estate;inveralmond_industrial_estate
http://www.meetup.com/cities/gb/w1/keltneyburn/;Keltneyburn;keltneyburn
http://www.meetup.com/cities/gb/w1/kelty/;Kelty;kelty
http://www.meetup.com/cities/gb/w1/kenmore/;Kenmore;kenmore
http://www.meetup.com/cities/gb/w1/kettins/;Kettins;kettins
http://www.meetup.com/cities/gb/w1/killiecrankie/;Killiecrankie;killiecrankie
http://www.meetup.com/cities/gb/w1/kilspindie/;Kilspindie;kilspindie
http://www.meetup.com/cities/gb/w1/kindallachan/;Kindallachan;kindallachan
http://www.meetup.com/cities/gb/w1/kinfauns/;Kinfauns;kinfauns
http://www.meetup.com/cities/gb/w1/kinglassie/;Kinglassie;kinglassie
http://www.meetup.com/cities/gb/w1/kinloch/;Kinloch;kinloch
http://www.meetup.com/cities/gb/w1/kinloch_rannoch/;Kinloch Rannoch;kinloch_rannoch
http://www.meetup.com/cities/gb/w1/kinnesswood/;Kinnesswood;kinnesswood
http://www.meetup.com/cities/gb/w1/kinross/;Kinross;kinross
http://www.meetup.com/cities/gb/w1/kinrossie/;Kinrossie;kinrossie
http://www.meetup.com/cities/gb/w1/kirkmichael/;Kirkmichael;kirkmichael
http://www.meetup.com/cities/gb/w1/lawers/;Lawers;lawers
http://www.meetup.com/cities/gb/w1/leslie/;Leslie;leslie
http://www.meetup.com/cities/gb/w1/lethangie/;Lethangie;lethangie
http://www.meetup.com/cities/gb/w1/little_dunkeld/;Little Dunkeld;little_dunkeld
http://www.meetup.com/cities/gb/w1/logiealmond/;Logiealmond;logiealmond
http://www.meetup.com/cities/gb/w1/logierait/;Logierait;logierait
http://www.meetup.com/cities/gb/w1/luncarty/;Luncarty;luncarty
http://www.meetup.com/cities/gb/w1/madderty/;Madderty;madderty
http://www.meetup.com/cities/gb/w1/mawcarse/;Mawcarse;mawcarse
http://www.meetup.com/cities/gb/w1/meigle/;Meigle;meigle
http://www.meetup.com/cities/gb/w1/meikleour/;Meikleour;meikleour
http://www.meetup.com/cities/gb/w1/methven/;Methven;methven
http://www.meetup.com/cities/gb/w1/milnathort/;Milnathort;milnathort
http://www.meetup.com/cities/gb/w1/moulin/;Moulin;moulin
http://www.meetup.com/cities/gb/w1/muirton/;Muirton;muirton
http://www.meetup.com/cities/gb/w1/murthly/;Murthly;murthly
http://www.meetup.com/cities/gb/w1/muthill/;Muthill;muthill
http://www.meetup.com/cities/gb/w1/new_alyth/;New Alyth;new_alyth
http://www.meetup.com/cities/gb/w1/newburgh/;Newburgh;newburgh
http://www.meetup.com/cities/gb/w1/newton_of_pitcairn/;Newton of Pitcairn;newton_of_pitcairn
http://www.meetup.com/cities/gb/w1/old_bridge_of_tilt/;Old Bridge of Tilt;old_bridge_of_tilt
http://www.meetup.com/cities/gb/w1/old_scone/;Old Scone;old_scone
http://www.meetup.com/cities/gb/w1/perth/;Perth;perth
http://www.meetup.com/cities/gb/w1/pitcairnfield/;Pitcairnfield;pitcairnfield
http://www.meetup.com/cities/gb/w1/pitcairngreen/;Pitcairngreen;pitcairngreen
http://www.meetup.com/cities/gb/w1/pitlochry/;Pitlochry;pitlochry
http://www.meetup.com/cities/gb/w1/pitroddie/;Pitroddie;pitroddie
http://www.meetup.com/cities/gb/w1/powmill/;Powmill;powmill
http://www.meetup.com/cities/gb/w1/rait/;Rait;rait
http://www.meetup.com/cities/gb/w1/rannoch/;Rannoch;rannoch
http://www.meetup.com/cities/gb/w1/rattray/;Rattray;rattray
http://www.meetup.com/cities/gb/w1/redgorton/;Redgorton;redgorton
http://www.meetup.com/cities/gb/w1/rhynd/;Rhynd;rhynd
http://www.meetup.com/cities/gb/w1/rumbling_bridge/;Rumbling Bridge;rumbling_bridge
http://www.meetup.com/cities/gb/w1/ruthvenfield/;Ruthvenfield;ruthvenfield
http://www.meetup.com/cities/gb/w1/saucher/;Saucher;saucher
http://www.meetup.com/cities/gb/w1/scone/;Scone;scone
http://www.meetup.com/cities/gb/w1/scotlandwell/;Scotlandwell;scotlandwell
http://www.meetup.com/cities/gb/w1/solsgirth/;Solsgirth;solsgirth
http://www.meetup.com/cities/gb/w1/spittalfield/;Spittalfield;spittalfield
http://www.meetup.com/cities/gb/w1/stanley/;Stanley;stanley
http://www.meetup.com/cities/gb/w1/st_fillans/;St Fillans;st_fillans
http://www.meetup.com/cities/gb/w1/st_madoes/;St Madoes;st_madoes
http://www.meetup.com/cities/gb/w1/st_martins/;St Martins;st_martins
http://www.meetup.com/cities/gb/w1/stormontfield/;Stormontfield;stormontfield
http://www.meetup.com/cities/gb/w1/strathmiglo/;Strathmiglo;strathmiglo
http://www.meetup.com/cities/gb/w1/strathtay/;Strathtay;strathtay
http://www.meetup.com/cities/gb/w1/strath_tummel/;Strath Tummel;strath_tummel
http://www.meetup.com/cities/gb/w1/tibbermore/;Tibbermore;tibbermore
http://www.meetup.com/cities/gb/w1/trinafour/;Trinafour;trinafour
http://www.meetup.com/cities/gb/w1/trochry/;Trochry;trochry
http://www.meetup.com/cities/gb/w1/tulliemet/;Tulliemet;tulliemet
http://www.meetup.com/cities/gb/w1/tummel_bridge/;Tummel Bridge;tummel_bridge
http://www.meetup.com/cities/gb/w1/waterloo_bankfoot/;Waterloo Bankfoot;waterloo_bankfoot
http://www.meetup.com/cities/gb/w1/weem/;Weem;weem
http://www.meetup.com/cities/gb/w1/wester_balgedie/;Wester Balgedie;wester_balgedie
http://www.meetup.com/cities/gb/w1/wester_essendy/;Wester Essendy;wester_essendy
http://www.meetup.com/cities/gb/w1/west_huntingtower/;West Huntingtower;west_huntingtower
http://www.meetup.com/cities/gb/w1/wolfhill/;Wolfhill;wolfhill
http://www.meetup.com/cities/gb/w1/woodside/;Woodside;woodside
