http://www.meetup.com/cities/gb/c6/blowinghouse/;Blowinghouse;blowinghouse
http://www.meetup.com/cities/gb/c6/bodmin/;Bodmin;bodmin
http://www.meetup.com/cities/gb/c6/bridges/;Bridges;bridges
http://www.meetup.com/cities/gb/c6/buckshead/;Buckshead;buckshead
http://www.meetup.com/cities/gb/c6/camborne/;Camborne;camborne
http://www.meetup.com/cities/gb/c6/carnon_crease/;Carnon Crease;carnon_crease
http://www.meetup.com/cities/gb/c6/carnon_downs/;Carnon Downs;carnon_downs
http://www.meetup.com/cities/gb/c6/chilsworthy/;Chilsworthy;chilsworthy
http://www.meetup.com/cities/gb/c6/cliff/;Cliff;cliff
http://www.meetup.com/cities/gb/c6/dunsmouth/;Dunsmouth;dunsmouth
http://www.meetup.com/cities/gb/c6/falmouth/;Falmouth;falmouth
http://www.meetup.com/cities/gb/c6/fenton_pitts/;Fenton Pitts;fenton_pitts
http://www.meetup.com/cities/gb/c6/feock/;Feock;feock
http://www.meetup.com/cities/gb/c6/grimscott/;Grimscott;grimscott
http://www.meetup.com/cities/gb/c6/halfway_house/;Halfway House;halfway_house
http://www.meetup.com/cities/gb/c6/harewood/;Harewood;harewood
http://www.meetup.com/cities/gb/c6/higher_west_tolgus/;Higher West Tolgus;higher_west_tolgus
http://www.meetup.com/cities/gb/c6/higher_wilcove/;Higher Wilcove;higher_wilcove
http://www.meetup.com/cities/gb/c6/hunters_oak/;Hunters Oak;hunters_oak
http://www.meetup.com/cities/gb/c6/menheniot/;Menheniot;menheniot
http://www.meetup.com/cities/gb/c6/menherion/;Menherion;menherion
http://www.meetup.com/cities/gb/c6/menna/;Menna;menna
http://www.meetup.com/cities/gb/c6/molinnis/;Molinnis;molinnis
http://www.meetup.com/cities/gb/c6/navarino/;Navarino;navarino
http://www.meetup.com/cities/gb/c6/newhall_green/;Newhall Green;newhall_green
http://www.meetup.com/cities/gb/c6/newham/;Newham;newham
http://www.meetup.com/cities/gb/c6/otterham/;Otterham;otterham
http://www.meetup.com/cities/gb/c6/park_bottom/;Park Bottom;park_bottom
http://www.meetup.com/cities/gb/c6/parkers_cross/;Parkers Cross;parkers_cross
http://www.meetup.com/cities/gb/c6/penzance/;Penzance;penzance
http://www.meetup.com/cities/gb/c6/port_isaac/;Port Isaac;port_isaac
http://www.meetup.com/cities/gb/c6/sevenmilestone/;Sevenmilestone;sevenmilestone
http://www.meetup.com/cities/gb/c6/st_austell/;St Austell;st_austell
http://www.meetup.com/cities/gb/c6/st_juliot/;St Juliot;st_juliot
http://www.meetup.com/cities/gb/c6/st_just/;St Just;st_just
http://www.meetup.com/cities/gb/c6/st_keyne/;St Keyne;st_keyne
http://www.meetup.com/cities/gb/c6/towan/;Towan;towan
http://www.meetup.com/cities/gb/c6/towednack/;Towednack;towednack
http://www.meetup.com/cities/gb/c6/treslothan/;Treslothan;treslothan
http://www.meetup.com/cities/gb/c6/tresmeer/;Tresmeer;tresmeer
http://www.meetup.com/cities/gb/c6/tresmorn/;Tresmorn;tresmorn
http://www.meetup.com/cities/gb/c6/tresparrett/;Tresparrett;tresparrett
http://www.meetup.com/cities/gb/c6/tresparrett_posts/;Tresparrett Posts;tresparrett_posts
http://www.meetup.com/cities/gb/c6/treswithian/;Treswithian;treswithian
http://www.meetup.com/cities/gb/c6/treswithian_downs/;Treswithian Downs;treswithian_downs
http://www.meetup.com/cities/gb/c6/trethawle/;Trethawle;trethawle
http://www.meetup.com/cities/gb/c6/tretherras/;Tretherras;tretherras
http://www.meetup.com/cities/gb/c6/truro/;Truro;truro
http://www.meetup.com/cities/gb/c6/vogue/;Vogue;vogue
http://www.meetup.com/cities/gb/c6/voguebeloth/;Voguebeloth;voguebeloth
http://www.meetup.com/cities/gb/c6/blowinghouse/;Blowinghouse;blowinghouse
http://www.meetup.com/cities/gb/c6/bodmin/;Bodmin;bodmin
http://www.meetup.com/cities/gb/c6/bridges/;Bridges;bridges
http://www.meetup.com/cities/gb/c6/buckshead/;Buckshead;buckshead
http://www.meetup.com/cities/gb/c6/camborne/;Camborne;camborne
http://www.meetup.com/cities/gb/c6/carnon_crease/;Carnon Crease;carnon_crease
http://www.meetup.com/cities/gb/c6/carnon_downs/;Carnon Downs;carnon_downs
http://www.meetup.com/cities/gb/c6/chilsworthy/;Chilsworthy;chilsworthy
http://www.meetup.com/cities/gb/c6/cliff/;Cliff;cliff
http://www.meetup.com/cities/gb/c6/dunsmouth/;Dunsmouth;dunsmouth
http://www.meetup.com/cities/gb/c6/falmouth/;Falmouth;falmouth
http://www.meetup.com/cities/gb/c6/fenton_pitts/;Fenton Pitts;fenton_pitts
http://www.meetup.com/cities/gb/c6/feock/;Feock;feock
http://www.meetup.com/cities/gb/c6/grimscott/;Grimscott;grimscott
http://www.meetup.com/cities/gb/c6/halfway_house/;Halfway House;halfway_house
http://www.meetup.com/cities/gb/c6/harewood/;Harewood;harewood
http://www.meetup.com/cities/gb/c6/higher_west_tolgus/;Higher West Tolgus;higher_west_tolgus
http://www.meetup.com/cities/gb/c6/higher_wilcove/;Higher Wilcove;higher_wilcove
http://www.meetup.com/cities/gb/c6/hunters_oak/;Hunters Oak;hunters_oak
http://www.meetup.com/cities/gb/c6/menheniot/;Menheniot;menheniot
http://www.meetup.com/cities/gb/c6/menherion/;Menherion;menherion
http://www.meetup.com/cities/gb/c6/menna/;Menna;menna
http://www.meetup.com/cities/gb/c6/molinnis/;Molinnis;molinnis
http://www.meetup.com/cities/gb/c6/navarino/;Navarino;navarino
http://www.meetup.com/cities/gb/c6/newhall_green/;Newhall Green;newhall_green
http://www.meetup.com/cities/gb/c6/newham/;Newham;newham
http://www.meetup.com/cities/gb/c6/otterham/;Otterham;otterham
http://www.meetup.com/cities/gb/c6/park_bottom/;Park Bottom;park_bottom
http://www.meetup.com/cities/gb/c6/parkers_cross/;Parkers Cross;parkers_cross
http://www.meetup.com/cities/gb/c6/penzance/;Penzance;penzance
http://www.meetup.com/cities/gb/c6/port_isaac/;Port Isaac;port_isaac
http://www.meetup.com/cities/gb/c6/sevenmilestone/;Sevenmilestone;sevenmilestone
http://www.meetup.com/cities/gb/c6/st_austell/;St Austell;st_austell
http://www.meetup.com/cities/gb/c6/st_juliot/;St Juliot;st_juliot
http://www.meetup.com/cities/gb/c6/st_just/;St Just;st_just
http://www.meetup.com/cities/gb/c6/st_keyne/;St Keyne;st_keyne
http://www.meetup.com/cities/gb/c6/towan/;Towan;towan
http://www.meetup.com/cities/gb/c6/towednack/;Towednack;towednack
http://www.meetup.com/cities/gb/c6/treslothan/;Treslothan;treslothan
http://www.meetup.com/cities/gb/c6/tresmeer/;Tresmeer;tresmeer
http://www.meetup.com/cities/gb/c6/tresmorn/;Tresmorn;tresmorn
http://www.meetup.com/cities/gb/c6/tresparrett/;Tresparrett;tresparrett
http://www.meetup.com/cities/gb/c6/tresparrett_posts/;Tresparrett Posts;tresparrett_posts
http://www.meetup.com/cities/gb/c6/treswithian/;Treswithian;treswithian
http://www.meetup.com/cities/gb/c6/treswithian_downs/;Treswithian Downs;treswithian_downs
http://www.meetup.com/cities/gb/c6/trethawle/;Trethawle;trethawle
http://www.meetup.com/cities/gb/c6/tretherras/;Tretherras;tretherras
http://www.meetup.com/cities/gb/c6/truro/;Truro;truro
http://www.meetup.com/cities/gb/c6/vogue/;Vogue;vogue
http://www.meetup.com/cities/gb/c6/voguebeloth/;Voguebeloth;voguebeloth
