http://www.meetup.com/cities/gb/41/annitsford/;Annitsford;annitsford
http://www.meetup.com/cities/gb/41/armstrong/;Armstrong;armstrong
http://www.meetup.com/cities/gb/41/arthurs_hill/;Arthurs Hill;arthurs_hill
http://www.meetup.com/cities/gb/41/backworth/;Backworth;backworth
http://www.meetup.com/cities/gb/41/barlow/;Barlow;barlow
http://www.meetup.com/cities/gb/41/barmoor/;Barmoor;barmoor
http://www.meetup.com/cities/gb/41/beamish/;Beamish;beamish
http://www.meetup.com/cities/gb/41/bensham/;Bensham;bensham
http://www.meetup.com/cities/gb/41/benton/;Benton;benton
http://www.meetup.com/cities/gb/41/benwell/;Benwell;benwell
http://www.meetup.com/cities/gb/41/bill_quay/;Bill Quay;bill_quay
http://www.meetup.com/cities/gb/41/birtley/;Birtley;birtley
http://www.meetup.com/cities/gb/41/black_callerton/;Black Callerton;black_callerton
http://www.meetup.com/cities/gb/41/blackhall_mill/;Blackhall Mill;blackhall_mill
http://www.meetup.com/cities/gb/41/blakelaw/;Blakelaw;blakelaw
http://www.meetup.com/cities/gb/41/blaydon_burn/;Blaydon Burn;blaydon_burn
http://www.meetup.com/cities/gb/41/blaydon-on-tyne/;Blaydon-on-tyne;blaydon-on-tyne
http://www.meetup.com/cities/gb/41/blucher/;Blucher;blucher
http://www.meetup.com/cities/gb/41/boldon_business_park/;Boldon Business Park;boldon_business_park
http://www.meetup.com/cities/gb/41/boldon_colliery/;Boldon Colliery;boldon_colliery
http://www.meetup.com/cities/gb/41/brunswick_village/;Brunswick Village;brunswick_village
http://www.meetup.com/cities/gb/41/brunton_bridge/;Brunton Bridge;brunton_bridge
http://www.meetup.com/cities/gb/41/brunton_park/;Brunton Park;brunton_park
http://www.meetup.com/cities/gb/41/burnopfield/;Burnopfield;burnopfield
http://www.meetup.com/cities/gb/41/burradon/;Burradon;burradon
http://www.meetup.com/cities/gb/41/byker/;Byker;byker
http://www.meetup.com/cities/gb/41/callerton/;Callerton;callerton
http://www.meetup.com/cities/gb/41/camperdown/;Camperdown;camperdown
http://www.meetup.com/cities/gb/41/camperdown_industrial_estate/;Camperdown Industrial Estate;camperdown_industrial_estate
http://www.meetup.com/cities/gb/41/carr_hill/;Carr Hill;carr_hill
http://www.meetup.com/cities/gb/41/castletown/;Castletown;castletown
http://www.meetup.com/cities/gb/41/chapel_park/;Chapel Park;chapel_park
http://www.meetup.com/cities/gb/41/chilton_moor/;Chilton Moor;chilton_moor
http://www.meetup.com/cities/gb/41/chirton/;Chirton;chirton
http://www.meetup.com/cities/gb/41/chopwell/;Chopwell;chopwell
http://www.meetup.com/cities/gb/41/clara_vale/;Clara Vale;clara_vale
http://www.meetup.com/cities/gb/41/cleadon/;Cleadon;cleadon
http://www.meetup.com/cities/gb/41/coalburns/;Coalburns;coalburns
http://www.meetup.com/cities/gb/41/cobalt_business_park/;Cobalt Business Park;cobalt_business_park
http://www.meetup.com/cities/gb/41/colliery_row/;Colliery Row;colliery_row
http://www.meetup.com/cities/gb/41/cowgate/;Cowgate;cowgate
http://www.meetup.com/cities/gb/41/coxgreen/;Coxgreen;coxgreen
http://www.meetup.com/cities/gb/41/coxlodge/;Coxlodge;coxlodge
http://www.meetup.com/cities/gb/41/cramlington/;Cramlington;cramlington
http://www.meetup.com/cities/gb/41/crawcrook/;Crawcrook;crawcrook
http://www.meetup.com/cities/gb/41/crowther/;Crowther;crowther
http://www.meetup.com/cities/gb/41/cullercoats/;Cullercoats;cullercoats
http://www.meetup.com/cities/gb/41/deckham/;Deckham;deckham
http://www.meetup.com/cities/gb/41/denton_burn/;Denton Burn;denton_burn
http://www.meetup.com/cities/gb/41/dinnington/;Dinnington;dinnington
http://www.meetup.com/cities/gb/41/doxford_international_business_park/;Doxford International Business Park;doxford_international_business_park
http://www.meetup.com/cities/gb/41/dubmire/;Dubmire;dubmire
http://www.meetup.com/cities/gb/41/dudley/;Dudley;dudley
http://www.meetup.com/cities/gb/41/dunston/;Dunston;dunston
http://www.meetup.com/cities/gb/41/durham/;Durham;durham
http://www.meetup.com/cities/gb/41/earsdon/;Earsdon;earsdon
http://www.meetup.com/cities/gb/41/easington_lane/;Easington Lane;easington_lane
http://www.meetup.com/cities/gb/41/east_boldon/;East Boldon;east_boldon
http://www.meetup.com/cities/gb/41/east_denton/;East Denton;east_denton
http://www.meetup.com/cities/gb/41/east_herrington/;East Herrington;east_herrington
http://www.meetup.com/cities/gb/41/east_holywell/;East Holywell;east_holywell
http://www.meetup.com/cities/gb/41/east_rainton/;East Rainton;east_rainton
http://www.meetup.com/cities/gb/41/eighton_banks/;Eighton Banks;eighton_banks
http://www.meetup.com/cities/gb/41/elemore_vale/;Elemore Vale;elemore_vale
http://www.meetup.com/cities/gb/41/elswick/;Elswick;elswick
http://www.meetup.com/cities/gb/41/farringdon/;Farringdon;farringdon
http://www.meetup.com/cities/gb/41/fatfield/;Fatfield;fatfield
http://www.meetup.com/cities/gb/41/fawdon/;Fawdon;fawdon
http://www.meetup.com/cities/gb/41/felling/;Felling;felling
http://www.meetup.com/cities/gb/41/fencehouses/;Fencehouses;fencehouses
http://www.meetup.com/cities/gb/41/fenham/;Fenham;fenham
http://www.meetup.com/cities/gb/41/forest_hall/;Forest Hall;forest_hall
http://www.meetup.com/cities/gb/41/gateshead/;Gateshead;gateshead
http://www.meetup.com/cities/gb/41/gosforth/;Gosforth;gosforth
http://www.meetup.com/cities/gb/41/grainger_park/;Grainger Park;grainger_park
http://www.meetup.com/cities/gb/41/grange_park/;Grange Park;grange_park
http://www.meetup.com/cities/gb/41/grasswell/;Grasswell;grasswell
http://www.meetup.com/cities/gb/41/great_usworth/;Great Usworth;great_usworth
http://www.meetup.com/cities/gb/41/greenside/;Greenside;greenside
http://www.meetup.com/cities/gb/41/hamsterley_colliery/;Hamsterley Colliery;hamsterley_colliery
http://www.meetup.com/cities/gb/41/hamsterley_mill/;Hamsterley Mill;hamsterley_mill
http://www.meetup.com/cities/gb/41/harlow_green/;Harlow Green;harlow_green
http://www.meetup.com/cities/gb/41/harraton/;Harraton;harraton
http://www.meetup.com/cities/gb/41/hazlerigg/;Hazlerigg;hazlerigg
http://www.meetup.com/cities/gb/41/heaton/;Heaton;heaton
http://www.meetup.com/cities/gb/41/hebburn/;Hebburn;hebburn
http://www.meetup.com/cities/gb/41/hendon/;Hendon;hendon
http://www.meetup.com/cities/gb/41/herrington_burn/;Herrington Burn;herrington_burn
http://www.meetup.com/cities/gb/41/herrington_hill/;Herrington Hill;herrington_hill
http://www.meetup.com/cities/gb/41/hertburn/;Hertburn;hertburn
http://www.meetup.com/cities/gb/41/hetton-le-hole/;Hetton-le-Hole;hetton-le-hole
http://www.meetup.com/cities/gb/41/high_felling/;High Felling;high_felling
http://www.meetup.com/cities/gb/41/highfield/;Highfield;highfield
http://www.meetup.com/cities/gb/41/high_heaton/;High Heaton;high_heaton
http://www.meetup.com/cities/gb/41/high_moorsley/;High Moorsley;high_moorsley
http://www.meetup.com/cities/gb/41/high_rickleton/;High Rickleton;high_rickleton
http://www.meetup.com/cities/gb/41/high_spen/;High Spen;high_spen
http://www.meetup.com/cities/gb/41/holystone/;Holystone;holystone
http://www.meetup.com/cities/gb/41/houghton_le_spring/;Houghton Le Spring;houghton_le_spring
http://www.meetup.com/cities/gb/41/jarrow/;Jarrow;jarrow
http://www.meetup.com/cities/gb/41/jesmond/;Jesmond;jesmond
http://www.meetup.com/cities/gb/41/kenton/;Kenton;kenton
http://www.meetup.com/cities/gb/41/kenton_bank_foot/;Kenton Bank Foot;kenton_bank_foot
http://www.meetup.com/cities/gb/41/kibblesworth/;Kibblesworth;kibblesworth
http://www.meetup.com/cities/gb/41/killingworth/;Killingworth;killingworth
http://www.meetup.com/cities/gb/41/killingworth_village/;Killingworth Village;killingworth_village
http://www.meetup.com/cities/gb/41/kingston_park/;Kingston Park;kingston_park
http://www.meetup.com/cities/gb/41/lamesley/;Lamesley;lamesley
http://www.meetup.com/cities/gb/41/leechmere/;Leechmere;leechmere
http://www.meetup.com/cities/gb/41/leechmere_industrial_estate/;Leechmere Industrial Estate;leechmere_industrial_estate
http://www.meetup.com/cities/gb/41/lemington/;Lemington;lemington
http://www.meetup.com/cities/gb/41/lintzford/;Lintzford;lintzford
http://www.meetup.com/cities/gb/41/lobley_hill/;Lobley Hill;lobley_hill
http://www.meetup.com/cities/gb/41/longbenton/;Longbenton;longbenton
http://www.meetup.com/cities/gb/41/low_eighton/;Low Eighton;low_eighton
http://www.meetup.com/cities/gb/41/low_fell/;Low Fell;low_fell
http://www.meetup.com/cities/gb/41/marley_hill/;Marley Hill;marley_hill
http://www.meetup.com/cities/gb/41/melton_park/;Melton Park;melton_park
http://www.meetup.com/cities/gb/41/metro_riverside_park/;Metro Riverside Park;metro_riverside_park
http://www.meetup.com/cities/gb/41/middlefields_industrial_estate/;Middlefields Industrial Estate;middlefields_industrial_estate
http://www.meetup.com/cities/gb/41/middle_rainton/;Middle Rainton;middle_rainton
http://www.meetup.com/cities/gb/41/monkseaton/;Monkseaton;monkseaton
http://www.meetup.com/cities/gb/41/monkton_business_park_south/;Monkton Business Park South;monkton_business_park_south
http://www.meetup.com/cities/gb/41/monkton_village/;Monkton Village;monkton_village
http://www.meetup.com/cities/gb/41/murton/;Murton;murton
http://www.meetup.com/cities/gb/41/murton_village/;Murton Village;murton_village
http://www.meetup.com/cities/gb/41/newbottle/;Newbottle;newbottle
http://www.meetup.com/cities/gb/41/newburn/;Newburn;newburn
http://www.meetup.com/cities/gb/41/newcastle_business_park/;Newcastle Business Park;newcastle_business_park
http://www.meetup.com/cities/gb/41/newcastle_international_airport/;Newcastle International Airport;newcastle_international_airport
http://www.meetup.com/cities/gb/41/newcastle_upon_tyne/;Newcastle Upon Tyne;newcastle_upon_tyne
http://www.meetup.com/cities/gb/41/new_herrington/;New Herrington;new_herrington
http://www.meetup.com/cities/gb/41/new_penshaw/;New Penshaw;new_penshaw
http://www.meetup.com/cities/gb/41/new_silksworth/;New Silksworth;new_silksworth
http://www.meetup.com/cities/gb/41/new_york_industrial_park/;New York Industrial Park;new_york_industrial_park
http://www.meetup.com/cities/gb/41/north_brunton/;North Brunton;north_brunton
http://www.meetup.com/cities/gb/41/north_gosforth/;North Gosforth;north_gosforth
http://www.meetup.com/cities/gb/41/north_hylton/;North Hylton;north_hylton
http://www.meetup.com/cities/gb/41/north_shields/;North Shields;north_shields
http://www.meetup.com/cities/gb/41/north_walbottle/;North Walbottle;north_walbottle
http://www.meetup.com/cities/gb/41/old_penshaw/;Old Penshaw;old_penshaw
http://www.meetup.com/cities/gb/41/old_ravensworth/;Old Ravensworth;old_ravensworth
http://www.meetup.com/cities/gb/41/orion_business_park/;Orion Business Park;orion_business_park
http://www.meetup.com/cities/gb/41/palmersville/;Palmersville;palmersville
http://www.meetup.com/cities/gb/41/parsons_industrial_estate/;Parsons Industrial Estate;parsons_industrial_estate
http://www.meetup.com/cities/gb/41/pattinson_industrial_estate/;Pattinson Industrial Estate;pattinson_industrial_estate
http://www.meetup.com/cities/gb/41/pelaw/;Pelaw;pelaw
http://www.meetup.com/cities/gb/41/penshaw/;Penshaw;penshaw
http://www.meetup.com/cities/gb/41/percy_main/;Percy Main;percy_main
http://www.meetup.com/cities/gb/41/philadelphia/;Philadelphia;philadelphia
http://www.meetup.com/cities/gb/41/ponteland/;Ponteland;ponteland
http://www.meetup.com/cities/gb/41/portobello_trading_estate/;Portobello Trading Estate;portobello_trading_estate
http://www.meetup.com/cities/gb/41/preston/;Preston;preston
http://www.meetup.com/cities/gb/41/prestwick/;Prestwick;prestwick
http://www.meetup.com/cities/gb/41/prudhoe/;Prudhoe;prudhoe
http://www.meetup.com/cities/gb/41/rickleton/;Rickleton;rickleton
http://www.meetup.com/cities/gb/41/rowlands_gill/;Rowlands Gill;rowlands_gill
http://www.meetup.com/cities/gb/41/ryhope/;Ryhope;ryhope
http://www.meetup.com/cities/gb/41/ryton/;Ryton;ryton
http://www.meetup.com/cities/gb/41/saltwell/;Saltwell;saltwell
http://www.meetup.com/cities/gb/41/scotswood/;Scotswood;scotswood
http://www.meetup.com/cities/gb/41/seaton/;Seaton;seaton
http://www.meetup.com/cities/gb/41/seaton_burn/;Seaton Burn;seaton_burn
http://www.meetup.com/cities/gb/41/sedgeletch/;Sedgeletch;sedgeletch
http://www.meetup.com/cities/gb/41/sheriff_hill/;Sheriff Hill;sheriff_hill
http://www.meetup.com/cities/gb/41/shieldfield/;Shieldfield;shieldfield
http://www.meetup.com/cities/gb/41/shiney_row/;Shiney Row;shiney_row
http://www.meetup.com/cities/gb/41/shiremoor/;Shiremoor;shiremoor
http://www.meetup.com/cities/gb/41/silksworth/;Silksworth;silksworth
http://www.meetup.com/cities/gb/41/south_denton/;South Denton;south_denton
http://www.meetup.com/cities/gb/41/south_gosforth/;South Gosforth;south_gosforth
http://www.meetup.com/cities/gb/41/south_hylton/;South Hylton;south_hylton
http://www.meetup.com/cities/gb/41/south_shields/;South Shields;south_shields
http://www.meetup.com/cities/gb/41/south_wellfield/;South Wellfield;south_wellfield
http://www.meetup.com/cities/gb/41/southwick/;Southwick;southwick
http://www.meetup.com/cities/gb/41/spital_tongues/;Spital Tongues;spital_tongues
http://www.meetup.com/cities/gb/41/springwell/;Springwell;springwell
http://www.meetup.com/cities/gb/41/springwell_village/;Springwell Village;springwell_village
http://www.meetup.com/cities/gb/41/st_anthonys/;St Anthonys;st_anthonys
http://www.meetup.com/cities/gb/41/stephenson_industrial_estate/;Stephenson Industrial Estate;stephenson_industrial_estate
http://www.meetup.com/cities/gb/41/stoneygate/;Stoneygate;stoneygate
http://www.meetup.com/cities/gb/41/sunderland/;Sunderland;sunderland
http://www.meetup.com/cities/gb/41/sunderland_enterprise_park/;Sunderland Enterprise Park;sunderland_enterprise_park
http://www.meetup.com/cities/gb/41/sunniside/;Sunniside;sunniside
http://www.meetup.com/cities/gb/41/swalwell/;Swalwell;swalwell
http://www.meetup.com/cities/gb/41/team_valley_trading_estate/;Team Valley Trading Estate;team_valley_trading_estate
http://www.meetup.com/cities/gb/41/throckley/;Throckley;throckley
http://www.meetup.com/cities/gb/41/tynemouth/;Tynemouth;tynemouth
http://www.meetup.com/cities/gb/41/tyne_tunnel_trading_estate/;Tyne Tunnel Trading Estate;tyne_tunnel_trading_estate
http://www.meetup.com/cities/gb/41/victoria_garesfield/;Victoria Garesfield;victoria_garesfield
http://www.meetup.com/cities/gb/41/walbottle/;Walbottle;walbottle
http://www.meetup.com/cities/gb/41/walker/;Walker;walker
http://www.meetup.com/cities/gb/41/walkergate/;Walkergate;walkergate
http://www.meetup.com/cities/gb/41/walkerville/;Walkerville;walkerville
http://www.meetup.com/cities/gb/41/wallsend/;Wallsend;wallsend
http://www.meetup.com/cities/gb/41/wardley/;Wardley;wardley
http://www.meetup.com/cities/gb/41/wardley_colliery/;Wardley Colliery;wardley_colliery
http://www.meetup.com/cities/gb/41/washington/;Washington;washington
http://www.meetup.com/cities/gb/41/wellfield/;Wellfield;wellfield
http://www.meetup.com/cities/gb/41/west_allotment/;West Allotment;west_allotment
http://www.meetup.com/cities/gb/41/west_boldon/;West Boldon;west_boldon
http://www.meetup.com/cities/gb/41/west_denton/;West Denton;west_denton
http://www.meetup.com/cities/gb/41/westerhope/;Westerhope;westerhope
http://www.meetup.com/cities/gb/41/west_herrington/;West Herrington;west_herrington
http://www.meetup.com/cities/gb/41/west_holywell/;West Holywell;west_holywell
http://www.meetup.com/cities/gb/41/west_jesmond/;West Jesmond;west_jesmond
http://www.meetup.com/cities/gb/41/west_moor/;West Moor;west_moor
http://www.meetup.com/cities/gb/41/west_rainton/;West Rainton;west_rainton
http://www.meetup.com/cities/gb/41/westway_industrial_park/;Westway Industrial Park;westway_industrial_park
http://www.meetup.com/cities/gb/41/whickham/;Whickham;whickham
http://www.meetup.com/cities/gb/41/whitburn/;Whitburn;whitburn
http://www.meetup.com/cities/gb/41/whitley_bay/;Whitley Bay;whitley_bay
http://www.meetup.com/cities/gb/41/whorlton_grange/;Whorlton Grange;whorlton_grange
http://www.meetup.com/cities/gb/41/wideopen/;Wideopen;wideopen
http://www.meetup.com/cities/gb/41/willington_quay/;Willington Quay;willington_quay
http://www.meetup.com/cities/gb/41/windy_nook/;Windy Nook;windy_nook
http://www.meetup.com/cities/gb/41/winlaton/;Winlaton;winlaton
http://www.meetup.com/cities/gb/41/winlaton_mill/;Winlaton Mill;winlaton_mill
http://www.meetup.com/cities/gb/41/woodside/;Woodside;woodside
http://www.meetup.com/cities/gb/41/woolsington/;Woolsington;woolsington
http://www.meetup.com/cities/gb/41/wrekenton/;Wrekenton;wrekenton
