http://www.meetup.com/cities/gb/v3/aberarder/;Aberarder;aberarder
http://www.meetup.com/cities/gb/v3/abriachan/;Abriachan;abriachan
http://www.meetup.com/cities/gb/v3/achachork/;Achachork;achachork
http://www.meetup.com/cities/gb/v3/achanalt/;Achanalt;achanalt
http://www.meetup.com/cities/gb/v3/achaphubil/;Achaphubil;achaphubil
http://www.meetup.com/cities/gb/v3/achavandra_muir/;Achavandra Muir;achavandra_muir
http://www.meetup.com/cities/gb/v3/achfary/;Achfary;achfary
http://www.meetup.com/cities/gb/v3/achiltibuie/;Achiltibuie;achiltibuie
http://www.meetup.com/cities/gb/v3/achilty/;Achilty;achilty
http://www.meetup.com/cities/gb/v3/achlunachan/;Achlunachan;achlunachan
http://www.meetup.com/cities/gb/v3/achmore/;Achmore;achmore
http://www.meetup.com/cities/gb/v3/achnacarry/;Achnacarry;achnacarry
http://www.meetup.com/cities/gb/v3/achnagarron/;Achnagarron;achnagarron
http://www.meetup.com/cities/gb/v3/achnahaird/;Achnahaird;achnahaird
http://www.meetup.com/cities/gb/v3/achnahanaid/;Achnahanaid;achnahanaid
http://www.meetup.com/cities/gb/v3/achnasheen/;Achnasheen;achnasheen
http://www.meetup.com/cities/gb/v3/achriesgill/;Achriesgill;achriesgill
http://www.meetup.com/cities/gb/v3/achrimsdale/;Achrimsdale;achrimsdale
http://www.meetup.com/cities/gb/v3/ackergill/;Ackergill;ackergill
http://www.meetup.com/cities/gb/v3/advie/;Advie;advie
http://www.meetup.com/cities/gb/v3/aigas/;Aigas;aigas
http://www.meetup.com/cities/gb/v3/aird/;Aird;aird
http://www.meetup.com/cities/gb/v3/alcaig/;Alcaig;alcaig
http://www.meetup.com/cities/gb/v3/aldourie/;Aldourie;aldourie
http://www.meetup.com/cities/gb/v3/allanfearn/;Allanfearn;allanfearn
http://www.meetup.com/cities/gb/v3/alligin/;Alligin;alligin
http://www.meetup.com/cities/gb/v3/alness/;Alness;alness
http://www.meetup.com/cities/gb/v3/altandhu/;Altandhu;altandhu
http://www.meetup.com/cities/gb/v3/altnabreac/;Altnabreac;altnabreac
http://www.meetup.com/cities/gb/v3/altnaharra/;Altnaharra;altnaharra
http://www.meetup.com/cities/gb/v3/altvaid/;Altvaid;altvaid
http://www.meetup.com/cities/gb/v3/annat/;Annat;annat
http://www.meetup.com/cities/gb/v3/annishader/;Annishader;annishader
http://www.meetup.com/cities/gb/v3/applecross/;Applecross;applecross
http://www.meetup.com/cities/gb/v3/arabella/;Arabella;arabella
http://www.meetup.com/cities/gb/v3/ardcharnich/;Ardcharnich;ardcharnich
http://www.meetup.com/cities/gb/v3/ardelve/;Ardelve;ardelve
http://www.meetup.com/cities/gb/v3/ardendrain/;Ardendrain;ardendrain
http://www.meetup.com/cities/gb/v3/ardersier/;Ardersier;ardersier
http://www.meetup.com/cities/gb/v3/ardessie/;Ardessie;ardessie
http://www.meetup.com/cities/gb/v3/ardgay/;Ardgay;ardgay
http://www.meetup.com/cities/gb/v3/ardgour/;Ardgour;ardgour
http://www.meetup.com/cities/gb/v3/ardindrean/;Ardindrean;ardindrean
http://www.meetup.com/cities/gb/v3/ardmair/;Ardmair;ardmair
http://www.meetup.com/cities/gb/v3/ardnarff/;Ardnarff;ardnarff
http://www.meetup.com/cities/gb/v3/ardross/;Ardross;ardross
http://www.meetup.com/cities/gb/v3/ardtornish/;Ardtornish;ardtornish
http://www.meetup.com/cities/gb/v3/ardvannie/;Ardvannie;ardvannie
http://www.meetup.com/cities/gb/v3/ardvasar/;Ardvasar;ardvasar
http://www.meetup.com/cities/gb/v3/arisaig/;Arisaig;arisaig
http://www.meetup.com/cities/gb/v3/armadale/;Armadale;armadale
http://www.meetup.com/cities/gb/v3/arnisdale/;Arnisdale;arnisdale
http://www.meetup.com/cities/gb/v3/arnish/;Arnish;arnish
http://www.meetup.com/cities/gb/v3/arnisort/;Arnisort;arnisort
http://www.meetup.com/cities/gb/v3/arrina/;Arrina;arrina
http://www.meetup.com/cities/gb/v3/artafallie/;Artafallie;artafallie
http://www.meetup.com/cities/gb/v3/ashaig/;Ashaig;ashaig
http://www.meetup.com/cities/gb/v3/auchindrean/;Auchindrean;auchindrean
http://www.meetup.com/cities/gb/v3/auchterawe/;Auchterawe;auchterawe
http://www.meetup.com/cities/gb/v3/auckengill/;Auckengill;auckengill
http://www.meetup.com/cities/gb/v3/auldearn/;Auldearn;auldearn
http://www.meetup.com/cities/gb/v3/aultachruine/;Aultachruine;aultachruine
http://www.meetup.com/cities/gb/v3/aultbea/;Aultbea;aultbea
http://www.meetup.com/cities/gb/v3/aultgrishan/;Aultgrishan;aultgrishan
http://www.meetup.com/cities/gb/v3/aviemore/;Aviemore;aviemore
http://www.meetup.com/cities/gb/v3/avoch/;Avoch;avoch
http://www.meetup.com/cities/gb/v3/badachro/;Badachro;badachro
http://www.meetup.com/cities/gb/v3/badbea/;Badbea;badbea
http://www.meetup.com/cities/gb/v3/badcall/;Badcall;badcall
http://www.meetup.com/cities/gb/v3/badcaul/;Badcaul;badcaul
http://www.meetup.com/cities/gb/v3/badenscallie/;Badenscallie;badenscallie
http://www.meetup.com/cities/gb/v3/badluarach/;Badluarach;badluarach
http://www.meetup.com/cities/gb/v3/badralloch/;Badralloch;badralloch
http://www.meetup.com/cities/gb/v3/balblair/;Balblair;balblair
http://www.meetup.com/cities/gb/v3/balchladich/;Balchladich;balchladich
http://www.meetup.com/cities/gb/v3/balintore/;Balintore;balintore
http://www.meetup.com/cities/gb/v3/ballachulish/;Ballachulish;ballachulish
http://www.meetup.com/cities/gb/v3/balloch/;Balloch;balloch
http://www.meetup.com/cities/gb/v3/balmacaan/;Balmacaan;balmacaan
http://www.meetup.com/cities/gb/v3/balmacara/;Balmacara;balmacara
http://www.meetup.com/cities/gb/v3/balmaqueen/;Balmaqueen;balmaqueen
http://www.meetup.com/cities/gb/v3/balmeanach/;Balmeanach;balmeanach
http://www.meetup.com/cities/gb/v3/balnabeen/;Balnabeen;balnabeen
http://www.meetup.com/cities/gb/v3/balnabruach/;Balnabruach;balnabruach
http://www.meetup.com/cities/gb/v3/balnacnoc/;Balnacnoc;balnacnoc
http://www.meetup.com/cities/gb/v3/balnagown/;Balnagown;balnagown
http://www.meetup.com/cities/gb/v3/balnain/;Balnain;balnain
http://www.meetup.com/cities/gb/v3/balnakeil/;Balnakeil;balnakeil
http://www.meetup.com/cities/gb/v3/balvoolich/;Balvoolich;balvoolich
http://www.meetup.com/cities/gb/v3/banavie/;Banavie;banavie
http://www.meetup.com/cities/gb/v3/barbaraville/;Barbaraville;barbaraville
http://www.meetup.com/cities/gb/v3/barnyards/;Barnyards;barnyards
http://www.meetup.com/cities/gb/v3/barrock/;Barrock;barrock
http://www.meetup.com/cities/gb/v3/beauly/;Beauly;beauly
http://www.meetup.com/cities/gb/v3/ben_nevis_industrial_estate/;Ben Nevis Industrial Estate;ben_nevis_industrial_estate
http://www.meetup.com/cities/gb/v3/bernisdale/;Bernisdale;bernisdale
http://www.meetup.com/cities/gb/v3/berriedale/;Berriedale;berriedale
http://www.meetup.com/cities/gb/v3/bettyhill/;Bettyhill;bettyhill
http://www.meetup.com/cities/gb/v3/big_sand/;Big Sand;big_sand
http://www.meetup.com/cities/gb/v3/bilbster/;Bilbster;bilbster
http://www.meetup.com/cities/gb/v3/bishop_kinkell/;Bishop Kinkell;bishop_kinkell
http://www.meetup.com/cities/gb/v3/black_dyke/;Black Dyke;black_dyke
http://www.meetup.com/cities/gb/v3/blackpark/;Blackpark;blackpark
http://www.meetup.com/cities/gb/v3/blaich/;Blaich;blaich
http://www.meetup.com/cities/gb/v3/blairmore/;Blairmore;blairmore
http://www.meetup.com/cities/gb/v3/blandy/;Blandy;blandy
http://www.meetup.com/cities/gb/v3/boat_of_garten/;Boat of Garten;boat_of_garten
http://www.meetup.com/cities/gb/v3/bogallan/;Bogallan;bogallan
http://www.meetup.com/cities/gb/v3/bogroy/;Bogroy;bogroy
http://www.meetup.com/cities/gb/v3/bonar_bridge/;Bonar Bridge;bonar_bridge
http://www.meetup.com/cities/gb/v3/bornisketaig/;Bornisketaig;bornisketaig
http://www.meetup.com/cities/gb/v3/borreraig/;Borreraig;borreraig
http://www.meetup.com/cities/gb/v3/borve/;Borve;borve
http://www.meetup.com/cities/gb/v3/bower/;Bower;bower
http://www.meetup.com/cities/gb/v3/brae/;Brae;brae
http://www.meetup.com/cities/gb/v3/braemore/;Braemore;braemore
http://www.meetup.com/cities/gb/v3/brae_of_kinkell/;Brae of Kinkell;brae_of_kinkell
http://www.meetup.com/cities/gb/v3/braes/;Braes;braes
http://www.meetup.com/cities/gb/v3/brae_tongue/;Brae Tongue;brae_tongue
http://www.meetup.com/cities/gb/v3/breackrey/;Breackrey;breackrey
http://www.meetup.com/cities/gb/v3/brecklet/;Brecklet;brecklet
http://www.meetup.com/cities/gb/v3/broadford/;Broadford;broadford
http://www.meetup.com/cities/gb/v3/broallan/;Broallan;broallan
http://www.meetup.com/cities/gb/v3/brogaig/;Brogaig;brogaig
http://www.meetup.com/cities/gb/v3/brora/;Brora;brora
http://www.meetup.com/cities/gb/v3/brough/;Brough;brough
http://www.meetup.com/cities/gb/v3/bualnaluib/;Bualnaluib;bualnaluib
http://www.meetup.com/cities/gb/v3/bunachton/;Bunachton;bunachton
http://www.meetup.com/cities/gb/v3/bunchrew/;Bunchrew;bunchrew
http://www.meetup.com/cities/gb/v3/bundalloch/;Bundalloch;bundalloch
http://www.meetup.com/cities/gb/v3/bunloit/;Bunloit;bunloit
http://www.meetup.com/cities/gb/v3/cadboll_wood/;Cadboll Wood;cadboll_wood
http://www.meetup.com/cities/gb/v3/calgary/;Calgary;calgary
http://www.meetup.com/cities/gb/v3/camaghael/;Camaghael;camaghael
http://www.meetup.com/cities/gb/v3/camault_muir/;Camault Muir;camault_muir
http://www.meetup.com/cities/gb/v3/campbellton/;Campbellton;campbellton
http://www.meetup.com/cities/gb/v3/camusbane/;Camusbane;camusbane
http://www.meetup.com/cities/gb/v3/camuscross/;Camuscross;camuscross
http://www.meetup.com/cities/gb/v3/camuslongart/;Camuslongart;camuslongart
http://www.meetup.com/cities/gb/v3/camusluinie/;Camusluinie;camusluinie
http://www.meetup.com/cities/gb/v3/camusnagaul/;Camusnagaul;camusnagaul
http://www.meetup.com/cities/gb/v3/camusterrach/;Camusterrach;camusterrach
http://www.meetup.com/cities/gb/v3/camustianavaig/;Camustianavaig;camustianavaig
http://www.meetup.com/cities/gb/v3/canisbay/;Canisbay;canisbay
http://www.meetup.com/cities/gb/v3/cannich/;Cannich;cannich
http://www.meetup.com/cities/gb/v3/caol/;Caol;caol
http://www.meetup.com/cities/gb/v3/carbost/;Carbost;carbost
http://www.meetup.com/cities/gb/v3/carbostbeg/;Carbostbeg;carbostbeg
http://www.meetup.com/cities/gb/v3/carbostmore/;Carbostmore;carbostmore
http://www.meetup.com/cities/gb/v3/carnoch/;Carnoch;carnoch
http://www.meetup.com/cities/gb/v3/caroy/;Caroy;caroy
http://www.meetup.com/cities/gb/v3/carrbridge/;Carrbridge;carrbridge
http://www.meetup.com/cities/gb/v3/castle_avenue_industrial_estate/;Castle Avenue Industrial Estate;castle_avenue_industrial_estate
http://www.meetup.com/cities/gb/v3/castletown/;Castletown;castletown
http://www.meetup.com/cities/gb/v3/cawdor/;Cawdor;cawdor
http://www.meetup.com/cities/gb/v3/charleston/;Charleston;charleston
http://www.meetup.com/cities/gb/v3/clachan/;Clachan;clachan
http://www.meetup.com/cities/gb/v3/clachnaharry/;Clachnaharry;clachnaharry
http://www.meetup.com/cities/gb/v3/claredon/;Claredon;claredon
http://www.meetup.com/cities/gb/v3/clashmore/;Clashmore;clashmore
http://www.meetup.com/cities/gb/v3/clashnessie/;Clashnessie;clashnessie
http://www.meetup.com/cities/gb/v3/clunas/;Clunas;clunas
http://www.meetup.com/cities/gb/v3/coast/;Coast;coast
http://www.meetup.com/cities/gb/v3/colbost/;Colbost;colbost
http://www.meetup.com/cities/gb/v3/coldbackie/;Coldbackie;coldbackie
http://www.meetup.com/cities/gb/v3/coldwell/;Coldwell;coldwell
http://www.meetup.com/cities/gb/v3/conista/;Conista;conista
http://www.meetup.com/cities/gb/v3/conon_bridge/;Conon Bridge;conon_bridge
http://www.meetup.com/cities/gb/v3/conordan/;Conordan;conordan
http://www.meetup.com/cities/gb/v3/contin/;Contin;contin
http://www.meetup.com/cities/gb/v3/corpach/;Corpach;corpach
http://www.meetup.com/cities/gb/v3/corran/;Corran;corran
http://www.meetup.com/cities/gb/v3/corrour/;Corrour;corrour
http://www.meetup.com/cities/gb/v3/cosaig/;Cosaig;cosaig
http://www.meetup.com/cities/gb/v3/coulin/;Coulin;coulin
http://www.meetup.com/cities/gb/v3/cove/;Cove;cove
http://www.meetup.com/cities/gb/v3/cradlehall/;Cradlehall;cradlehall
http://www.meetup.com/cities/gb/v3/craig/;Craig;craig
http://www.meetup.com/cities/gb/v3/craig_dunain/;Craig Dunain;craig_dunain
http://www.meetup.com/cities/gb/v3/craigton/;Craigton;craigton
http://www.meetup.com/cities/gb/v3/craigton_point/;Craigton Point;craigton_point
http://www.meetup.com/cities/gb/v3/crepigill/;Crepigill;crepigill
http://www.meetup.com/cities/gb/v3/crerag/;Crerag;crerag
http://www.meetup.com/cities/gb/v3/croachy/;Croachy;croachy
http://www.meetup.com/cities/gb/v3/croftnacreich/;Croftnacreich;croftnacreich
http://www.meetup.com/cities/gb/v3/crofton/;Crofton;crofton
http://www.meetup.com/cities/gb/v3/cromarty/;Cromarty;cromarty
http://www.meetup.com/cities/gb/v3/cromdale/;Cromdale;cromdale
http://www.meetup.com/cities/gb/v3/croy/;Croy;croy
http://www.meetup.com/cities/gb/v3/cruard/;Cruard;cruard
http://www.meetup.com/cities/gb/v3/culbokie/;Culbokie;culbokie
http://www.meetup.com/cities/gb/v3/culburnie/;Culburnie;culburnie
http://www.meetup.com/cities/gb/v3/culconich/;Culconich;culconich
http://www.meetup.com/cities/gb/v3/culduie/;Culduie;culduie
http://www.meetup.com/cities/gb/v3/culduthel/;Culduthel;culduthel
http://www.meetup.com/cities/gb/v3/culkein/;Culkein;culkein
http://www.meetup.com/cities/gb/v3/culloden/;Culloden;culloden
http://www.meetup.com/cities/gb/v3/culloden_moor/;Culloden Moor;culloden_moor
http://www.meetup.com/cities/gb/v3/culnacnock/;Culnacnock;culnacnock
http://www.meetup.com/cities/gb/v3/culrain/;Culrain;culrain
http://www.meetup.com/cities/gb/v3/dalcattaig/;Dalcattaig;dalcattaig
http://www.meetup.com/cities/gb/v3/dalchalm/;Dalchalm;dalchalm
http://www.meetup.com/cities/gb/v3/dalcharn/;Dalcharn;dalcharn
http://www.meetup.com/cities/gb/v3/dalchreichart/;Dalchreichart;dalchreichart
http://www.meetup.com/cities/gb/v3/dalcross/;Dalcross;dalcross
http://www.meetup.com/cities/gb/v3/dalcross_industrial_estate/;Dalcross Industrial Estate;dalcross_industrial_estate
http://www.meetup.com/cities/gb/v3/dalmore/;Dalmore;dalmore
http://www.meetup.com/cities/gb/v3/dalnavert/;Dalnavert;dalnavert
http://www.meetup.com/cities/gb/v3/dalwhinnie/;Dalwhinnie;dalwhinnie
http://www.meetup.com/cities/gb/v3/davidston/;Davidston;davidston
http://www.meetup.com/cities/gb/v3/daviot/;Daviot;daviot
http://www.meetup.com/cities/gb/v3/delmore/;Delmore;delmore
http://www.meetup.com/cities/gb/v3/delny/;Delny;delny
http://www.meetup.com/cities/gb/v3/digg/;Digg;digg
http://www.meetup.com/cities/gb/v3/dingwall/;Dingwall;dingwall
http://www.meetup.com/cities/gb/v3/dingwall_business_park/;Dingwall Business Park;dingwall_business_park
http://www.meetup.com/cities/gb/v3/dochfour/;Dochfour;dochfour
http://www.meetup.com/cities/gb/v3/dochgarroch/;Dochgarroch;dochgarroch
http://www.meetup.com/cities/gb/v3/dores/;Dores;dores
http://www.meetup.com/cities/gb/v3/dornie/;Dornie;dornie
http://www.meetup.com/cities/gb/v3/dornoch/;Dornoch;dornoch
http://www.meetup.com/cities/gb/v3/dounreay/;Dounreay;dounreay
http://www.meetup.com/cities/gb/v3/drimarben/;Drimarben;drimarben
http://www.meetup.com/cities/gb/v3/drimnin/;Drimnin;drimnin
http://www.meetup.com/cities/gb/v3/drinan/;Drinan;drinan
http://www.meetup.com/cities/gb/v3/drumbeg/;Drumbeg;drumbeg
http://www.meetup.com/cities/gb/v3/drumbuie/;Drumbuie;drumbuie
http://www.meetup.com/cities/gb/v3/drumfearn/;Drumfearn;drumfearn
http://www.meetup.com/cities/gb/v3/drumnadrochit/;Drumnadrochit;drumnadrochit
http://www.meetup.com/cities/gb/v3/drumsmittal/;Drumsmittal;drumsmittal
http://www.meetup.com/cities/gb/v3/drumuie/;Drumuie;drumuie
http://www.meetup.com/cities/gb/v3/drynoch/;Drynoch;drynoch
http://www.meetup.com/cities/gb/v3/duirinish/;Duirinish;duirinish
http://www.meetup.com/cities/gb/v3/duisdale_beag/;Duisdale Beag;duisdale_beag
http://www.meetup.com/cities/gb/v3/duisdalemore/;Duisdalemore;duisdalemore
http://www.meetup.com/cities/gb/v3/dulnain_bridge/;Dulnain Bridge;dulnain_bridge
http://www.meetup.com/cities/gb/v3/dunbeath/;Dunbeath;dunbeath
http://www.meetup.com/cities/gb/v3/duncanston/;Duncanston;duncanston
http://www.meetup.com/cities/gb/v3/dundonnell/;Dundonnell;dundonnell
http://www.meetup.com/cities/gb/v3/dunhallin/;Dunhallin;dunhallin
http://www.meetup.com/cities/gb/v3/dunmaglass/;Dunmaglass;dunmaglass
http://www.meetup.com/cities/gb/v3/dunnet/;Dunnet;dunnet
http://www.meetup.com/cities/gb/v3/dunrobin/;Dunrobin;dunrobin
http://www.meetup.com/cities/gb/v3/dunvegan/;Dunvegan;dunvegan
http://www.meetup.com/cities/gb/v3/durine/;Durine;durine
http://www.meetup.com/cities/gb/v3/durnamuck/;Durnamuck;durnamuck
http://www.meetup.com/cities/gb/v3/durness/;Durness;durness
http://www.meetup.com/cities/gb/v3/duror/;Duror;duror
http://www.meetup.com/cities/gb/v3/eabost_west/;Eabost West;eabost_west
http://www.meetup.com/cities/gb/v3/earlish/;Earlish;earlish
http://www.meetup.com/cities/gb/v3/east_clyne/;East Clyne;east_clyne
http://www.meetup.com/cities/gb/v3/easter_kinkell/;Easter Kinkell;easter_kinkell
http://www.meetup.com/cities/gb/v3/east_gills/;East Gills;east_gills
http://www.meetup.com/cities/gb/v3/east_lewiston/;East Lewiston;east_lewiston
http://www.meetup.com/cities/gb/v3/ebost/;Ebost;ebost
http://www.meetup.com/cities/gb/v3/edderton/;Edderton;edderton
http://www.meetup.com/cities/gb/v3/edinbane/;Edinbane;edinbane
http://www.meetup.com/cities/gb/v3/eilanreach/;Eilanreach;eilanreach
http://www.meetup.com/cities/gb/v3/eilean_ban/;Eilean Ban;eilean_ban
http://www.meetup.com/cities/gb/v3/elgol/;Elgol;elgol
http://www.meetup.com/cities/gb/v3/ellishadder/;Ellishadder;ellishadder
http://www.meetup.com/cities/gb/v3/elphin/;Elphin;elphin
http://www.meetup.com/cities/gb/v3/embo/;Embo;embo
http://www.meetup.com/cities/gb/v3/errogie/;Errogie;errogie
http://www.meetup.com/cities/gb/v3/evanton/;Evanton;evanton
http://www.meetup.com/cities/gb/v3/evelix/;Evelix;evelix
http://www.meetup.com/cities/gb/v3/eynort/;Eynort;eynort
http://www.meetup.com/cities/gb/v3/eyre/;Eyre;eyre
http://www.meetup.com/cities/gb/v3/fairburn/;Fairburn;fairburn
http://www.meetup.com/cities/gb/v3/fanagmore/;Fanagmore;fanagmore
http://www.meetup.com/cities/gb/v3/farr/;Farr;farr
http://www.meetup.com/cities/gb/v3/fasnagrianach/;Fasnagrianach;fasnagrianach
http://www.meetup.com/cities/gb/v3/fearn/;Fearn;fearn
http://www.meetup.com/cities/gb/v3/fearns/;Fearns;fearns
http://www.meetup.com/cities/gb/v3/fendom/;Fendom;fendom
http://www.meetup.com/cities/gb/v3/feorlig/;Feorlig;feorlig
http://www.meetup.com/cities/gb/v3/ferness/;Ferness;ferness
http://www.meetup.com/cities/gb/v3/fernilea/;Fernilea;fernilea
http://www.meetup.com/cities/gb/v3/ferrindonald/;Ferrindonald;ferrindonald
http://www.meetup.com/cities/gb/v3/feshie_bridge/;Feshie Bridge;feshie_bridge
http://www.meetup.com/cities/gb/v3/fiscavaig/;Fiscavaig;fiscavaig
http://www.meetup.com/cities/gb/v3/flashadder/;Flashadder;flashadder
http://www.meetup.com/cities/gb/v3/flichity/;Flichity;flichity
http://www.meetup.com/cities/gb/v3/flodigarry/;Flodigarry;flodigarry
http://www.meetup.com/cities/gb/v3/foindle/;Foindle;foindle
http://www.meetup.com/cities/gb/v3/forsinard/;Forsinard;forsinard
http://www.meetup.com/cities/gb/v3/forss/;Forss;forss
http://www.meetup.com/cities/gb/v3/fort_augustus/;Fort Augustus;fort_augustus
http://www.meetup.com/cities/gb/v3/fort_george/;Fort George;fort_george
http://www.meetup.com/cities/gb/v3/fortrose/;Fortrose;fortrose
http://www.meetup.com/cities/gb/v3/fort_william/;Fort William;fort_william
http://www.meetup.com/cities/gb/v3/foyers/;Foyers;foyers
http://www.meetup.com/cities/gb/v3/freswick/;Freswick;freswick
http://www.meetup.com/cities/gb/v3/gairloch/;Gairloch;gairloch
http://www.meetup.com/cities/gb/v3/gairlochy/;Gairlochy;gairlochy
http://www.meetup.com/cities/gb/v3/garafad/;Garafad;garafad
http://www.meetup.com/cities/gb/v3/garguston/;Garguston;garguston
http://www.meetup.com/cities/gb/v3/garos/;Garos;garos
http://www.meetup.com/cities/gb/v3/garrymore/;Garrymore;garrymore
http://www.meetup.com/cities/gb/v3/gartymore/;Gartymore;gartymore
http://www.meetup.com/cities/gb/v3/garve/;Garve;garve
http://www.meetup.com/cities/gb/v3/gaza/;Gaza;gaza
http://www.meetup.com/cities/gb/v3/geanies/;Geanies;geanies
http://www.meetup.com/cities/gb/v3/gedintailor/;Gedintailor;gedintailor
http://www.meetup.com/cities/gb/v3/gillen/;Gillen;gillen
http://www.meetup.com/cities/gb/v3/gillock/;Gillock;gillock
http://www.meetup.com/cities/gb/v3/glackmore/;Glackmore;glackmore
http://www.meetup.com/cities/gb/v3/glaichbea/;Glaichbea;glaichbea
http://www.meetup.com/cities/gb/v3/glasnakille/;Glasnakille;glasnakille
http://www.meetup.com/cities/gb/v3/glasphein/;Glasphein;glasphein
http://www.meetup.com/cities/gb/v3/glenachulish/;Glenachulish;glenachulish
http://www.meetup.com/cities/gb/v3/glenbrittle/;Glenbrittle;glenbrittle
http://www.meetup.com/cities/gb/v3/glencoe/;Glencoe;glencoe
http://www.meetup.com/cities/gb/v3/glenconon/;Glenconon;glenconon
http://www.meetup.com/cities/gb/v3/glendale/;Glendale;glendale
http://www.meetup.com/cities/gb/v3/glenelg/;Glenelg;glenelg
http://www.meetup.com/cities/gb/v3/glenetive/;Glenetive;glenetive
http://www.meetup.com/cities/gb/v3/glenferness/;Glenferness;glenferness
http://www.meetup.com/cities/gb/v3/glenfinnan/;Glenfinnan;glenfinnan
http://www.meetup.com/cities/gb/v3/glengolly/;Glengolly;glengolly
http://www.meetup.com/cities/gb/v3/glen_morangie/;Glen Morangie;glen_morangie
http://www.meetup.com/cities/gb/v3/glenmore/;Glenmore;glenmore
http://www.meetup.com/cities/gb/v3/glenmoriston/;Glenmoriston;glenmoriston
http://www.meetup.com/cities/gb/v3/glen_nevis/;Glen Nevis;glen_nevis
http://www.meetup.com/cities/gb/v3/glenshiel/;Glenshiel;glenshiel
http://www.meetup.com/cities/gb/v3/glenuachdarach/;Glenuachdarach;glenuachdarach
http://www.meetup.com/cities/gb/v3/glenuig/;Glenuig;glenuig
http://www.meetup.com/cities/gb/v3/glen_urquhart/;Glen Urquhart;glen_urquhart
http://www.meetup.com/cities/gb/v3/gollanfield/;Gollanfield;gollanfield
http://www.meetup.com/cities/gb/v3/golspie/;Golspie;golspie
http://www.meetup.com/cities/gb/v3/gorstan/;Gorstan;gorstan
http://www.meetup.com/cities/gb/v3/gorthleck/;Gorthleck;gorthleck
http://www.meetup.com/cities/gb/v3/grantown-on-spey/;Grantown-on-Spey;grantown-on-spey
http://www.meetup.com/cities/gb/v3/grealine/;Grealine;grealine
http://www.meetup.com/cities/gb/v3/gruinard/;Gruinard;gruinard
http://www.meetup.com/cities/gb/v3/halistra/;Halistra;halistra
http://www.meetup.com/cities/gb/v3/halkirk/;Halkirk;halkirk
http://www.meetup.com/cities/gb/v3/hallin_park/;Hallin Park;hallin_park
http://www.meetup.com/cities/gb/v3/harrapool/;Harrapool;harrapool
http://www.meetup.com/cities/gb/v3/hartmount_holdings/;Hartmount Holdings;hartmount_holdings
http://www.meetup.com/cities/gb/v3/haster/;Haster;haster
http://www.meetup.com/cities/gb/v3/haugh/;Haugh;haugh
http://www.meetup.com/cities/gb/v3/heatherfield/;Heatherfield;heatherfield
http://www.meetup.com/cities/gb/v3/helmsdale/;Helmsdale;helmsdale
http://www.meetup.com/cities/gb/v3/herbusta/;Herbusta;herbusta
http://www.meetup.com/cities/gb/v3/herebost/;Herebost;herebost
http://www.meetup.com/cities/gb/v3/hillhead/;Hillhead;hillhead
http://www.meetup.com/cities/gb/v3/hilton/;Hilton;hilton
http://www.meetup.com/cities/gb/v3/huna/;Huna;huna
http://www.meetup.com/cities/gb/v3/hungladder/;Hungladder;hungladder
http://www.meetup.com/cities/gb/v3/idrigill/;Idrigill;idrigill
http://www.meetup.com/cities/gb/v3/insh/;Insh;insh
http://www.meetup.com/cities/gb/v3/inshes/;Inshes;inshes
http://www.meetup.com/cities/gb/v3/inshes_wood/;Inshes Wood;inshes_wood
http://www.meetup.com/cities/gb/v3/inver/;Inver;inver
http://www.meetup.com/cities/gb/v3/inveran/;Inveran;inveran
http://www.meetup.com/cities/gb/v3/inverarnie/;Inverarnie;inverarnie
http://www.meetup.com/cities/gb/v3/inverasdale/;Inverasdale;inverasdale
http://www.meetup.com/cities/gb/v3/inverfarigaig/;Inverfarigaig;inverfarigaig
http://www.meetup.com/cities/gb/v3/invergarry/;Invergarry;invergarry
http://www.meetup.com/cities/gb/v3/invergordon/;Invergordon;invergordon
http://www.meetup.com/cities/gb/v3/inverinate/;Inverinate;inverinate
http://www.meetup.com/cities/gb/v3/inverlochy/;Inverlochy;inverlochy
http://www.meetup.com/cities/gb/v3/invermoriston/;Invermoriston;invermoriston
http://www.meetup.com/cities/gb/v3/inverness/;Inverness;inverness
http://www.meetup.com/cities/gb/v3/inverness_airport/;Inverness Airport;inverness_airport
http://www.meetup.com/cities/gb/v3/inverness_business_%26_retail_park/;Inverness Business & Retail Park;inverness_business_%26_retail_park
http://www.meetup.com/cities/gb/v3/invershin/;Invershin;invershin
http://www.meetup.com/cities/gb/v3/isle_horrisdale/;Isle Horrisdale;isle_horrisdale
http://www.meetup.com/cities/gb/v3/isle_of_canna/;Isle of Canna;isle_of_canna
http://www.meetup.com/cities/gb/v3/isle_of_eigg/;Isle of Eigg;isle_of_eigg
http://www.meetup.com/cities/gb/v3/isle_of_ewe/;Isle of Ewe;isle_of_ewe
http://www.meetup.com/cities/gb/v3/isle_of_muck/;Isle of Muck;isle_of_muck
http://www.meetup.com/cities/gb/v3/isle_of_raasay/;Isle of Raasay;isle_of_raasay
http://www.meetup.com/cities/gb/v3/isle_of_rum/;Isle of Rum;isle_of_rum
http://www.meetup.com/cities/gb/v3/isle_of_scalpay/;Isle of Scalpay;isle_of_scalpay
http://www.meetup.com/cities/gb/v3/isle_ornsay/;Isle Ornsay;isle_ornsay
http://www.meetup.com/cities/gb/v3/jamestown/;Jamestown;jamestown
http://www.meetup.com/cities/gb/v3/janetstown/;Janetstown;janetstown
http://www.meetup.com/cities/gb/v3/jemimaville/;Jemimaville;jemimaville
http://www.meetup.com/cities/gb/v3/john_o%27_groats/;John O' Groats;john_o%27_groats
http://www.meetup.com/cities/gb/v3/keiss/;Keiss;keiss
http://www.meetup.com/cities/gb/v3/keistle/;Keistle;keistle
http://www.meetup.com/cities/gb/v3/kensaleyre/;Kensaleyre;kensaleyre
http://www.meetup.com/cities/gb/v3/kentallen/;Kentallen;kentallen
http://www.meetup.com/cities/gb/v3/kildary/;Kildary;kildary
http://www.meetup.com/cities/gb/v3/kildonan/;Kildonan;kildonan
http://www.meetup.com/cities/gb/v3/killen/;Killen;killen
http://www.meetup.com/cities/gb/v3/killilan/;Killilan;killilan
http://www.meetup.com/cities/gb/v3/kilmaluag/;Kilmaluag;kilmaluag
http://www.meetup.com/cities/gb/v3/kilmorack/;Kilmorack;kilmorack
http://www.meetup.com/cities/gb/v3/kilmore/;Kilmore;kilmore
http://www.meetup.com/cities/gb/v3/kilmuir/;Kilmuir;kilmuir
http://www.meetup.com/cities/gb/v3/kiltarlity/;Kiltarlity;kiltarlity
http://www.meetup.com/cities/gb/v3/kiltearn/;Kiltearn;kiltearn
http://www.meetup.com/cities/gb/v3/kilvaxter/;Kilvaxter;kilvaxter
http://www.meetup.com/cities/gb/v3/kinbrace/;Kinbrace;kinbrace
http://www.meetup.com/cities/gb/v3/kincraig/;Kincraig;kincraig
http://www.meetup.com/cities/gb/v3/kingairloch/;Kingairloch;kingairloch
http://www.meetup.com/cities/gb/v3/kingsburgh/;Kingsburgh;kingsburgh
http://www.meetup.com/cities/gb/v3/kingussie/;Kingussie;kingussie
http://www.meetup.com/cities/gb/v3/kinkell/;Kinkell;kinkell
http://www.meetup.com/cities/gb/v3/kinlochbervie/;Kinlochbervie;kinlochbervie
http://www.meetup.com/cities/gb/v3/kinlocheil/;Kinlocheil;kinlocheil
http://www.meetup.com/cities/gb/v3/kinlochewe/;Kinlochewe;kinlochewe
http://www.meetup.com/cities/gb/v3/kinloch_laggan/;Kinloch Laggan;kinloch_laggan
http://www.meetup.com/cities/gb/v3/kinlochleven/;Kinlochleven;kinlochleven
http://www.meetup.com/cities/gb/v3/kinlochmoidart/;Kinlochmoidart;kinlochmoidart
http://www.meetup.com/cities/gb/v3/kirk/;Kirk;kirk
http://www.meetup.com/cities/gb/v3/kirkhill/;Kirkhill;kirkhill
http://www.meetup.com/cities/gb/v3/kirkton/;Kirkton;kirkton
http://www.meetup.com/cities/gb/v3/kishorn/;Kishorn;kishorn
http://www.meetup.com/cities/gb/v3/knockally/;Knockally;knockally
http://www.meetup.com/cities/gb/v3/knockbain/;Knockbain;knockbain
http://www.meetup.com/cities/gb/v3/knockbreck/;Knockbreck;knockbreck
http://www.meetup.com/cities/gb/v3/knockfarrel/;Knockfarrel;knockfarrel
http://www.meetup.com/cities/gb/v3/knott/;Knott;knott
http://www.meetup.com/cities/gb/v3/knoydart/;Knoydart;knoydart
http://www.meetup.com/cities/gb/v3/kyle/;Kyle;kyle
http://www.meetup.com/cities/gb/v3/kyleakin/;Kyleakin;kyleakin
http://www.meetup.com/cities/gb/v3/kylerhea/;Kylerhea;kylerhea
http://www.meetup.com/cities/gb/v3/kylesku/;Kylesku;kylesku
http://www.meetup.com/cities/gb/v3/kyles_morar/;Kyles Morar;kyles_morar
http://www.meetup.com/cities/gb/v3/kylestrome/;Kylestrome;kylestrome
http://www.meetup.com/cities/gb/v3/laggan/;Laggan;laggan
http://www.meetup.com/cities/gb/v3/laide/;Laide;laide
http://www.meetup.com/cities/gb/v3/lairg/;Lairg;lairg
http://www.meetup.com/cities/gb/v3/latheron/;Latheron;latheron
http://www.meetup.com/cities/gb/v3/latheronwheel/;Latheronwheel;latheronwheel
http://www.meetup.com/cities/gb/v3/leachachan/;Leachachan;leachachan
http://www.meetup.com/cities/gb/v3/leachkin/;Leachkin;leachkin
http://www.meetup.com/cities/gb/v3/lealt/;Lealt;lealt
http://www.meetup.com/cities/gb/v3/leckmelm/;Leckmelm;leckmelm
http://www.meetup.com/cities/gb/v3/lecknasaide/;Lecknasaide;lecknasaide
http://www.meetup.com/cities/gb/v3/ledgowan/;Ledgowan;ledgowan
http://www.meetup.com/cities/gb/v3/lentran/;Lentran;lentran
http://www.meetup.com/cities/gb/v3/lephin/;Lephin;lephin
http://www.meetup.com/cities/gb/v3/lerin/;Lerin;lerin
http://www.meetup.com/cities/gb/v3/letterfearn/;Letterfearn;letterfearn
http://www.meetup.com/cities/gb/v3/letterfinlay/;Letterfinlay;letterfinlay
http://www.meetup.com/cities/gb/v3/lettermore/;Lettermore;lettermore
http://www.meetup.com/cities/gb/v3/letters/;Letters;letters
http://www.meetup.com/cities/gb/v3/lewiston/;Lewiston;lewiston
http://www.meetup.com/cities/gb/v3/linicro/;Linicro;linicro
http://www.meetup.com/cities/gb/v3/little_cantray/;Little Cantray;little_cantray
http://www.meetup.com/cities/gb/v3/loaneckheim/;Loaneckheim;loaneckheim
http://www.meetup.com/cities/gb/v3/lochailort/;Lochailort;lochailort
http://www.meetup.com/cities/gb/v3/lochaline/;Lochaline;lochaline
http://www.meetup.com/cities/gb/v3/lochbay/;Lochbay;lochbay
http://www.meetup.com/cities/gb/v3/lochbroom/;Lochbroom;lochbroom
http://www.meetup.com/cities/gb/v3/lochcarron/;Lochcarron;lochcarron
http://www.meetup.com/cities/gb/v3/lochend/;Lochend;lochend
http://www.meetup.com/cities/gb/v3/loch_eriboll/;Loch Eriboll;loch_eriboll
http://www.meetup.com/cities/gb/v3/loch_flemington/;Loch Flemington;loch_flemington
http://www.meetup.com/cities/gb/v3/lochinver/;Lochinver;lochinver
http://www.meetup.com/cities/gb/v3/lochluichart/;Lochluichart;lochluichart
http://www.meetup.com/cities/gb/v3/lochmaree/;Lochmaree;lochmaree
http://www.meetup.com/cities/gb/v3/loch_nevis/;Loch Nevis;loch_nevis
http://www.meetup.com/cities/gb/v3/lochrosque/;Lochrosque;lochrosque
http://www.meetup.com/cities/gb/v3/lochside/;Lochside;lochside
http://www.meetup.com/cities/gb/v3/lochussie/;Lochussie;lochussie
http://www.meetup.com/cities/gb/v3/lochyside/;Lochyside;lochyside
http://www.meetup.com/cities/gb/v3/loggie/;Loggie;loggie
http://www.meetup.com/cities/gb/v3/lonbain/;Lonbain;lonbain
http://www.meetup.com/cities/gb/v3/lonfearn/;Lonfearn;lonfearn
http://www.meetup.com/cities/gb/v3/loth/;Loth;loth
http://www.meetup.com/cities/gb/v3/lower_ardelve/;Lower Ardelve;lower_ardelve
http://www.meetup.com/cities/gb/v3/lower_balmacaan/;Lower Balmacaan;lower_balmacaan
http://www.meetup.com/cities/gb/v3/lower_breakish/;Lower Breakish;lower_breakish
http://www.meetup.com/cities/gb/v3/luib/;Luib;luib
http://www.meetup.com/cities/gb/v3/lybster/;Lybster;lybster
http://www.meetup.com/cities/gb/v3/lynchat/;Lynchat;lynchat
http://www.meetup.com/cities/gb/v3/lyth/;Lyth;lyth
http://www.meetup.com/cities/gb/v3/maligar/;Maligar;maligar
http://www.meetup.com/cities/gb/v3/mallaig/;Mallaig;mallaig
http://www.meetup.com/cities/gb/v3/marishadder/;Marishadder;marishadder
http://www.meetup.com/cities/gb/v3/marrel/;Marrel;marrel
http://www.meetup.com/cities/gb/v3/marybank/;Marybank;marybank
http://www.meetup.com/cities/gb/v3/maryburgh/;Maryburgh;maryburgh
http://www.meetup.com/cities/gb/v3/meikle_ferry/;Meikle Ferry;meikle_ferry
http://www.meetup.com/cities/gb/v3/mellon_charles/;Mellon Charles;mellon_charles
http://www.meetup.com/cities/gb/v3/mellon_udrigle/;Mellon Udrigle;mellon_udrigle
http://www.meetup.com/cities/gb/v3/melvaig/;Melvaig;melvaig
http://www.meetup.com/cities/gb/v3/melvich/;Melvich;melvich
http://www.meetup.com/cities/gb/v3/mey/;Mey;mey
http://www.meetup.com/cities/gb/v3/midclyth/;Midclyth;midclyth
http://www.meetup.com/cities/gb/v3/midtown/;Midtown;midtown
http://www.meetup.com/cities/gb/v3/milltown/;Milltown;milltown
http://www.meetup.com/cities/gb/v3/milton/;Milton;milton
http://www.meetup.com/cities/gb/v3/milton_of_culloden/;Milton of Culloden;milton_of_culloden
http://www.meetup.com/cities/gb/v3/moorlands/;Moorlands;moorlands
http://www.meetup.com/cities/gb/v3/morar/;Morar;morar
http://www.meetup.com/cities/gb/v3/morefield/;Morefield;morefield
http://www.meetup.com/cities/gb/v3/morvern/;Morvern;morvern
http://www.meetup.com/cities/gb/v3/moss/;Moss;moss
http://www.meetup.com/cities/gb/v3/moss_side/;Moss Side;moss_side
http://www.meetup.com/cities/gb/v3/mount_vernon/;Mount Vernon;mount_vernon
http://www.meetup.com/cities/gb/v3/moy/;Moy;moy
http://www.meetup.com/cities/gb/v3/muir_of_ord/;Muir of Ord;muir_of_ord
http://www.meetup.com/cities/gb/v3/muirton_mains/;Muirton Mains;muirton_mains
http://www.meetup.com/cities/gb/v3/muirtown/;Muirtown;muirtown
http://www.meetup.com/cities/gb/v3/munlochy/;Munlochy;munlochy
http://www.meetup.com/cities/gb/v3/murkle/;Murkle;murkle
http://www.meetup.com/cities/gb/v3/murlaggan/;Murlaggan;murlaggan
http://www.meetup.com/cities/gb/v3/naast/;Naast;naast
http://www.meetup.com/cities/gb/v3/nairn/;Nairn;nairn
http://www.meetup.com/cities/gb/v3/nairnside/;Nairnside;nairnside
http://www.meetup.com/cities/gb/v3/navidale/;Navidale;navidale
http://www.meetup.com/cities/gb/v3/nethy_bridge/;Nethy Bridge;nethy_bridge
http://www.meetup.com/cities/gb/v3/nevis_bridge/;Nevis Bridge;nevis_bridge
http://www.meetup.com/cities/gb/v3/newmore/;Newmore;newmore
http://www.meetup.com/cities/gb/v3/newton/;Newton;newton
http://www.meetup.com/cities/gb/v3/newtonmore/;Newtonmore;newtonmore
http://www.meetup.com/cities/gb/v3/newton_of_ferintosh/;Newton of Ferintosh;newton_of_ferintosh
http://www.meetup.com/cities/gb/v3/nigg/;Nigg;nigg
http://www.meetup.com/cities/gb/v3/north_ballachulish/;North Ballachulish;north_ballachulish
http://www.meetup.com/cities/gb/v3/north_erradale/;North Erradale;north_erradale
http://www.meetup.com/cities/gb/v3/north_kessock/;North Kessock;north_kessock
http://www.meetup.com/cities/gb/v3/north_strome/;North Strome;north_strome
http://www.meetup.com/cities/gb/v3/novar/;Novar;novar
http://www.meetup.com/cities/gb/v3/novar_toll/;Novar Toll;novar_toll
http://www.meetup.com/cities/gb/v3/occumster/;Occumster;occumster
http://www.meetup.com/cities/gb/v3/oldshoremore/;Oldshoremore;oldshoremore
http://www.meetup.com/cities/gb/v3/onich/;Onich;onich
http://www.meetup.com/cities/gb/v3/opinan/;Opinan;opinan
http://www.meetup.com/cities/gb/v3/ord/;Ord;ord
http://www.meetup.com/cities/gb/v3/ormiscaig/;Ormiscaig;ormiscaig
http://www.meetup.com/cities/gb/v3/ose/;Ose;ose
http://www.meetup.com/cities/gb/v3/papigoe/;Papigoe;papigoe
http://www.meetup.com/cities/gb/v3/peinachorran/;Peinachorran;peinachorran
http://www.meetup.com/cities/gb/v3/peinaha/;Peinaha;peinaha
http://www.meetup.com/cities/gb/v3/peiness/;Peiness;peiness
http://www.meetup.com/cities/gb/v3/peinlich/;Peinlich;peinlich
http://www.meetup.com/cities/gb/v3/peinmore/;Peinmore;peinmore
http://www.meetup.com/cities/gb/v3/penifiler/;Penifiler;penifiler
http://www.meetup.com/cities/gb/v3/piperhill/;Piperhill;piperhill
http://www.meetup.com/cities/gb/v3/pitcalnie/;Pitcalnie;pitcalnie
http://www.meetup.com/cities/gb/v3/pitmaduthy/;Pitmaduthy;pitmaduthy
http://www.meetup.com/cities/gb/v3/plockton/;Plockton;plockton
http://www.meetup.com/cities/gb/v3/polbain/;Polbain;polbain
http://www.meetup.com/cities/gb/v3/poles/;Poles;poles
http://www.meetup.com/cities/gb/v3/polglass/;Polglass;polglass
http://www.meetup.com/cities/gb/v3/polloch/;Polloch;polloch
http://www.meetup.com/cities/gb/v3/poolewe/;Poolewe;poolewe
http://www.meetup.com/cities/gb/v3/portgower/;Portgower;portgower
http://www.meetup.com/cities/gb/v3/port_henderson/;Port Henderson;port_henderson
http://www.meetup.com/cities/gb/v3/portmahomack/;Portmahomack;portmahomack
http://www.meetup.com/cities/gb/v3/portnalong/;Portnalong;portnalong
http://www.meetup.com/cities/gb/v3/portree/;Portree;portree
http://www.meetup.com/cities/gb/v3/poyntzfield/;Poyntzfield;poyntzfield
http://www.meetup.com/cities/gb/v3/proncycroy/;Proncycroy;proncycroy
http://www.meetup.com/cities/gb/v3/quarry/;Quarry;quarry
http://www.meetup.com/cities/gb/v3/raffin/;Raffin;raffin
http://www.meetup.com/cities/gb/v3/raigmore/;Raigmore;raigmore
http://www.meetup.com/cities/gb/v3/reay/;Reay;reay
http://www.meetup.com/cities/gb/v3/red_point/;Red Point;red_point
http://www.meetup.com/cities/gb/v3/reelig_estate/;Reelig Estate;reelig_estate
http://www.meetup.com/cities/gb/v3/reiss/;Reiss;reiss
http://www.meetup.com/cities/gb/v3/resaurie/;Resaurie;resaurie
http://www.meetup.com/cities/gb/v3/rhanich/;Rhanich;rhanich
http://www.meetup.com/cities/gb/v3/rhenetra/;Rhenetra;rhenetra
http://www.meetup.com/cities/gb/v3/rhiconich/;Rhiconich;rhiconich
http://www.meetup.com/cities/gb/v3/rhiroy/;Rhiroy;rhiroy
http://www.meetup.com/cities/gb/v3/rhitongue/;Rhitongue;rhitongue
http://www.meetup.com/cities/gb/v3/rhue/;Rhue;rhue
http://www.meetup.com/cities/gb/v3/rhynie/;Rhynie;rhynie
http://www.meetup.com/cities/gb/v3/roag/;Roag;roag
http://www.meetup.com/cities/gb/v3/rockfield/;Rockfield;rockfield
http://www.meetup.com/cities/gb/v3/rogart/;Rogart;rogart
http://www.meetup.com/cities/gb/v3/rosehall/;Rosehall;rosehall
http://www.meetup.com/cities/gb/v3/rosehaugh/;Rosehaugh;rosehaugh
http://www.meetup.com/cities/gb/v3/rosemarkie/;Rosemarkie;rosemarkie
http://www.meetup.com/cities/gb/v3/roskhill/;Roskhill;roskhill
http://www.meetup.com/cities/gb/v3/rosskeen_bridge/;Rosskeen Bridge;rosskeen_bridge
http://www.meetup.com/cities/gb/v3/rothiemurchus/;Rothiemurchus;rothiemurchus
http://www.meetup.com/cities/gb/v3/roy_bridge/;Roy Bridge;roy_bridge
http://www.meetup.com/cities/gb/v3/ruisaurie/;Ruisaurie;ruisaurie
http://www.meetup.com/cities/gb/v3/saltburn/;Saltburn;saltburn
http://www.meetup.com/cities/gb/v3/sand_laide/;Sand Laide;sand_laide
http://www.meetup.com/cities/gb/v3/sangobeg/;Sangobeg;sangobeg
http://www.meetup.com/cities/gb/v3/sangomore/;Sangomore;sangomore
http://www.meetup.com/cities/gb/v3/sarclet/;Sarclet;sarclet
http://www.meetup.com/cities/gb/v3/sartle/;Sartle;sartle
http://www.meetup.com/cities/gb/v3/sasaig/;Sasaig;sasaig
http://www.meetup.com/cities/gb/v3/satran/;Satran;satran
http://www.meetup.com/cities/gb/v3/scaniport/;Scaniport;scaniport
http://www.meetup.com/cities/gb/v3/scarfskerry/;Scarfskerry;scarfskerry
http://www.meetup.com/cities/gb/v3/sconser/;Sconser;sconser
http://www.meetup.com/cities/gb/v3/scorguie/;Scorguie;scorguie
http://www.meetup.com/cities/gb/v3/scotscalder/;Scotscalder;scotscalder
http://www.meetup.com/cities/gb/v3/scourie/;Scourie;scourie
http://www.meetup.com/cities/gb/v3/scouriemore/;Scouriemore;scouriemore
http://www.meetup.com/cities/gb/v3/scrabster/;Scrabster;scrabster
http://www.meetup.com/cities/gb/v3/scullamus/;Scullamus;scullamus
http://www.meetup.com/cities/gb/v3/scullomie/;Scullomie;scullomie
http://www.meetup.com/cities/gb/v3/shandwick/;Shandwick;shandwick
http://www.meetup.com/cities/gb/v3/sheader/;Sheader;sheader
http://www.meetup.com/cities/gb/v3/shebster/;Shebster;shebster
http://www.meetup.com/cities/gb/v3/shielbridge/;Shielbridge;shielbridge
http://www.meetup.com/cities/gb/v3/shieldaig/;Shieldaig;shieldaig
http://www.meetup.com/cities/gb/v3/silverglades/;Silverglades;silverglades
http://www.meetup.com/cities/gb/v3/skeabost_bridge/;Skeabost Bridge;skeabost_bridge
http://www.meetup.com/cities/gb/v3/skelbo/;Skelbo;skelbo
http://www.meetup.com/cities/gb/v3/skelbo_muir/;Skelbo Muir;skelbo_muir
http://www.meetup.com/cities/gb/v3/skerray/;Skerray;skerray
http://www.meetup.com/cities/gb/v3/skinidin/;Skinidin;skinidin
http://www.meetup.com/cities/gb/v3/skinnerton/;Skinnerton;skinnerton
http://www.meetup.com/cities/gb/v3/skinnet/;Skinnet;skinnet
http://www.meetup.com/cities/gb/v3/slattadale/;Slattadale;slattadale
http://www.meetup.com/cities/gb/v3/sluggans/;Sluggans;sluggans
http://www.meetup.com/cities/gb/v3/smithton/;Smithton;smithton
http://www.meetup.com/cities/gb/v3/smoo/;Smoo;smoo
http://www.meetup.com/cities/gb/v3/soay/;Soay;soay
http://www.meetup.com/cities/gb/v3/solitote/;Solitote;solitote
http://www.meetup.com/cities/gb/v3/south_clunes/;South Clunes;south_clunes
http://www.meetup.com/cities/gb/v3/south_duntulm/;South Duntulm;south_duntulm
http://www.meetup.com/cities/gb/v3/south_erradale/;South Erradale;south_erradale
http://www.meetup.com/cities/gb/v3/south_laggan/;South Laggan;south_laggan
http://www.meetup.com/cities/gb/v3/south_oscaig/;South Oscaig;south_oscaig
http://www.meetup.com/cities/gb/v3/spean_bridge/;Spean Bridge;spean_bridge
http://www.meetup.com/cities/gb/v3/spinningdale/;Spinningdale;spinningdale
http://www.meetup.com/cities/gb/v3/spittal/;Spittal;spittal
http://www.meetup.com/cities/gb/v3/staffin/;Staffin;staffin
http://www.meetup.com/cities/gb/v3/staxigoe/;Staxigoe;staxigoe
http://www.meetup.com/cities/gb/v3/stein/;Stein;stein
http://www.meetup.com/cities/gb/v3/stenscholl/;Stenscholl;stenscholl
http://www.meetup.com/cities/gb/v3/stirkhill/;Stirkhill;stirkhill
http://www.meetup.com/cities/gb/v3/stoer/;Stoer;stoer
http://www.meetup.com/cities/gb/v3/stonefield/;Stonefield;stonefield
http://www.meetup.com/cities/gb/v3/strath/;Strath;strath
http://www.meetup.com/cities/gb/v3/strathaird/;Strathaird;strathaird
http://www.meetup.com/cities/gb/v3/strathcarron/;Strathcarron;strathcarron
http://www.meetup.com/cities/gb/v3/strathconon/;Strathconon;strathconon
http://www.meetup.com/cities/gb/v3/strathkanaird/;Strathkanaird;strathkanaird
http://www.meetup.com/cities/gb/v3/strathmashie/;Strathmashie;strathmashie
http://www.meetup.com/cities/gb/v3/strathnaver/;Strathnaver;strathnaver
http://www.meetup.com/cities/gb/v3/strathpeffer/;Strathpeffer;strathpeffer
http://www.meetup.com/cities/gb/v3/strathrusdale/;Strathrusdale;strathrusdale
http://www.meetup.com/cities/gb/v3/strathtongue/;Strathtongue;strathtongue
http://www.meetup.com/cities/gb/v3/strathy/;Strathy;strathy
http://www.meetup.com/cities/gb/v3/strome_ferry/;Strome Ferry;strome_ferry
http://www.meetup.com/cities/gb/v3/strone/;Strone;strone
http://www.meetup.com/cities/gb/v3/struan/;Struan;struan
http://www.meetup.com/cities/gb/v3/struy/;Struy;struy
http://www.meetup.com/cities/gb/v3/suladale/;Suladale;suladale
http://www.meetup.com/cities/gb/v3/swordale/;Swordale;swordale
http://www.meetup.com/cities/gb/v3/tain/;Tain;tain
http://www.meetup.com/cities/gb/v3/talmine/;Talmine;talmine
http://www.meetup.com/cities/gb/v3/tarbet/;Tarbet;tarbet
http://www.meetup.com/cities/gb/v3/tarlogie/;Tarlogie;tarlogie
http://www.meetup.com/cities/gb/v3/tarskavaig/;Tarskavaig;tarskavaig
http://www.meetup.com/cities/gb/v3/tarvie/;Tarvie;tarvie
http://www.meetup.com/cities/gb/v3/teangue/;Teangue;teangue
http://www.meetup.com/cities/gb/v3/teaninich/;Teaninich;teaninich
http://www.meetup.com/cities/gb/v3/teaninich_industrial_estate/;Teaninich Industrial Estate;teaninich_industrial_estate
http://www.meetup.com/cities/gb/v3/the_mound/;The Mound;the_mound
http://www.meetup.com/cities/gb/v3/thrumster/;Thrumster;thrumster
http://www.meetup.com/cities/gb/v3/thurso/;Thurso;thurso
http://www.meetup.com/cities/gb/v3/thurso_east/;Thurso East;thurso_east
http://www.meetup.com/cities/gb/v3/tigh_a%27_phuirt/;Tigh A' Phuirt;tigh_a%27_phuirt
http://www.meetup.com/cities/gb/v3/tighnafiline/;Tighnafiline;tighnafiline
http://www.meetup.com/cities/gb/v3/tirryside/;Tirryside;tirryside
http://www.meetup.com/cities/gb/v3/tomatin/;Tomatin;tomatin
http://www.meetup.com/cities/gb/v3/tomich/;Tomich;tomich
http://www.meetup.com/cities/gb/v3/tongue/;Tongue;tongue
http://www.meetup.com/cities/gb/v3/tore/;Tore;tore
http://www.meetup.com/cities/gb/v3/torgormack/;Torgormack;torgormack
http://www.meetup.com/cities/gb/v3/torlundy/;Torlundy;torlundy
http://www.meetup.com/cities/gb/v3/torness/;Torness;torness
http://www.meetup.com/cities/gb/v3/torridon/;Torridon;torridon
http://www.meetup.com/cities/gb/v3/torrin/;Torrin;torrin
http://www.meetup.com/cities/gb/v3/torvaig/;Torvaig;torvaig
http://www.meetup.com/cities/gb/v3/totaig/;Totaig;totaig
http://www.meetup.com/cities/gb/v3/totarder/;Totarder;totarder
http://www.meetup.com/cities/gb/v3/tote/;Tote;tote
http://www.meetup.com/cities/gb/v3/totescore/;Totescore;totescore
http://www.meetup.com/cities/gb/v3/toulvaddie/;Toulvaddie;toulvaddie
http://www.meetup.com/cities/gb/v3/treaslane/;Treaslane;treaslane
http://www.meetup.com/cities/gb/v3/treslaig/;Treslaig;treslaig
http://www.meetup.com/cities/gb/v3/tulloch/;Tulloch;tulloch
http://www.meetup.com/cities/gb/v3/udrigle/;Udrigle;udrigle
http://www.meetup.com/cities/gb/v3/uig/;Uig;uig
http://www.meetup.com/cities/gb/v3/uiginish/;Uiginish;uiginish
http://www.meetup.com/cities/gb/v3/ulbster/;Ulbster;ulbster
http://www.meetup.com/cities/gb/v3/ullapool/;Ullapool;ullapool
http://www.meetup.com/cities/gb/v3/ullinish/;Ullinish;ullinish
http://www.meetup.com/cities/gb/v3/upper_ardelve/;Upper Ardelve;upper_ardelve
http://www.meetup.com/cities/gb/v3/upper_breakish/;Upper Breakish;upper_breakish
http://www.meetup.com/cities/gb/v3/upper_carnoch/;Upper Carnoch;upper_carnoch
http://www.meetup.com/cities/gb/v3/upper_halistra/;Upper Halistra;upper_halistra
http://www.meetup.com/cities/gb/v3/upper_myrtlefield/;Upper Myrtlefield;upper_myrtlefield
http://www.meetup.com/cities/gb/v3/valtos/;Valtos;valtos
http://www.meetup.com/cities/gb/v3/vatten/;Vatten;vatten
http://www.meetup.com/cities/gb/v3/viewhill/;Viewhill;viewhill
http://www.meetup.com/cities/gb/v3/waterloo/;Waterloo;waterloo
http://www.meetup.com/cities/gb/v3/waternish/;Waternish;waternish
http://www.meetup.com/cities/gb/v3/watten/;Watten;watten
http://www.meetup.com/cities/gb/v3/wester_alligin/;Wester Alligin;wester_alligin
http://www.meetup.com/cities/gb/v3/wester_balblair/;Wester Balblair;wester_balblair
http://www.meetup.com/cities/gb/v3/westerdale/;Westerdale;westerdale
http://www.meetup.com/cities/gb/v3/wester_galcantray/;Wester Galcantray;wester_galcantray
http://www.meetup.com/cities/gb/v3/wester_moy/;Wester Moy;wester_moy
http://www.meetup.com/cities/gb/v3/westfield/;Westfield;westfield
http://www.meetup.com/cities/gb/v3/west_helmsdale/;West Helmsdale;west_helmsdale
http://www.meetup.com/cities/gb/v3/westhill/;Westhill;westhill
http://www.meetup.com/cities/gb/v3/west_laroch/;West Laroch;west_laroch
http://www.meetup.com/cities/gb/v3/weydale/;Weydale;weydale
http://www.meetup.com/cities/gb/v3/whitebridge/;Whitebridge;whitebridge
http://www.meetup.com/cities/gb/v3/whitechapel/;Whitechapel;whitechapel
http://www.meetup.com/cities/gb/v3/whiteface/;Whiteface;whiteface
http://www.meetup.com/cities/gb/v3/wick/;Wick;wick
http://www.meetup.com/cities/gb/v3/wick_airport/;Wick Airport;wick_airport
http://www.meetup.com/cities/gb/v3/aberarder/;Aberarder;aberarder
http://www.meetup.com/cities/gb/v3/abriachan/;Abriachan;abriachan
http://www.meetup.com/cities/gb/v3/achachork/;Achachork;achachork
http://www.meetup.com/cities/gb/v3/achanalt/;Achanalt;achanalt
http://www.meetup.com/cities/gb/v3/achaphubil/;Achaphubil;achaphubil
http://www.meetup.com/cities/gb/v3/achavandra_muir/;Achavandra Muir;achavandra_muir
http://www.meetup.com/cities/gb/v3/achfary/;Achfary;achfary
http://www.meetup.com/cities/gb/v3/achiltibuie/;Achiltibuie;achiltibuie
http://www.meetup.com/cities/gb/v3/achilty/;Achilty;achilty
http://www.meetup.com/cities/gb/v3/achlunachan/;Achlunachan;achlunachan
http://www.meetup.com/cities/gb/v3/achmore/;Achmore;achmore
http://www.meetup.com/cities/gb/v3/achnacarry/;Achnacarry;achnacarry
http://www.meetup.com/cities/gb/v3/achnagarron/;Achnagarron;achnagarron
http://www.meetup.com/cities/gb/v3/achnahaird/;Achnahaird;achnahaird
http://www.meetup.com/cities/gb/v3/achnahanaid/;Achnahanaid;achnahanaid
http://www.meetup.com/cities/gb/v3/achnasheen/;Achnasheen;achnasheen
http://www.meetup.com/cities/gb/v3/achriesgill/;Achriesgill;achriesgill
http://www.meetup.com/cities/gb/v3/achrimsdale/;Achrimsdale;achrimsdale
http://www.meetup.com/cities/gb/v3/ackergill/;Ackergill;ackergill
http://www.meetup.com/cities/gb/v3/advie/;Advie;advie
http://www.meetup.com/cities/gb/v3/aigas/;Aigas;aigas
http://www.meetup.com/cities/gb/v3/aird/;Aird;aird
http://www.meetup.com/cities/gb/v3/alcaig/;Alcaig;alcaig
http://www.meetup.com/cities/gb/v3/aldourie/;Aldourie;aldourie
http://www.meetup.com/cities/gb/v3/allanfearn/;Allanfearn;allanfearn
http://www.meetup.com/cities/gb/v3/alligin/;Alligin;alligin
http://www.meetup.com/cities/gb/v3/alness/;Alness;alness
http://www.meetup.com/cities/gb/v3/altandhu/;Altandhu;altandhu
http://www.meetup.com/cities/gb/v3/altnabreac/;Altnabreac;altnabreac
http://www.meetup.com/cities/gb/v3/altnaharra/;Altnaharra;altnaharra
http://www.meetup.com/cities/gb/v3/altvaid/;Altvaid;altvaid
http://www.meetup.com/cities/gb/v3/annat/;Annat;annat
http://www.meetup.com/cities/gb/v3/annishader/;Annishader;annishader
http://www.meetup.com/cities/gb/v3/applecross/;Applecross;applecross
http://www.meetup.com/cities/gb/v3/arabella/;Arabella;arabella
http://www.meetup.com/cities/gb/v3/ardcharnich/;Ardcharnich;ardcharnich
http://www.meetup.com/cities/gb/v3/ardelve/;Ardelve;ardelve
http://www.meetup.com/cities/gb/v3/ardendrain/;Ardendrain;ardendrain
http://www.meetup.com/cities/gb/v3/ardersier/;Ardersier;ardersier
http://www.meetup.com/cities/gb/v3/ardessie/;Ardessie;ardessie
http://www.meetup.com/cities/gb/v3/ardgay/;Ardgay;ardgay
http://www.meetup.com/cities/gb/v3/ardgour/;Ardgour;ardgour
http://www.meetup.com/cities/gb/v3/ardindrean/;Ardindrean;ardindrean
http://www.meetup.com/cities/gb/v3/ardmair/;Ardmair;ardmair
http://www.meetup.com/cities/gb/v3/ardnarff/;Ardnarff;ardnarff
http://www.meetup.com/cities/gb/v3/ardross/;Ardross;ardross
http://www.meetup.com/cities/gb/v3/ardtornish/;Ardtornish;ardtornish
http://www.meetup.com/cities/gb/v3/ardvannie/;Ardvannie;ardvannie
http://www.meetup.com/cities/gb/v3/ardvasar/;Ardvasar;ardvasar
http://www.meetup.com/cities/gb/v3/arisaig/;Arisaig;arisaig
http://www.meetup.com/cities/gb/v3/armadale/;Armadale;armadale
http://www.meetup.com/cities/gb/v3/arnisdale/;Arnisdale;arnisdale
http://www.meetup.com/cities/gb/v3/arnish/;Arnish;arnish
http://www.meetup.com/cities/gb/v3/arnisort/;Arnisort;arnisort
http://www.meetup.com/cities/gb/v3/arrina/;Arrina;arrina
http://www.meetup.com/cities/gb/v3/artafallie/;Artafallie;artafallie
http://www.meetup.com/cities/gb/v3/ashaig/;Ashaig;ashaig
http://www.meetup.com/cities/gb/v3/auchindrean/;Auchindrean;auchindrean
http://www.meetup.com/cities/gb/v3/auchterawe/;Auchterawe;auchterawe
http://www.meetup.com/cities/gb/v3/auckengill/;Auckengill;auckengill
http://www.meetup.com/cities/gb/v3/auldearn/;Auldearn;auldearn
http://www.meetup.com/cities/gb/v3/aultachruine/;Aultachruine;aultachruine
http://www.meetup.com/cities/gb/v3/aultbea/;Aultbea;aultbea
http://www.meetup.com/cities/gb/v3/aultgrishan/;Aultgrishan;aultgrishan
http://www.meetup.com/cities/gb/v3/aviemore/;Aviemore;aviemore
http://www.meetup.com/cities/gb/v3/avoch/;Avoch;avoch
http://www.meetup.com/cities/gb/v3/badachro/;Badachro;badachro
http://www.meetup.com/cities/gb/v3/badbea/;Badbea;badbea
http://www.meetup.com/cities/gb/v3/badcall/;Badcall;badcall
http://www.meetup.com/cities/gb/v3/badcaul/;Badcaul;badcaul
http://www.meetup.com/cities/gb/v3/badenscallie/;Badenscallie;badenscallie
http://www.meetup.com/cities/gb/v3/badluarach/;Badluarach;badluarach
http://www.meetup.com/cities/gb/v3/badralloch/;Badralloch;badralloch
http://www.meetup.com/cities/gb/v3/balblair/;Balblair;balblair
http://www.meetup.com/cities/gb/v3/balchladich/;Balchladich;balchladich
http://www.meetup.com/cities/gb/v3/balintore/;Balintore;balintore
http://www.meetup.com/cities/gb/v3/ballachulish/;Ballachulish;ballachulish
http://www.meetup.com/cities/gb/v3/balloch/;Balloch;balloch
http://www.meetup.com/cities/gb/v3/balmacaan/;Balmacaan;balmacaan
http://www.meetup.com/cities/gb/v3/balmacara/;Balmacara;balmacara
http://www.meetup.com/cities/gb/v3/balmaqueen/;Balmaqueen;balmaqueen
http://www.meetup.com/cities/gb/v3/balmeanach/;Balmeanach;balmeanach
http://www.meetup.com/cities/gb/v3/balnabeen/;Balnabeen;balnabeen
http://www.meetup.com/cities/gb/v3/balnabruach/;Balnabruach;balnabruach
http://www.meetup.com/cities/gb/v3/balnacnoc/;Balnacnoc;balnacnoc
http://www.meetup.com/cities/gb/v3/balnagown/;Balnagown;balnagown
http://www.meetup.com/cities/gb/v3/balnain/;Balnain;balnain
http://www.meetup.com/cities/gb/v3/balnakeil/;Balnakeil;balnakeil
http://www.meetup.com/cities/gb/v3/balvoolich/;Balvoolich;balvoolich
http://www.meetup.com/cities/gb/v3/banavie/;Banavie;banavie
http://www.meetup.com/cities/gb/v3/barbaraville/;Barbaraville;barbaraville
http://www.meetup.com/cities/gb/v3/barnyards/;Barnyards;barnyards
http://www.meetup.com/cities/gb/v3/barrock/;Barrock;barrock
http://www.meetup.com/cities/gb/v3/beauly/;Beauly;beauly
http://www.meetup.com/cities/gb/v3/ben_nevis_industrial_estate/;Ben Nevis Industrial Estate;ben_nevis_industrial_estate
http://www.meetup.com/cities/gb/v3/bernisdale/;Bernisdale;bernisdale
http://www.meetup.com/cities/gb/v3/berriedale/;Berriedale;berriedale
http://www.meetup.com/cities/gb/v3/bettyhill/;Bettyhill;bettyhill
http://www.meetup.com/cities/gb/v3/big_sand/;Big Sand;big_sand
http://www.meetup.com/cities/gb/v3/bilbster/;Bilbster;bilbster
http://www.meetup.com/cities/gb/v3/bishop_kinkell/;Bishop Kinkell;bishop_kinkell
http://www.meetup.com/cities/gb/v3/black_dyke/;Black Dyke;black_dyke
http://www.meetup.com/cities/gb/v3/blackpark/;Blackpark;blackpark
http://www.meetup.com/cities/gb/v3/blaich/;Blaich;blaich
http://www.meetup.com/cities/gb/v3/blairmore/;Blairmore;blairmore
http://www.meetup.com/cities/gb/v3/blandy/;Blandy;blandy
http://www.meetup.com/cities/gb/v3/boat_of_garten/;Boat of Garten;boat_of_garten
http://www.meetup.com/cities/gb/v3/bogallan/;Bogallan;bogallan
http://www.meetup.com/cities/gb/v3/bogroy/;Bogroy;bogroy
http://www.meetup.com/cities/gb/v3/bonar_bridge/;Bonar Bridge;bonar_bridge
http://www.meetup.com/cities/gb/v3/bornisketaig/;Bornisketaig;bornisketaig
http://www.meetup.com/cities/gb/v3/borreraig/;Borreraig;borreraig
http://www.meetup.com/cities/gb/v3/borve/;Borve;borve
http://www.meetup.com/cities/gb/v3/bower/;Bower;bower
http://www.meetup.com/cities/gb/v3/brae/;Brae;brae
http://www.meetup.com/cities/gb/v3/braemore/;Braemore;braemore
http://www.meetup.com/cities/gb/v3/brae_of_kinkell/;Brae of Kinkell;brae_of_kinkell
http://www.meetup.com/cities/gb/v3/braes/;Braes;braes
http://www.meetup.com/cities/gb/v3/brae_tongue/;Brae Tongue;brae_tongue
http://www.meetup.com/cities/gb/v3/breackrey/;Breackrey;breackrey
http://www.meetup.com/cities/gb/v3/brecklet/;Brecklet;brecklet
http://www.meetup.com/cities/gb/v3/broadford/;Broadford;broadford
http://www.meetup.com/cities/gb/v3/broallan/;Broallan;broallan
http://www.meetup.com/cities/gb/v3/brogaig/;Brogaig;brogaig
http://www.meetup.com/cities/gb/v3/brora/;Brora;brora
http://www.meetup.com/cities/gb/v3/brough/;Brough;brough
http://www.meetup.com/cities/gb/v3/bualnaluib/;Bualnaluib;bualnaluib
http://www.meetup.com/cities/gb/v3/bunachton/;Bunachton;bunachton
http://www.meetup.com/cities/gb/v3/bunchrew/;Bunchrew;bunchrew
http://www.meetup.com/cities/gb/v3/bundalloch/;Bundalloch;bundalloch
http://www.meetup.com/cities/gb/v3/bunloit/;Bunloit;bunloit
http://www.meetup.com/cities/gb/v3/cadboll_wood/;Cadboll Wood;cadboll_wood
http://www.meetup.com/cities/gb/v3/calgary/;Calgary;calgary
http://www.meetup.com/cities/gb/v3/camaghael/;Camaghael;camaghael
http://www.meetup.com/cities/gb/v3/camault_muir/;Camault Muir;camault_muir
http://www.meetup.com/cities/gb/v3/campbellton/;Campbellton;campbellton
http://www.meetup.com/cities/gb/v3/camusbane/;Camusbane;camusbane
http://www.meetup.com/cities/gb/v3/camuscross/;Camuscross;camuscross
http://www.meetup.com/cities/gb/v3/camuslongart/;Camuslongart;camuslongart
http://www.meetup.com/cities/gb/v3/camusluinie/;Camusluinie;camusluinie
http://www.meetup.com/cities/gb/v3/camusnagaul/;Camusnagaul;camusnagaul
http://www.meetup.com/cities/gb/v3/camusterrach/;Camusterrach;camusterrach
http://www.meetup.com/cities/gb/v3/camustianavaig/;Camustianavaig;camustianavaig
http://www.meetup.com/cities/gb/v3/canisbay/;Canisbay;canisbay
http://www.meetup.com/cities/gb/v3/cannich/;Cannich;cannich
http://www.meetup.com/cities/gb/v3/caol/;Caol;caol
http://www.meetup.com/cities/gb/v3/carbost/;Carbost;carbost
http://www.meetup.com/cities/gb/v3/carbostbeg/;Carbostbeg;carbostbeg
http://www.meetup.com/cities/gb/v3/carbostmore/;Carbostmore;carbostmore
http://www.meetup.com/cities/gb/v3/carnoch/;Carnoch;carnoch
http://www.meetup.com/cities/gb/v3/caroy/;Caroy;caroy
http://www.meetup.com/cities/gb/v3/carrbridge/;Carrbridge;carrbridge
http://www.meetup.com/cities/gb/v3/castle_avenue_industrial_estate/;Castle Avenue Industrial Estate;castle_avenue_industrial_estate
http://www.meetup.com/cities/gb/v3/castletown/;Castletown;castletown
http://www.meetup.com/cities/gb/v3/cawdor/;Cawdor;cawdor
http://www.meetup.com/cities/gb/v3/charleston/;Charleston;charleston
http://www.meetup.com/cities/gb/v3/clachan/;Clachan;clachan
http://www.meetup.com/cities/gb/v3/clachnaharry/;Clachnaharry;clachnaharry
http://www.meetup.com/cities/gb/v3/claredon/;Claredon;claredon
http://www.meetup.com/cities/gb/v3/clashmore/;Clashmore;clashmore
http://www.meetup.com/cities/gb/v3/clashnessie/;Clashnessie;clashnessie
http://www.meetup.com/cities/gb/v3/clunas/;Clunas;clunas
http://www.meetup.com/cities/gb/v3/coast/;Coast;coast
http://www.meetup.com/cities/gb/v3/colbost/;Colbost;colbost
http://www.meetup.com/cities/gb/v3/coldbackie/;Coldbackie;coldbackie
http://www.meetup.com/cities/gb/v3/coldwell/;Coldwell;coldwell
http://www.meetup.com/cities/gb/v3/conista/;Conista;conista
http://www.meetup.com/cities/gb/v3/conon_bridge/;Conon Bridge;conon_bridge
http://www.meetup.com/cities/gb/v3/conordan/;Conordan;conordan
http://www.meetup.com/cities/gb/v3/contin/;Contin;contin
http://www.meetup.com/cities/gb/v3/corpach/;Corpach;corpach
http://www.meetup.com/cities/gb/v3/corran/;Corran;corran
http://www.meetup.com/cities/gb/v3/corrour/;Corrour;corrour
http://www.meetup.com/cities/gb/v3/cosaig/;Cosaig;cosaig
http://www.meetup.com/cities/gb/v3/coulin/;Coulin;coulin
http://www.meetup.com/cities/gb/v3/cove/;Cove;cove
http://www.meetup.com/cities/gb/v3/cradlehall/;Cradlehall;cradlehall
http://www.meetup.com/cities/gb/v3/craig/;Craig;craig
http://www.meetup.com/cities/gb/v3/craig_dunain/;Craig Dunain;craig_dunain
http://www.meetup.com/cities/gb/v3/craigton/;Craigton;craigton
http://www.meetup.com/cities/gb/v3/craigton_point/;Craigton Point;craigton_point
http://www.meetup.com/cities/gb/v3/crepigill/;Crepigill;crepigill
http://www.meetup.com/cities/gb/v3/crerag/;Crerag;crerag
http://www.meetup.com/cities/gb/v3/croachy/;Croachy;croachy
http://www.meetup.com/cities/gb/v3/croftnacreich/;Croftnacreich;croftnacreich
http://www.meetup.com/cities/gb/v3/crofton/;Crofton;crofton
http://www.meetup.com/cities/gb/v3/cromarty/;Cromarty;cromarty
http://www.meetup.com/cities/gb/v3/cromdale/;Cromdale;cromdale
http://www.meetup.com/cities/gb/v3/croy/;Croy;croy
http://www.meetup.com/cities/gb/v3/cruard/;Cruard;cruard
http://www.meetup.com/cities/gb/v3/culbokie/;Culbokie;culbokie
http://www.meetup.com/cities/gb/v3/culburnie/;Culburnie;culburnie
http://www.meetup.com/cities/gb/v3/culconich/;Culconich;culconich
http://www.meetup.com/cities/gb/v3/culduie/;Culduie;culduie
http://www.meetup.com/cities/gb/v3/culduthel/;Culduthel;culduthel
http://www.meetup.com/cities/gb/v3/culkein/;Culkein;culkein
http://www.meetup.com/cities/gb/v3/culloden/;Culloden;culloden
http://www.meetup.com/cities/gb/v3/culloden_moor/;Culloden Moor;culloden_moor
http://www.meetup.com/cities/gb/v3/culnacnock/;Culnacnock;culnacnock
http://www.meetup.com/cities/gb/v3/culrain/;Culrain;culrain
http://www.meetup.com/cities/gb/v3/dalcattaig/;Dalcattaig;dalcattaig
http://www.meetup.com/cities/gb/v3/dalchalm/;Dalchalm;dalchalm
http://www.meetup.com/cities/gb/v3/dalcharn/;Dalcharn;dalcharn
http://www.meetup.com/cities/gb/v3/dalchreichart/;Dalchreichart;dalchreichart
http://www.meetup.com/cities/gb/v3/dalcross/;Dalcross;dalcross
http://www.meetup.com/cities/gb/v3/dalcross_industrial_estate/;Dalcross Industrial Estate;dalcross_industrial_estate
http://www.meetup.com/cities/gb/v3/dalmore/;Dalmore;dalmore
http://www.meetup.com/cities/gb/v3/dalnavert/;Dalnavert;dalnavert
http://www.meetup.com/cities/gb/v3/dalwhinnie/;Dalwhinnie;dalwhinnie
http://www.meetup.com/cities/gb/v3/davidston/;Davidston;davidston
http://www.meetup.com/cities/gb/v3/daviot/;Daviot;daviot
http://www.meetup.com/cities/gb/v3/delmore/;Delmore;delmore
http://www.meetup.com/cities/gb/v3/delny/;Delny;delny
http://www.meetup.com/cities/gb/v3/digg/;Digg;digg
http://www.meetup.com/cities/gb/v3/dingwall/;Dingwall;dingwall
http://www.meetup.com/cities/gb/v3/dingwall_business_park/;Dingwall Business Park;dingwall_business_park
http://www.meetup.com/cities/gb/v3/dochfour/;Dochfour;dochfour
http://www.meetup.com/cities/gb/v3/dochgarroch/;Dochgarroch;dochgarroch
http://www.meetup.com/cities/gb/v3/dores/;Dores;dores
http://www.meetup.com/cities/gb/v3/dornie/;Dornie;dornie
http://www.meetup.com/cities/gb/v3/dornoch/;Dornoch;dornoch
http://www.meetup.com/cities/gb/v3/dounreay/;Dounreay;dounreay
http://www.meetup.com/cities/gb/v3/drimarben/;Drimarben;drimarben
http://www.meetup.com/cities/gb/v3/drimnin/;Drimnin;drimnin
http://www.meetup.com/cities/gb/v3/drinan/;Drinan;drinan
http://www.meetup.com/cities/gb/v3/drumbeg/;Drumbeg;drumbeg
http://www.meetup.com/cities/gb/v3/drumbuie/;Drumbuie;drumbuie
http://www.meetup.com/cities/gb/v3/drumfearn/;Drumfearn;drumfearn
http://www.meetup.com/cities/gb/v3/drumnadrochit/;Drumnadrochit;drumnadrochit
http://www.meetup.com/cities/gb/v3/drumsmittal/;Drumsmittal;drumsmittal
http://www.meetup.com/cities/gb/v3/drumuie/;Drumuie;drumuie
http://www.meetup.com/cities/gb/v3/drynoch/;Drynoch;drynoch
http://www.meetup.com/cities/gb/v3/duirinish/;Duirinish;duirinish
http://www.meetup.com/cities/gb/v3/duisdale_beag/;Duisdale Beag;duisdale_beag
http://www.meetup.com/cities/gb/v3/duisdalemore/;Duisdalemore;duisdalemore
http://www.meetup.com/cities/gb/v3/dulnain_bridge/;Dulnain Bridge;dulnain_bridge
http://www.meetup.com/cities/gb/v3/dunbeath/;Dunbeath;dunbeath
http://www.meetup.com/cities/gb/v3/duncanston/;Duncanston;duncanston
http://www.meetup.com/cities/gb/v3/dundonnell/;Dundonnell;dundonnell
http://www.meetup.com/cities/gb/v3/dunhallin/;Dunhallin;dunhallin
http://www.meetup.com/cities/gb/v3/dunmaglass/;Dunmaglass;dunmaglass
http://www.meetup.com/cities/gb/v3/dunnet/;Dunnet;dunnet
http://www.meetup.com/cities/gb/v3/dunrobin/;Dunrobin;dunrobin
http://www.meetup.com/cities/gb/v3/dunvegan/;Dunvegan;dunvegan
http://www.meetup.com/cities/gb/v3/durine/;Durine;durine
http://www.meetup.com/cities/gb/v3/durnamuck/;Durnamuck;durnamuck
http://www.meetup.com/cities/gb/v3/durness/;Durness;durness
http://www.meetup.com/cities/gb/v3/duror/;Duror;duror
http://www.meetup.com/cities/gb/v3/eabost_west/;Eabost West;eabost_west
http://www.meetup.com/cities/gb/v3/earlish/;Earlish;earlish
http://www.meetup.com/cities/gb/v3/east_clyne/;East Clyne;east_clyne
http://www.meetup.com/cities/gb/v3/easter_kinkell/;Easter Kinkell;easter_kinkell
http://www.meetup.com/cities/gb/v3/east_gills/;East Gills;east_gills
http://www.meetup.com/cities/gb/v3/east_lewiston/;East Lewiston;east_lewiston
http://www.meetup.com/cities/gb/v3/ebost/;Ebost;ebost
http://www.meetup.com/cities/gb/v3/edderton/;Edderton;edderton
http://www.meetup.com/cities/gb/v3/edinbane/;Edinbane;edinbane
http://www.meetup.com/cities/gb/v3/eilanreach/;Eilanreach;eilanreach
http://www.meetup.com/cities/gb/v3/eilean_ban/;Eilean Ban;eilean_ban
http://www.meetup.com/cities/gb/v3/elgol/;Elgol;elgol
http://www.meetup.com/cities/gb/v3/ellishadder/;Ellishadder;ellishadder
http://www.meetup.com/cities/gb/v3/elphin/;Elphin;elphin
http://www.meetup.com/cities/gb/v3/embo/;Embo;embo
http://www.meetup.com/cities/gb/v3/errogie/;Errogie;errogie
http://www.meetup.com/cities/gb/v3/evanton/;Evanton;evanton
http://www.meetup.com/cities/gb/v3/evelix/;Evelix;evelix
http://www.meetup.com/cities/gb/v3/eynort/;Eynort;eynort
http://www.meetup.com/cities/gb/v3/eyre/;Eyre;eyre
http://www.meetup.com/cities/gb/v3/fairburn/;Fairburn;fairburn
http://www.meetup.com/cities/gb/v3/fanagmore/;Fanagmore;fanagmore
http://www.meetup.com/cities/gb/v3/farr/;Farr;farr
http://www.meetup.com/cities/gb/v3/fasnagrianach/;Fasnagrianach;fasnagrianach
http://www.meetup.com/cities/gb/v3/fearn/;Fearn;fearn
http://www.meetup.com/cities/gb/v3/fearns/;Fearns;fearns
http://www.meetup.com/cities/gb/v3/fendom/;Fendom;fendom
http://www.meetup.com/cities/gb/v3/feorlig/;Feorlig;feorlig
http://www.meetup.com/cities/gb/v3/ferness/;Ferness;ferness
http://www.meetup.com/cities/gb/v3/fernilea/;Fernilea;fernilea
http://www.meetup.com/cities/gb/v3/ferrindonald/;Ferrindonald;ferrindonald
http://www.meetup.com/cities/gb/v3/feshie_bridge/;Feshie Bridge;feshie_bridge
http://www.meetup.com/cities/gb/v3/fiscavaig/;Fiscavaig;fiscavaig
http://www.meetup.com/cities/gb/v3/flashadder/;Flashadder;flashadder
http://www.meetup.com/cities/gb/v3/flichity/;Flichity;flichity
http://www.meetup.com/cities/gb/v3/flodigarry/;Flodigarry;flodigarry
http://www.meetup.com/cities/gb/v3/foindle/;Foindle;foindle
http://www.meetup.com/cities/gb/v3/forsinard/;Forsinard;forsinard
http://www.meetup.com/cities/gb/v3/forss/;Forss;forss
http://www.meetup.com/cities/gb/v3/fort_augustus/;Fort Augustus;fort_augustus
http://www.meetup.com/cities/gb/v3/fort_george/;Fort George;fort_george
http://www.meetup.com/cities/gb/v3/fortrose/;Fortrose;fortrose
http://www.meetup.com/cities/gb/v3/fort_william/;Fort William;fort_william
http://www.meetup.com/cities/gb/v3/foyers/;Foyers;foyers
http://www.meetup.com/cities/gb/v3/freswick/;Freswick;freswick
http://www.meetup.com/cities/gb/v3/gairloch/;Gairloch;gairloch
http://www.meetup.com/cities/gb/v3/gairlochy/;Gairlochy;gairlochy
http://www.meetup.com/cities/gb/v3/garafad/;Garafad;garafad
http://www.meetup.com/cities/gb/v3/garguston/;Garguston;garguston
http://www.meetup.com/cities/gb/v3/garos/;Garos;garos
http://www.meetup.com/cities/gb/v3/garrymore/;Garrymore;garrymore
http://www.meetup.com/cities/gb/v3/gartymore/;Gartymore;gartymore
http://www.meetup.com/cities/gb/v3/garve/;Garve;garve
http://www.meetup.com/cities/gb/v3/gaza/;Gaza;gaza
http://www.meetup.com/cities/gb/v3/geanies/;Geanies;geanies
http://www.meetup.com/cities/gb/v3/gedintailor/;Gedintailor;gedintailor
http://www.meetup.com/cities/gb/v3/gillen/;Gillen;gillen
http://www.meetup.com/cities/gb/v3/gillock/;Gillock;gillock
http://www.meetup.com/cities/gb/v3/glackmore/;Glackmore;glackmore
http://www.meetup.com/cities/gb/v3/glaichbea/;Glaichbea;glaichbea
http://www.meetup.com/cities/gb/v3/glasnakille/;Glasnakille;glasnakille
http://www.meetup.com/cities/gb/v3/glasphein/;Glasphein;glasphein
http://www.meetup.com/cities/gb/v3/glenachulish/;Glenachulish;glenachulish
http://www.meetup.com/cities/gb/v3/glenbrittle/;Glenbrittle;glenbrittle
http://www.meetup.com/cities/gb/v3/glencoe/;Glencoe;glencoe
http://www.meetup.com/cities/gb/v3/glenconon/;Glenconon;glenconon
http://www.meetup.com/cities/gb/v3/glendale/;Glendale;glendale
http://www.meetup.com/cities/gb/v3/glenelg/;Glenelg;glenelg
http://www.meetup.com/cities/gb/v3/glenetive/;Glenetive;glenetive
http://www.meetup.com/cities/gb/v3/glenferness/;Glenferness;glenferness
http://www.meetup.com/cities/gb/v3/glenfinnan/;Glenfinnan;glenfinnan
http://www.meetup.com/cities/gb/v3/glengolly/;Glengolly;glengolly
http://www.meetup.com/cities/gb/v3/glen_morangie/;Glen Morangie;glen_morangie
http://www.meetup.com/cities/gb/v3/glenmore/;Glenmore;glenmore
http://www.meetup.com/cities/gb/v3/glenmoriston/;Glenmoriston;glenmoriston
http://www.meetup.com/cities/gb/v3/glen_nevis/;Glen Nevis;glen_nevis
http://www.meetup.com/cities/gb/v3/glenshiel/;Glenshiel;glenshiel
http://www.meetup.com/cities/gb/v3/glenuachdarach/;Glenuachdarach;glenuachdarach
http://www.meetup.com/cities/gb/v3/glenuig/;Glenuig;glenuig
http://www.meetup.com/cities/gb/v3/glen_urquhart/;Glen Urquhart;glen_urquhart
http://www.meetup.com/cities/gb/v3/gollanfield/;Gollanfield;gollanfield
http://www.meetup.com/cities/gb/v3/golspie/;Golspie;golspie
http://www.meetup.com/cities/gb/v3/gorstan/;Gorstan;gorstan
http://www.meetup.com/cities/gb/v3/gorthleck/;Gorthleck;gorthleck
http://www.meetup.com/cities/gb/v3/grantown-on-spey/;Grantown-on-Spey;grantown-on-spey
http://www.meetup.com/cities/gb/v3/grealine/;Grealine;grealine
http://www.meetup.com/cities/gb/v3/gruinard/;Gruinard;gruinard
http://www.meetup.com/cities/gb/v3/halistra/;Halistra;halistra
http://www.meetup.com/cities/gb/v3/halkirk/;Halkirk;halkirk
http://www.meetup.com/cities/gb/v3/hallin_park/;Hallin Park;hallin_park
http://www.meetup.com/cities/gb/v3/harrapool/;Harrapool;harrapool
http://www.meetup.com/cities/gb/v3/hartmount_holdings/;Hartmount Holdings;hartmount_holdings
http://www.meetup.com/cities/gb/v3/haster/;Haster;haster
http://www.meetup.com/cities/gb/v3/haugh/;Haugh;haugh
http://www.meetup.com/cities/gb/v3/heatherfield/;Heatherfield;heatherfield
http://www.meetup.com/cities/gb/v3/helmsdale/;Helmsdale;helmsdale
http://www.meetup.com/cities/gb/v3/herbusta/;Herbusta;herbusta
http://www.meetup.com/cities/gb/v3/herebost/;Herebost;herebost
http://www.meetup.com/cities/gb/v3/hillhead/;Hillhead;hillhead
http://www.meetup.com/cities/gb/v3/hilton/;Hilton;hilton
http://www.meetup.com/cities/gb/v3/huna/;Huna;huna
http://www.meetup.com/cities/gb/v3/hungladder/;Hungladder;hungladder
http://www.meetup.com/cities/gb/v3/idrigill/;Idrigill;idrigill
http://www.meetup.com/cities/gb/v3/insh/;Insh;insh
http://www.meetup.com/cities/gb/v3/inshes/;Inshes;inshes
http://www.meetup.com/cities/gb/v3/inshes_wood/;Inshes Wood;inshes_wood
http://www.meetup.com/cities/gb/v3/inver/;Inver;inver
http://www.meetup.com/cities/gb/v3/inveran/;Inveran;inveran
http://www.meetup.com/cities/gb/v3/inverarnie/;Inverarnie;inverarnie
http://www.meetup.com/cities/gb/v3/inverasdale/;Inverasdale;inverasdale
http://www.meetup.com/cities/gb/v3/inverfarigaig/;Inverfarigaig;inverfarigaig
http://www.meetup.com/cities/gb/v3/invergarry/;Invergarry;invergarry
http://www.meetup.com/cities/gb/v3/invergordon/;Invergordon;invergordon
http://www.meetup.com/cities/gb/v3/inverinate/;Inverinate;inverinate
http://www.meetup.com/cities/gb/v3/inverlochy/;Inverlochy;inverlochy
http://www.meetup.com/cities/gb/v3/invermoriston/;Invermoriston;invermoriston
http://www.meetup.com/cities/gb/v3/inverness/;Inverness;inverness
http://www.meetup.com/cities/gb/v3/inverness_airport/;Inverness Airport;inverness_airport
http://www.meetup.com/cities/gb/v3/inverness_business_%26_retail_park/;Inverness Business & Retail Park;inverness_business_%26_retail_park
http://www.meetup.com/cities/gb/v3/invershin/;Invershin;invershin
http://www.meetup.com/cities/gb/v3/isle_horrisdale/;Isle Horrisdale;isle_horrisdale
http://www.meetup.com/cities/gb/v3/isle_of_canna/;Isle of Canna;isle_of_canna
http://www.meetup.com/cities/gb/v3/isle_of_eigg/;Isle of Eigg;isle_of_eigg
http://www.meetup.com/cities/gb/v3/isle_of_ewe/;Isle of Ewe;isle_of_ewe
http://www.meetup.com/cities/gb/v3/isle_of_muck/;Isle of Muck;isle_of_muck
http://www.meetup.com/cities/gb/v3/isle_of_raasay/;Isle of Raasay;isle_of_raasay
http://www.meetup.com/cities/gb/v3/isle_of_rum/;Isle of Rum;isle_of_rum
http://www.meetup.com/cities/gb/v3/isle_of_scalpay/;Isle of Scalpay;isle_of_scalpay
http://www.meetup.com/cities/gb/v3/isle_ornsay/;Isle Ornsay;isle_ornsay
http://www.meetup.com/cities/gb/v3/jamestown/;Jamestown;jamestown
http://www.meetup.com/cities/gb/v3/janetstown/;Janetstown;janetstown
http://www.meetup.com/cities/gb/v3/jemimaville/;Jemimaville;jemimaville
http://www.meetup.com/cities/gb/v3/john_o%27_groats/;John O' Groats;john_o%27_groats
http://www.meetup.com/cities/gb/v3/keiss/;Keiss;keiss
http://www.meetup.com/cities/gb/v3/keistle/;Keistle;keistle
http://www.meetup.com/cities/gb/v3/kensaleyre/;Kensaleyre;kensaleyre
http://www.meetup.com/cities/gb/v3/kentallen/;Kentallen;kentallen
http://www.meetup.com/cities/gb/v3/kildary/;Kildary;kildary
http://www.meetup.com/cities/gb/v3/kildonan/;Kildonan;kildonan
http://www.meetup.com/cities/gb/v3/killen/;Killen;killen
http://www.meetup.com/cities/gb/v3/killilan/;Killilan;killilan
http://www.meetup.com/cities/gb/v3/kilmaluag/;Kilmaluag;kilmaluag
http://www.meetup.com/cities/gb/v3/kilmorack/;Kilmorack;kilmorack
http://www.meetup.com/cities/gb/v3/kilmore/;Kilmore;kilmore
http://www.meetup.com/cities/gb/v3/kilmuir/;Kilmuir;kilmuir
http://www.meetup.com/cities/gb/v3/kiltarlity/;Kiltarlity;kiltarlity
http://www.meetup.com/cities/gb/v3/kiltearn/;Kiltearn;kiltearn
http://www.meetup.com/cities/gb/v3/kilvaxter/;Kilvaxter;kilvaxter
http://www.meetup.com/cities/gb/v3/kinbrace/;Kinbrace;kinbrace
http://www.meetup.com/cities/gb/v3/kincraig/;Kincraig;kincraig
http://www.meetup.com/cities/gb/v3/kingairloch/;Kingairloch;kingairloch
http://www.meetup.com/cities/gb/v3/kingsburgh/;Kingsburgh;kingsburgh
http://www.meetup.com/cities/gb/v3/kingussie/;Kingussie;kingussie
http://www.meetup.com/cities/gb/v3/kinkell/;Kinkell;kinkell
http://www.meetup.com/cities/gb/v3/kinlochbervie/;Kinlochbervie;kinlochbervie
http://www.meetup.com/cities/gb/v3/kinlocheil/;Kinlocheil;kinlocheil
http://www.meetup.com/cities/gb/v3/kinlochewe/;Kinlochewe;kinlochewe
http://www.meetup.com/cities/gb/v3/kinloch_laggan/;Kinloch Laggan;kinloch_laggan
http://www.meetup.com/cities/gb/v3/kinlochleven/;Kinlochleven;kinlochleven
http://www.meetup.com/cities/gb/v3/kinlochmoidart/;Kinlochmoidart;kinlochmoidart
http://www.meetup.com/cities/gb/v3/kirk/;Kirk;kirk
http://www.meetup.com/cities/gb/v3/kirkhill/;Kirkhill;kirkhill
http://www.meetup.com/cities/gb/v3/kirkton/;Kirkton;kirkton
http://www.meetup.com/cities/gb/v3/kishorn/;Kishorn;kishorn
http://www.meetup.com/cities/gb/v3/knockally/;Knockally;knockally
http://www.meetup.com/cities/gb/v3/knockbain/;Knockbain;knockbain
http://www.meetup.com/cities/gb/v3/knockbreck/;Knockbreck;knockbreck
http://www.meetup.com/cities/gb/v3/knockfarrel/;Knockfarrel;knockfarrel
http://www.meetup.com/cities/gb/v3/knott/;Knott;knott
http://www.meetup.com/cities/gb/v3/knoydart/;Knoydart;knoydart
http://www.meetup.com/cities/gb/v3/kyle/;Kyle;kyle
http://www.meetup.com/cities/gb/v3/kyleakin/;Kyleakin;kyleakin
http://www.meetup.com/cities/gb/v3/kylerhea/;Kylerhea;kylerhea
http://www.meetup.com/cities/gb/v3/kylesku/;Kylesku;kylesku
http://www.meetup.com/cities/gb/v3/kyles_morar/;Kyles Morar;kyles_morar
http://www.meetup.com/cities/gb/v3/kylestrome/;Kylestrome;kylestrome
http://www.meetup.com/cities/gb/v3/laggan/;Laggan;laggan
http://www.meetup.com/cities/gb/v3/laide/;Laide;laide
http://www.meetup.com/cities/gb/v3/lairg/;Lairg;lairg
http://www.meetup.com/cities/gb/v3/latheron/;Latheron;latheron
http://www.meetup.com/cities/gb/v3/latheronwheel/;Latheronwheel;latheronwheel
http://www.meetup.com/cities/gb/v3/leachachan/;Leachachan;leachachan
http://www.meetup.com/cities/gb/v3/leachkin/;Leachkin;leachkin
http://www.meetup.com/cities/gb/v3/lealt/;Lealt;lealt
http://www.meetup.com/cities/gb/v3/leckmelm/;Leckmelm;leckmelm
http://www.meetup.com/cities/gb/v3/lecknasaide/;Lecknasaide;lecknasaide
http://www.meetup.com/cities/gb/v3/ledgowan/;Ledgowan;ledgowan
http://www.meetup.com/cities/gb/v3/lentran/;Lentran;lentran
http://www.meetup.com/cities/gb/v3/lephin/;Lephin;lephin
http://www.meetup.com/cities/gb/v3/lerin/;Lerin;lerin
http://www.meetup.com/cities/gb/v3/letterfearn/;Letterfearn;letterfearn
http://www.meetup.com/cities/gb/v3/letterfinlay/;Letterfinlay;letterfinlay
http://www.meetup.com/cities/gb/v3/lettermore/;Lettermore;lettermore
http://www.meetup.com/cities/gb/v3/letters/;Letters;letters
http://www.meetup.com/cities/gb/v3/lewiston/;Lewiston;lewiston
http://www.meetup.com/cities/gb/v3/linicro/;Linicro;linicro
http://www.meetup.com/cities/gb/v3/little_cantray/;Little Cantray;little_cantray
http://www.meetup.com/cities/gb/v3/loaneckheim/;Loaneckheim;loaneckheim
http://www.meetup.com/cities/gb/v3/lochailort/;Lochailort;lochailort
http://www.meetup.com/cities/gb/v3/lochaline/;Lochaline;lochaline
http://www.meetup.com/cities/gb/v3/lochbay/;Lochbay;lochbay
http://www.meetup.com/cities/gb/v3/lochbroom/;Lochbroom;lochbroom
http://www.meetup.com/cities/gb/v3/lochcarron/;Lochcarron;lochcarron
http://www.meetup.com/cities/gb/v3/lochend/;Lochend;lochend
http://www.meetup.com/cities/gb/v3/loch_eriboll/;Loch Eriboll;loch_eriboll
http://www.meetup.com/cities/gb/v3/loch_flemington/;Loch Flemington;loch_flemington
http://www.meetup.com/cities/gb/v3/lochinver/;Lochinver;lochinver
http://www.meetup.com/cities/gb/v3/lochluichart/;Lochluichart;lochluichart
http://www.meetup.com/cities/gb/v3/lochmaree/;Lochmaree;lochmaree
http://www.meetup.com/cities/gb/v3/loch_nevis/;Loch Nevis;loch_nevis
http://www.meetup.com/cities/gb/v3/lochrosque/;Lochrosque;lochrosque
http://www.meetup.com/cities/gb/v3/lochside/;Lochside;lochside
http://www.meetup.com/cities/gb/v3/lochussie/;Lochussie;lochussie
http://www.meetup.com/cities/gb/v3/lochyside/;Lochyside;lochyside
http://www.meetup.com/cities/gb/v3/loggie/;Loggie;loggie
http://www.meetup.com/cities/gb/v3/lonbain/;Lonbain;lonbain
http://www.meetup.com/cities/gb/v3/lonfearn/;Lonfearn;lonfearn
http://www.meetup.com/cities/gb/v3/loth/;Loth;loth
http://www.meetup.com/cities/gb/v3/lower_ardelve/;Lower Ardelve;lower_ardelve
http://www.meetup.com/cities/gb/v3/lower_balmacaan/;Lower Balmacaan;lower_balmacaan
http://www.meetup.com/cities/gb/v3/lower_breakish/;Lower Breakish;lower_breakish
http://www.meetup.com/cities/gb/v3/luib/;Luib;luib
http://www.meetup.com/cities/gb/v3/lybster/;Lybster;lybster
http://www.meetup.com/cities/gb/v3/lynchat/;Lynchat;lynchat
http://www.meetup.com/cities/gb/v3/lyth/;Lyth;lyth
http://www.meetup.com/cities/gb/v3/maligar/;Maligar;maligar
http://www.meetup.com/cities/gb/v3/mallaig/;Mallaig;mallaig
http://www.meetup.com/cities/gb/v3/marishadder/;Marishadder;marishadder
http://www.meetup.com/cities/gb/v3/marrel/;Marrel;marrel
http://www.meetup.com/cities/gb/v3/marybank/;Marybank;marybank
http://www.meetup.com/cities/gb/v3/maryburgh/;Maryburgh;maryburgh
http://www.meetup.com/cities/gb/v3/meikle_ferry/;Meikle Ferry;meikle_ferry
http://www.meetup.com/cities/gb/v3/mellon_charles/;Mellon Charles;mellon_charles
http://www.meetup.com/cities/gb/v3/mellon_udrigle/;Mellon Udrigle;mellon_udrigle
http://www.meetup.com/cities/gb/v3/melvaig/;Melvaig;melvaig
http://www.meetup.com/cities/gb/v3/melvich/;Melvich;melvich
http://www.meetup.com/cities/gb/v3/mey/;Mey;mey
http://www.meetup.com/cities/gb/v3/midclyth/;Midclyth;midclyth
http://www.meetup.com/cities/gb/v3/midtown/;Midtown;midtown
http://www.meetup.com/cities/gb/v3/milltown/;Milltown;milltown
http://www.meetup.com/cities/gb/v3/milton/;Milton;milton
http://www.meetup.com/cities/gb/v3/milton_of_culloden/;Milton of Culloden;milton_of_culloden
http://www.meetup.com/cities/gb/v3/moorlands/;Moorlands;moorlands
http://www.meetup.com/cities/gb/v3/morar/;Morar;morar
http://www.meetup.com/cities/gb/v3/morefield/;Morefield;morefield
http://www.meetup.com/cities/gb/v3/morvern/;Morvern;morvern
http://www.meetup.com/cities/gb/v3/moss/;Moss;moss
http://www.meetup.com/cities/gb/v3/moss_side/;Moss Side;moss_side
http://www.meetup.com/cities/gb/v3/mount_vernon/;Mount Vernon;mount_vernon
http://www.meetup.com/cities/gb/v3/moy/;Moy;moy
http://www.meetup.com/cities/gb/v3/muir_of_ord/;Muir of Ord;muir_of_ord
http://www.meetup.com/cities/gb/v3/muirton_mains/;Muirton Mains;muirton_mains
http://www.meetup.com/cities/gb/v3/muirtown/;Muirtown;muirtown
http://www.meetup.com/cities/gb/v3/munlochy/;Munlochy;munlochy
http://www.meetup.com/cities/gb/v3/murkle/;Murkle;murkle
http://www.meetup.com/cities/gb/v3/murlaggan/;Murlaggan;murlaggan
http://www.meetup.com/cities/gb/v3/naast/;Naast;naast
http://www.meetup.com/cities/gb/v3/nairn/;Nairn;nairn
http://www.meetup.com/cities/gb/v3/nairnside/;Nairnside;nairnside
http://www.meetup.com/cities/gb/v3/navidale/;Navidale;navidale
http://www.meetup.com/cities/gb/v3/nethy_bridge/;Nethy Bridge;nethy_bridge
http://www.meetup.com/cities/gb/v3/nevis_bridge/;Nevis Bridge;nevis_bridge
http://www.meetup.com/cities/gb/v3/newmore/;Newmore;newmore
http://www.meetup.com/cities/gb/v3/newton/;Newton;newton
http://www.meetup.com/cities/gb/v3/newtonmore/;Newtonmore;newtonmore
http://www.meetup.com/cities/gb/v3/newton_of_ferintosh/;Newton of Ferintosh;newton_of_ferintosh
http://www.meetup.com/cities/gb/v3/nigg/;Nigg;nigg
http://www.meetup.com/cities/gb/v3/north_ballachulish/;North Ballachulish;north_ballachulish
http://www.meetup.com/cities/gb/v3/north_erradale/;North Erradale;north_erradale
http://www.meetup.com/cities/gb/v3/north_kessock/;North Kessock;north_kessock
http://www.meetup.com/cities/gb/v3/north_strome/;North Strome;north_strome
http://www.meetup.com/cities/gb/v3/novar/;Novar;novar
http://www.meetup.com/cities/gb/v3/novar_toll/;Novar Toll;novar_toll
http://www.meetup.com/cities/gb/v3/occumster/;Occumster;occumster
http://www.meetup.com/cities/gb/v3/oldshoremore/;Oldshoremore;oldshoremore
http://www.meetup.com/cities/gb/v3/onich/;Onich;onich
http://www.meetup.com/cities/gb/v3/opinan/;Opinan;opinan
http://www.meetup.com/cities/gb/v3/ord/;Ord;ord
http://www.meetup.com/cities/gb/v3/ormiscaig/;Ormiscaig;ormiscaig
http://www.meetup.com/cities/gb/v3/ose/;Ose;ose
http://www.meetup.com/cities/gb/v3/papigoe/;Papigoe;papigoe
http://www.meetup.com/cities/gb/v3/peinachorran/;Peinachorran;peinachorran
http://www.meetup.com/cities/gb/v3/peinaha/;Peinaha;peinaha
http://www.meetup.com/cities/gb/v3/peiness/;Peiness;peiness
http://www.meetup.com/cities/gb/v3/peinlich/;Peinlich;peinlich
http://www.meetup.com/cities/gb/v3/peinmore/;Peinmore;peinmore
http://www.meetup.com/cities/gb/v3/penifiler/;Penifiler;penifiler
http://www.meetup.com/cities/gb/v3/piperhill/;Piperhill;piperhill
http://www.meetup.com/cities/gb/v3/pitcalnie/;Pitcalnie;pitcalnie
http://www.meetup.com/cities/gb/v3/pitmaduthy/;Pitmaduthy;pitmaduthy
http://www.meetup.com/cities/gb/v3/plockton/;Plockton;plockton
http://www.meetup.com/cities/gb/v3/polbain/;Polbain;polbain
http://www.meetup.com/cities/gb/v3/poles/;Poles;poles
http://www.meetup.com/cities/gb/v3/polglass/;Polglass;polglass
http://www.meetup.com/cities/gb/v3/polloch/;Polloch;polloch
http://www.meetup.com/cities/gb/v3/poolewe/;Poolewe;poolewe
http://www.meetup.com/cities/gb/v3/portgower/;Portgower;portgower
http://www.meetup.com/cities/gb/v3/port_henderson/;Port Henderson;port_henderson
http://www.meetup.com/cities/gb/v3/portmahomack/;Portmahomack;portmahomack
http://www.meetup.com/cities/gb/v3/portnalong/;Portnalong;portnalong
http://www.meetup.com/cities/gb/v3/portree/;Portree;portree
http://www.meetup.com/cities/gb/v3/poyntzfield/;Poyntzfield;poyntzfield
http://www.meetup.com/cities/gb/v3/proncycroy/;Proncycroy;proncycroy
http://www.meetup.com/cities/gb/v3/quarry/;Quarry;quarry
http://www.meetup.com/cities/gb/v3/raffin/;Raffin;raffin
http://www.meetup.com/cities/gb/v3/raigmore/;Raigmore;raigmore
http://www.meetup.com/cities/gb/v3/reay/;Reay;reay
http://www.meetup.com/cities/gb/v3/red_point/;Red Point;red_point
http://www.meetup.com/cities/gb/v3/reelig_estate/;Reelig Estate;reelig_estate
http://www.meetup.com/cities/gb/v3/reiss/;Reiss;reiss
http://www.meetup.com/cities/gb/v3/resaurie/;Resaurie;resaurie
http://www.meetup.com/cities/gb/v3/rhanich/;Rhanich;rhanich
http://www.meetup.com/cities/gb/v3/rhenetra/;Rhenetra;rhenetra
http://www.meetup.com/cities/gb/v3/rhiconich/;Rhiconich;rhiconich
http://www.meetup.com/cities/gb/v3/rhiroy/;Rhiroy;rhiroy
http://www.meetup.com/cities/gb/v3/rhitongue/;Rhitongue;rhitongue
http://www.meetup.com/cities/gb/v3/rhue/;Rhue;rhue
http://www.meetup.com/cities/gb/v3/rhynie/;Rhynie;rhynie
http://www.meetup.com/cities/gb/v3/roag/;Roag;roag
http://www.meetup.com/cities/gb/v3/rockfield/;Rockfield;rockfield
http://www.meetup.com/cities/gb/v3/rogart/;Rogart;rogart
http://www.meetup.com/cities/gb/v3/rosehall/;Rosehall;rosehall
http://www.meetup.com/cities/gb/v3/rosehaugh/;Rosehaugh;rosehaugh
http://www.meetup.com/cities/gb/v3/rosemarkie/;Rosemarkie;rosemarkie
http://www.meetup.com/cities/gb/v3/roskhill/;Roskhill;roskhill
http://www.meetup.com/cities/gb/v3/rosskeen_bridge/;Rosskeen Bridge;rosskeen_bridge
http://www.meetup.com/cities/gb/v3/rothiemurchus/;Rothiemurchus;rothiemurchus
http://www.meetup.com/cities/gb/v3/roy_bridge/;Roy Bridge;roy_bridge
http://www.meetup.com/cities/gb/v3/ruisaurie/;Ruisaurie;ruisaurie
http://www.meetup.com/cities/gb/v3/saltburn/;Saltburn;saltburn
http://www.meetup.com/cities/gb/v3/sand_laide/;Sand Laide;sand_laide
http://www.meetup.com/cities/gb/v3/sangobeg/;Sangobeg;sangobeg
http://www.meetup.com/cities/gb/v3/sangomore/;Sangomore;sangomore
http://www.meetup.com/cities/gb/v3/sarclet/;Sarclet;sarclet
http://www.meetup.com/cities/gb/v3/sartle/;Sartle;sartle
http://www.meetup.com/cities/gb/v3/sasaig/;Sasaig;sasaig
http://www.meetup.com/cities/gb/v3/satran/;Satran;satran
http://www.meetup.com/cities/gb/v3/scaniport/;Scaniport;scaniport
http://www.meetup.com/cities/gb/v3/scarfskerry/;Scarfskerry;scarfskerry
http://www.meetup.com/cities/gb/v3/sconser/;Sconser;sconser
http://www.meetup.com/cities/gb/v3/scorguie/;Scorguie;scorguie
http://www.meetup.com/cities/gb/v3/scotscalder/;Scotscalder;scotscalder
http://www.meetup.com/cities/gb/v3/scourie/;Scourie;scourie
http://www.meetup.com/cities/gb/v3/scouriemore/;Scouriemore;scouriemore
http://www.meetup.com/cities/gb/v3/scrabster/;Scrabster;scrabster
http://www.meetup.com/cities/gb/v3/scullamus/;Scullamus;scullamus
http://www.meetup.com/cities/gb/v3/scullomie/;Scullomie;scullomie
http://www.meetup.com/cities/gb/v3/shandwick/;Shandwick;shandwick
http://www.meetup.com/cities/gb/v3/sheader/;Sheader;sheader
http://www.meetup.com/cities/gb/v3/shebster/;Shebster;shebster
http://www.meetup.com/cities/gb/v3/shielbridge/;Shielbridge;shielbridge
http://www.meetup.com/cities/gb/v3/shieldaig/;Shieldaig;shieldaig
http://www.meetup.com/cities/gb/v3/silverglades/;Silverglades;silverglades
http://www.meetup.com/cities/gb/v3/skeabost_bridge/;Skeabost Bridge;skeabost_bridge
http://www.meetup.com/cities/gb/v3/skelbo/;Skelbo;skelbo
http://www.meetup.com/cities/gb/v3/skelbo_muir/;Skelbo Muir;skelbo_muir
http://www.meetup.com/cities/gb/v3/skerray/;Skerray;skerray
http://www.meetup.com/cities/gb/v3/skinidin/;Skinidin;skinidin
http://www.meetup.com/cities/gb/v3/skinnerton/;Skinnerton;skinnerton
http://www.meetup.com/cities/gb/v3/skinnet/;Skinnet;skinnet
http://www.meetup.com/cities/gb/v3/slattadale/;Slattadale;slattadale
http://www.meetup.com/cities/gb/v3/sluggans/;Sluggans;sluggans
http://www.meetup.com/cities/gb/v3/smithton/;Smithton;smithton
http://www.meetup.com/cities/gb/v3/smoo/;Smoo;smoo
http://www.meetup.com/cities/gb/v3/soay/;Soay;soay
http://www.meetup.com/cities/gb/v3/solitote/;Solitote;solitote
http://www.meetup.com/cities/gb/v3/south_clunes/;South Clunes;south_clunes
http://www.meetup.com/cities/gb/v3/south_duntulm/;South Duntulm;south_duntulm
http://www.meetup.com/cities/gb/v3/south_erradale/;South Erradale;south_erradale
http://www.meetup.com/cities/gb/v3/south_laggan/;South Laggan;south_laggan
http://www.meetup.com/cities/gb/v3/south_oscaig/;South Oscaig;south_oscaig
http://www.meetup.com/cities/gb/v3/spean_bridge/;Spean Bridge;spean_bridge
http://www.meetup.com/cities/gb/v3/spinningdale/;Spinningdale;spinningdale
http://www.meetup.com/cities/gb/v3/spittal/;Spittal;spittal
http://www.meetup.com/cities/gb/v3/staffin/;Staffin;staffin
http://www.meetup.com/cities/gb/v3/staxigoe/;Staxigoe;staxigoe
http://www.meetup.com/cities/gb/v3/stein/;Stein;stein
http://www.meetup.com/cities/gb/v3/stenscholl/;Stenscholl;stenscholl
http://www.meetup.com/cities/gb/v3/stirkhill/;Stirkhill;stirkhill
http://www.meetup.com/cities/gb/v3/stoer/;Stoer;stoer
http://www.meetup.com/cities/gb/v3/stonefield/;Stonefield;stonefield
http://www.meetup.com/cities/gb/v3/strath/;Strath;strath
http://www.meetup.com/cities/gb/v3/strathaird/;Strathaird;strathaird
http://www.meetup.com/cities/gb/v3/strathcarron/;Strathcarron;strathcarron
http://www.meetup.com/cities/gb/v3/strathconon/;Strathconon;strathconon
http://www.meetup.com/cities/gb/v3/strathkanaird/;Strathkanaird;strathkanaird
http://www.meetup.com/cities/gb/v3/strathmashie/;Strathmashie;strathmashie
http://www.meetup.com/cities/gb/v3/strathnaver/;Strathnaver;strathnaver
http://www.meetup.com/cities/gb/v3/strathpeffer/;Strathpeffer;strathpeffer
http://www.meetup.com/cities/gb/v3/strathrusdale/;Strathrusdale;strathrusdale
http://www.meetup.com/cities/gb/v3/strathtongue/;Strathtongue;strathtongue
http://www.meetup.com/cities/gb/v3/strathy/;Strathy;strathy
http://www.meetup.com/cities/gb/v3/strome_ferry/;Strome Ferry;strome_ferry
http://www.meetup.com/cities/gb/v3/strone/;Strone;strone
http://www.meetup.com/cities/gb/v3/struan/;Struan;struan
http://www.meetup.com/cities/gb/v3/struy/;Struy;struy
http://www.meetup.com/cities/gb/v3/suladale/;Suladale;suladale
http://www.meetup.com/cities/gb/v3/swordale/;Swordale;swordale
http://www.meetup.com/cities/gb/v3/tain/;Tain;tain
http://www.meetup.com/cities/gb/v3/talmine/;Talmine;talmine
http://www.meetup.com/cities/gb/v3/tarbet/;Tarbet;tarbet
http://www.meetup.com/cities/gb/v3/tarlogie/;Tarlogie;tarlogie
http://www.meetup.com/cities/gb/v3/tarskavaig/;Tarskavaig;tarskavaig
http://www.meetup.com/cities/gb/v3/tarvie/;Tarvie;tarvie
http://www.meetup.com/cities/gb/v3/teangue/;Teangue;teangue
http://www.meetup.com/cities/gb/v3/teaninich/;Teaninich;teaninich
http://www.meetup.com/cities/gb/v3/teaninich_industrial_estate/;Teaninich Industrial Estate;teaninich_industrial_estate
http://www.meetup.com/cities/gb/v3/the_mound/;The Mound;the_mound
http://www.meetup.com/cities/gb/v3/thrumster/;Thrumster;thrumster
http://www.meetup.com/cities/gb/v3/thurso/;Thurso;thurso
http://www.meetup.com/cities/gb/v3/thurso_east/;Thurso East;thurso_east
http://www.meetup.com/cities/gb/v3/tigh_a%27_phuirt/;Tigh A' Phuirt;tigh_a%27_phuirt
http://www.meetup.com/cities/gb/v3/tighnafiline/;Tighnafiline;tighnafiline
http://www.meetup.com/cities/gb/v3/tirryside/;Tirryside;tirryside
http://www.meetup.com/cities/gb/v3/tomatin/;Tomatin;tomatin
http://www.meetup.com/cities/gb/v3/tomich/;Tomich;tomich
http://www.meetup.com/cities/gb/v3/tongue/;Tongue;tongue
http://www.meetup.com/cities/gb/v3/tore/;Tore;tore
http://www.meetup.com/cities/gb/v3/torgormack/;Torgormack;torgormack
http://www.meetup.com/cities/gb/v3/torlundy/;Torlundy;torlundy
http://www.meetup.com/cities/gb/v3/torness/;Torness;torness
http://www.meetup.com/cities/gb/v3/torridon/;Torridon;torridon
http://www.meetup.com/cities/gb/v3/torrin/;Torrin;torrin
http://www.meetup.com/cities/gb/v3/torvaig/;Torvaig;torvaig
http://www.meetup.com/cities/gb/v3/totaig/;Totaig;totaig
http://www.meetup.com/cities/gb/v3/totarder/;Totarder;totarder
http://www.meetup.com/cities/gb/v3/tote/;Tote;tote
http://www.meetup.com/cities/gb/v3/totescore/;Totescore;totescore
http://www.meetup.com/cities/gb/v3/toulvaddie/;Toulvaddie;toulvaddie
http://www.meetup.com/cities/gb/v3/treaslane/;Treaslane;treaslane
http://www.meetup.com/cities/gb/v3/treslaig/;Treslaig;treslaig
http://www.meetup.com/cities/gb/v3/tulloch/;Tulloch;tulloch
http://www.meetup.com/cities/gb/v3/udrigle/;Udrigle;udrigle
http://www.meetup.com/cities/gb/v3/uig/;Uig;uig
http://www.meetup.com/cities/gb/v3/uiginish/;Uiginish;uiginish
http://www.meetup.com/cities/gb/v3/ulbster/;Ulbster;ulbster
http://www.meetup.com/cities/gb/v3/ullapool/;Ullapool;ullapool
http://www.meetup.com/cities/gb/v3/ullinish/;Ullinish;ullinish
http://www.meetup.com/cities/gb/v3/upper_ardelve/;Upper Ardelve;upper_ardelve
http://www.meetup.com/cities/gb/v3/upper_breakish/;Upper Breakish;upper_breakish
http://www.meetup.com/cities/gb/v3/upper_carnoch/;Upper Carnoch;upper_carnoch
http://www.meetup.com/cities/gb/v3/upper_halistra/;Upper Halistra;upper_halistra
http://www.meetup.com/cities/gb/v3/upper_myrtlefield/;Upper Myrtlefield;upper_myrtlefield
http://www.meetup.com/cities/gb/v3/valtos/;Valtos;valtos
http://www.meetup.com/cities/gb/v3/vatten/;Vatten;vatten
http://www.meetup.com/cities/gb/v3/viewhill/;Viewhill;viewhill
http://www.meetup.com/cities/gb/v3/waterloo/;Waterloo;waterloo
http://www.meetup.com/cities/gb/v3/waternish/;Waternish;waternish
http://www.meetup.com/cities/gb/v3/watten/;Watten;watten
http://www.meetup.com/cities/gb/v3/wester_alligin/;Wester Alligin;wester_alligin
http://www.meetup.com/cities/gb/v3/wester_balblair/;Wester Balblair;wester_balblair
http://www.meetup.com/cities/gb/v3/westerdale/;Westerdale;westerdale
http://www.meetup.com/cities/gb/v3/wester_galcantray/;Wester Galcantray;wester_galcantray
http://www.meetup.com/cities/gb/v3/wester_moy/;Wester Moy;wester_moy
http://www.meetup.com/cities/gb/v3/westfield/;Westfield;westfield
http://www.meetup.com/cities/gb/v3/west_helmsdale/;West Helmsdale;west_helmsdale
http://www.meetup.com/cities/gb/v3/westhill/;Westhill;westhill
http://www.meetup.com/cities/gb/v3/west_laroch/;West Laroch;west_laroch
http://www.meetup.com/cities/gb/v3/weydale/;Weydale;weydale
http://www.meetup.com/cities/gb/v3/whitebridge/;Whitebridge;whitebridge
http://www.meetup.com/cities/gb/v3/whitechapel/;Whitechapel;whitechapel
http://www.meetup.com/cities/gb/v3/whiteface/;Whiteface;whiteface
http://www.meetup.com/cities/gb/v3/wick/;Wick;wick
http://www.meetup.com/cities/gb/v3/wick_airport/;Wick Airport;wick_airport
