http://www.meetup.com/cities/gb/im/abbeylands/;Abbeylands;abbeylands
http://www.meetup.com/cities/gb/im/agneash/;Agneash;agneash
http://www.meetup.com/cities/gb/im/andreas/;Andreas;andreas
http://www.meetup.com/cities/gb/im/andreas_village/;Andreas Village;andreas_village
http://www.meetup.com/cities/gb/im/aust/;Aust;aust
http://www.meetup.com/cities/gb/im/baldhoon/;Baldhoon;baldhoon
http://www.meetup.com/cities/gb/im/baldrine/;Baldrine;baldrine
http://www.meetup.com/cities/gb/im/ballabeg/;Ballabeg;ballabeg
http://www.meetup.com/cities/gb/im/ballacannell/;Ballacannell;ballacannell
http://www.meetup.com/cities/gb/im/balladoole/;Balladoole;balladoole
http://www.meetup.com/cities/gb/im/ballafayle/;Ballafayle;ballafayle
http://www.meetup.com/cities/gb/im/ballafesson/;Ballafesson;ballafesson
http://www.meetup.com/cities/gb/im/ballajora/;Ballajora;ballajora
http://www.meetup.com/cities/gb/im/ballamodha/;Ballamodha;ballamodha
http://www.meetup.com/cities/gb/im/ballaragh/;Ballaragh;ballaragh
http://www.meetup.com/cities/gb/im/ballasalla/;Ballasalla;ballasalla
http://www.meetup.com/cities/gb/im/ballaugh/;Ballaugh;ballaugh
http://www.meetup.com/cities/gb/im/ballnahowe/;Ballnahowe;ballnahowe
http://www.meetup.com/cities/gb/im/ballure/;Ballure;ballure
http://www.meetup.com/cities/gb/im/balthane/;Balthane;balthane
http://www.meetup.com/cities/gb/im/barregarrow/;Barregarrow;barregarrow
http://www.meetup.com/cities/gb/im/bay_ny_carrickey/;Bay Ny Carrickey;bay_ny_carrickey
http://www.meetup.com/cities/gb/im/billown/;Billown;billown
http://www.meetup.com/cities/gb/im/bishopscourt/;Bishopscourt;bishopscourt
http://www.meetup.com/cities/gb/im/braaid/;Braaid;braaid
http://www.meetup.com/cities/gb/im/bradda_east/;Bradda East;bradda_east
http://www.meetup.com/cities/gb/im/braddan/;Braddan;braddan
http://www.meetup.com/cities/gb/im/bride/;Bride;bride
http://www.meetup.com/cities/gb/im/castletown/;Castletown;castletown
http://www.meetup.com/cities/gb/im/castleward/;Castleward;castleward
http://www.meetup.com/cities/gb/im/churchtown/;Churchtown;churchtown
http://www.meetup.com/cities/gb/im/colby/;Colby;colby
http://www.meetup.com/cities/gb/im/cooil/;Cooil;cooil
http://www.meetup.com/cities/gb/im/cornaa/;Cornaa;cornaa
http://www.meetup.com/cities/gb/im/corony/;Corony;corony
http://www.meetup.com/cities/gb/im/cregneash/;Cregneash;cregneash
http://www.meetup.com/cities/gb/im/cronkbourne/;Cronkbourne;cronkbourne
http://www.meetup.com/cities/gb/im/cronk_y_voddy/;Cronk Y Voddy;cronk_y_voddy
http://www.meetup.com/cities/gb/im/crosby/;Crosby;crosby
http://www.meetup.com/cities/gb/im/cross_four_ways/;Cross Four Ways;cross_four_ways
http://www.meetup.com/cities/gb/im/dalby/;Dalby;dalby
http://www.meetup.com/cities/gb/im/derbyhaven/;Derbyhaven;derbyhaven
http://www.meetup.com/cities/gb/im/dhoon/;Dhoon;dhoon
http://www.meetup.com/cities/gb/im/dhoor/;Dhoor;dhoor
http://www.meetup.com/cities/gb/im/dogmills/;Dogmills;dogmills
http://www.meetup.com/cities/gb/im/douglas/;Douglas;douglas
http://www.meetup.com/cities/gb/im/dreemskerry/;Dreemskerry;dreemskerry
http://www.meetup.com/cities/gb/im/eairy/;Eairy;eairy
http://www.meetup.com/cities/gb/im/east_baldwin/;East Baldwin;east_baldwin
http://www.meetup.com/cities/gb/im/fairy_cottage/;Fairy Cottage;fairy_cottage
http://www.meetup.com/cities/gb/im/fistard/;Fistard;fistard
http://www.meetup.com/cities/gb/im/fleshwick/;Fleshwick;fleshwick
http://www.meetup.com/cities/gb/im/fort_island/;Fort Island;fort_island
http://www.meetup.com/cities/gb/im/foxdale/;Foxdale;foxdale
http://www.meetup.com/cities/gb/im/freeport/;Freeport;freeport
http://www.meetup.com/cities/gb/im/garey/;Garey;garey
http://www.meetup.com/cities/gb/im/glen_auldyn/;Glen Auldyn;glen_auldyn
http://www.meetup.com/cities/gb/im/glen_chass/;Glen Chass;glen_chass
http://www.meetup.com/cities/gb/im/glen_duff/;Glen Duff;glen_duff
http://www.meetup.com/cities/gb/im/glen_maye/;Glen Maye;glen_maye
http://www.meetup.com/cities/gb/im/glen_mona/;Glen Mona;glen_mona
http://www.meetup.com/cities/gb/im/glen_roy/;Glen Roy;glen_roy
http://www.meetup.com/cities/gb/im/glen_rushen/;Glen Rushen;glen_rushen
http://www.meetup.com/cities/gb/im/glen_tramman/;Glen Tramman;glen_tramman
http://www.meetup.com/cities/gb/im/glen_vine/;Glen Vine;glen_vine
http://www.meetup.com/cities/gb/im/glen_wyllin/;Glen Wyllin;glen_wyllin
http://www.meetup.com/cities/gb/im/gordon/;Gordon;gordon
http://www.meetup.com/cities/gb/im/great_meadow/;Great Meadow;great_meadow
http://www.meetup.com/cities/gb/im/greeba/;Greeba;greeba
http://www.meetup.com/cities/gb/im/grenaby/;Grenaby;grenaby
http://www.meetup.com/cities/gb/im/hibernia/;Hibernia;hibernia
http://www.meetup.com/cities/gb/im/jurby/;Jurby;jurby
http://www.meetup.com/cities/gb/im/jurby_east/;Jurby East;jurby_east
http://www.meetup.com/cities/gb/im/jurby_west/;Jurby West;jurby_west
http://www.meetup.com/cities/gb/im/kentraugh/;Kentraugh;kentraugh
http://www.meetup.com/cities/gb/im/kerroogarroo/;Kerroogarroo;kerroogarroo
http://www.meetup.com/cities/gb/im/kerrowmoar/;Kerrowmoar;kerrowmoar
http://www.meetup.com/cities/gb/im/kewaigue/;Kewaigue;kewaigue
http://www.meetup.com/cities/gb/im/kirk_michael/;Kirk Michael;kirk_michael
http://www.meetup.com/cities/gb/im/knocksharry/;Knocksharry;knocksharry
http://www.meetup.com/cities/gb/im/laxey/;Laxey;laxey
http://www.meetup.com/cities/gb/im/lewaigue/;Lewaigue;lewaigue
http://www.meetup.com/cities/gb/im/lezayre/;Lezayre;lezayre
http://www.meetup.com/cities/gb/im/lhergydhoo/;Lhergydhoo;lhergydhoo
http://www.meetup.com/cities/gb/im/little_london/;Little London;little_london
http://www.meetup.com/cities/gb/im/lower_foxdale/;Lower Foxdale;lower_foxdale
http://www.meetup.com/cities/gb/im/lynague/;Lynague;lynague
http://www.meetup.com/cities/gb/im/maughold/;Maughold;maughold
http://www.meetup.com/cities/gb/im/mount_murray/;Mount Murray;mount_murray
http://www.meetup.com/cities/gb/im/mount_rule/;Mount Rule;mount_rule
http://www.meetup.com/cities/gb/im/onchan/;Onchan;onchan
http://www.meetup.com/cities/gb/im/orrisdale/;Orrisdale;orrisdale
http://www.meetup.com/cities/gb/im/patrick_village/;Patrick Village;patrick_village
http://www.meetup.com/cities/gb/im/peel/;Peel;peel
http://www.meetup.com/cities/gb/im/pooilvaaish/;Pooilvaaish;pooilvaaish
http://www.meetup.com/cities/gb/im/poortown/;Poortown;poortown
http://www.meetup.com/cities/gb/im/port_erin/;Port Erin;port_erin
http://www.meetup.com/cities/gb/im/port_e_vullen/;Port E Vullen;port_e_vullen
http://www.meetup.com/cities/gb/im/port_lewaigue/;Port Lewaigue;port_lewaigue
http://www.meetup.com/cities/gb/im/port_mooar/;Port Mooar;port_mooar
http://www.meetup.com/cities/gb/im/port_soderick/;Port Soderick;port_soderick
http://www.meetup.com/cities/gb/im/port_st_mary/;Port St Mary;port_st_mary
http://www.meetup.com/cities/gb/im/raggatt/;Raggatt;raggatt
http://www.meetup.com/cities/gb/im/ramsey/;Ramsey;ramsey
http://www.meetup.com/cities/gb/im/regaby/;Regaby;regaby
http://www.meetup.com/cities/gb/im/rencell/;Rencell;rencell
http://www.meetup.com/cities/gb/im/rhencullen/;Rhencullen;rhencullen
http://www.meetup.com/cities/gb/im/ronague/;Ronague;ronague
http://www.meetup.com/cities/gb/im/ronaldsway/;Ronaldsway;ronaldsway
http://www.meetup.com/cities/gb/im/ronaldsway_airport/;Ronaldsway Airport;ronaldsway_airport
http://www.meetup.com/cities/gb/im/ronaldsway_industrial_estate/;Ronaldsway Industrial Estate;ronaldsway_industrial_estate
http://www.meetup.com/cities/gb/im/rushen_abbey/;Rushen Abbey;rushen_abbey
http://www.meetup.com/cities/gb/im/sandygate/;Sandygate;sandygate
http://www.meetup.com/cities/gb/im/santon/;Santon;santon
http://www.meetup.com/cities/gb/im/sartfell/;Sartfell;sartfell
http://www.meetup.com/cities/gb/im/scarlett/;Scarlett;scarlett
http://www.meetup.com/cities/gb/im/smeale/;Smeale;smeale
http://www.meetup.com/cities/gb/im/south_cape/;South Cape;south_cape
http://www.meetup.com/cities/gb/im/spaldrick/;Spaldrick;spaldrick
http://www.meetup.com/cities/gb/im/st_johns/;St Johns;st_johns
http://www.meetup.com/cities/gb/im/st_judes/;St Judes;st_judes
http://www.meetup.com/cities/gb/im/st_marks/;St Marks;st_marks
http://www.meetup.com/cities/gb/im/strandhall/;Strandhall;strandhall
http://www.meetup.com/cities/gb/im/strang/;Strang;strang
http://www.meetup.com/cities/gb/im/sulby/;Sulby;sulby
http://www.meetup.com/cities/gb/im/surby/;Surby;surby
http://www.meetup.com/cities/gb/im/the_howe/;The Howe;the_howe
http://www.meetup.com/cities/gb/im/the_lhen/;The Lhen;the_lhen
http://www.meetup.com/cities/gb/im/tromode/;Tromode;tromode
http://www.meetup.com/cities/gb/im/union_mills/;Union Mills;union_mills
http://www.meetup.com/cities/gb/im/west_baldwin/;West Baldwin;west_baldwin
http://www.meetup.com/cities/gb/im/west_craig/;West Craig;west_craig
http://www.meetup.com/cities/gb/im/abbeylands/;Abbeylands;abbeylands
http://www.meetup.com/cities/gb/im/agneash/;Agneash;agneash
http://www.meetup.com/cities/gb/im/andreas/;Andreas;andreas
http://www.meetup.com/cities/gb/im/andreas_village/;Andreas Village;andreas_village
http://www.meetup.com/cities/gb/im/aust/;Aust;aust
http://www.meetup.com/cities/gb/im/baldhoon/;Baldhoon;baldhoon
http://www.meetup.com/cities/gb/im/baldrine/;Baldrine;baldrine
http://www.meetup.com/cities/gb/im/ballabeg/;Ballabeg;ballabeg
http://www.meetup.com/cities/gb/im/ballacannell/;Ballacannell;ballacannell
http://www.meetup.com/cities/gb/im/balladoole/;Balladoole;balladoole
http://www.meetup.com/cities/gb/im/ballafayle/;Ballafayle;ballafayle
http://www.meetup.com/cities/gb/im/ballafesson/;Ballafesson;ballafesson
http://www.meetup.com/cities/gb/im/ballajora/;Ballajora;ballajora
http://www.meetup.com/cities/gb/im/ballamodha/;Ballamodha;ballamodha
http://www.meetup.com/cities/gb/im/ballaragh/;Ballaragh;ballaragh
http://www.meetup.com/cities/gb/im/ballasalla/;Ballasalla;ballasalla
http://www.meetup.com/cities/gb/im/ballaugh/;Ballaugh;ballaugh
http://www.meetup.com/cities/gb/im/ballnahowe/;Ballnahowe;ballnahowe
http://www.meetup.com/cities/gb/im/ballure/;Ballure;ballure
http://www.meetup.com/cities/gb/im/balthane/;Balthane;balthane
http://www.meetup.com/cities/gb/im/barregarrow/;Barregarrow;barregarrow
http://www.meetup.com/cities/gb/im/bay_ny_carrickey/;Bay Ny Carrickey;bay_ny_carrickey
http://www.meetup.com/cities/gb/im/billown/;Billown;billown
http://www.meetup.com/cities/gb/im/bishopscourt/;Bishopscourt;bishopscourt
http://www.meetup.com/cities/gb/im/braaid/;Braaid;braaid
http://www.meetup.com/cities/gb/im/bradda_east/;Bradda East;bradda_east
http://www.meetup.com/cities/gb/im/braddan/;Braddan;braddan
http://www.meetup.com/cities/gb/im/bride/;Bride;bride
http://www.meetup.com/cities/gb/im/castletown/;Castletown;castletown
http://www.meetup.com/cities/gb/im/castleward/;Castleward;castleward
http://www.meetup.com/cities/gb/im/churchtown/;Churchtown;churchtown
http://www.meetup.com/cities/gb/im/colby/;Colby;colby
http://www.meetup.com/cities/gb/im/cooil/;Cooil;cooil
http://www.meetup.com/cities/gb/im/cornaa/;Cornaa;cornaa
http://www.meetup.com/cities/gb/im/corony/;Corony;corony
http://www.meetup.com/cities/gb/im/cregneash/;Cregneash;cregneash
http://www.meetup.com/cities/gb/im/cronkbourne/;Cronkbourne;cronkbourne
http://www.meetup.com/cities/gb/im/cronk_y_voddy/;Cronk Y Voddy;cronk_y_voddy
http://www.meetup.com/cities/gb/im/crosby/;Crosby;crosby
http://www.meetup.com/cities/gb/im/cross_four_ways/;Cross Four Ways;cross_four_ways
http://www.meetup.com/cities/gb/im/dalby/;Dalby;dalby
http://www.meetup.com/cities/gb/im/derbyhaven/;Derbyhaven;derbyhaven
http://www.meetup.com/cities/gb/im/dhoon/;Dhoon;dhoon
http://www.meetup.com/cities/gb/im/dhoor/;Dhoor;dhoor
http://www.meetup.com/cities/gb/im/dogmills/;Dogmills;dogmills
http://www.meetup.com/cities/gb/im/douglas/;Douglas;douglas
http://www.meetup.com/cities/gb/im/dreemskerry/;Dreemskerry;dreemskerry
http://www.meetup.com/cities/gb/im/eairy/;Eairy;eairy
http://www.meetup.com/cities/gb/im/east_baldwin/;East Baldwin;east_baldwin
http://www.meetup.com/cities/gb/im/fairy_cottage/;Fairy Cottage;fairy_cottage
http://www.meetup.com/cities/gb/im/fistard/;Fistard;fistard
http://www.meetup.com/cities/gb/im/fleshwick/;Fleshwick;fleshwick
http://www.meetup.com/cities/gb/im/fort_island/;Fort Island;fort_island
http://www.meetup.com/cities/gb/im/foxdale/;Foxdale;foxdale
http://www.meetup.com/cities/gb/im/freeport/;Freeport;freeport
http://www.meetup.com/cities/gb/im/garey/;Garey;garey
http://www.meetup.com/cities/gb/im/glen_auldyn/;Glen Auldyn;glen_auldyn
http://www.meetup.com/cities/gb/im/glen_chass/;Glen Chass;glen_chass
http://www.meetup.com/cities/gb/im/glen_duff/;Glen Duff;glen_duff
http://www.meetup.com/cities/gb/im/glen_maye/;Glen Maye;glen_maye
http://www.meetup.com/cities/gb/im/glen_mona/;Glen Mona;glen_mona
http://www.meetup.com/cities/gb/im/glen_roy/;Glen Roy;glen_roy
http://www.meetup.com/cities/gb/im/glen_rushen/;Glen Rushen;glen_rushen
http://www.meetup.com/cities/gb/im/glen_tramman/;Glen Tramman;glen_tramman
http://www.meetup.com/cities/gb/im/glen_vine/;Glen Vine;glen_vine
http://www.meetup.com/cities/gb/im/glen_wyllin/;Glen Wyllin;glen_wyllin
http://www.meetup.com/cities/gb/im/gordon/;Gordon;gordon
http://www.meetup.com/cities/gb/im/great_meadow/;Great Meadow;great_meadow
http://www.meetup.com/cities/gb/im/greeba/;Greeba;greeba
http://www.meetup.com/cities/gb/im/grenaby/;Grenaby;grenaby
http://www.meetup.com/cities/gb/im/hibernia/;Hibernia;hibernia
http://www.meetup.com/cities/gb/im/jurby/;Jurby;jurby
http://www.meetup.com/cities/gb/im/jurby_east/;Jurby East;jurby_east
http://www.meetup.com/cities/gb/im/jurby_west/;Jurby West;jurby_west
http://www.meetup.com/cities/gb/im/kentraugh/;Kentraugh;kentraugh
http://www.meetup.com/cities/gb/im/kerroogarroo/;Kerroogarroo;kerroogarroo
http://www.meetup.com/cities/gb/im/kerrowmoar/;Kerrowmoar;kerrowmoar
http://www.meetup.com/cities/gb/im/kewaigue/;Kewaigue;kewaigue
http://www.meetup.com/cities/gb/im/kirk_michael/;Kirk Michael;kirk_michael
http://www.meetup.com/cities/gb/im/knocksharry/;Knocksharry;knocksharry
http://www.meetup.com/cities/gb/im/laxey/;Laxey;laxey
http://www.meetup.com/cities/gb/im/lewaigue/;Lewaigue;lewaigue
http://www.meetup.com/cities/gb/im/lezayre/;Lezayre;lezayre
http://www.meetup.com/cities/gb/im/lhergydhoo/;Lhergydhoo;lhergydhoo
http://www.meetup.com/cities/gb/im/little_london/;Little London;little_london
http://www.meetup.com/cities/gb/im/lower_foxdale/;Lower Foxdale;lower_foxdale
http://www.meetup.com/cities/gb/im/lynague/;Lynague;lynague
http://www.meetup.com/cities/gb/im/maughold/;Maughold;maughold
http://www.meetup.com/cities/gb/im/mount_murray/;Mount Murray;mount_murray
http://www.meetup.com/cities/gb/im/mount_rule/;Mount Rule;mount_rule
http://www.meetup.com/cities/gb/im/onchan/;Onchan;onchan
http://www.meetup.com/cities/gb/im/orrisdale/;Orrisdale;orrisdale
http://www.meetup.com/cities/gb/im/patrick_village/;Patrick Village;patrick_village
http://www.meetup.com/cities/gb/im/peel/;Peel;peel
http://www.meetup.com/cities/gb/im/pooilvaaish/;Pooilvaaish;pooilvaaish
http://www.meetup.com/cities/gb/im/poortown/;Poortown;poortown
http://www.meetup.com/cities/gb/im/port_erin/;Port Erin;port_erin
http://www.meetup.com/cities/gb/im/port_e_vullen/;Port E Vullen;port_e_vullen
http://www.meetup.com/cities/gb/im/port_lewaigue/;Port Lewaigue;port_lewaigue
http://www.meetup.com/cities/gb/im/port_mooar/;Port Mooar;port_mooar
http://www.meetup.com/cities/gb/im/port_soderick/;Port Soderick;port_soderick
http://www.meetup.com/cities/gb/im/port_st_mary/;Port St Mary;port_st_mary
http://www.meetup.com/cities/gb/im/raggatt/;Raggatt;raggatt
http://www.meetup.com/cities/gb/im/ramsey/;Ramsey;ramsey
http://www.meetup.com/cities/gb/im/regaby/;Regaby;regaby
http://www.meetup.com/cities/gb/im/rencell/;Rencell;rencell
http://www.meetup.com/cities/gb/im/rhencullen/;Rhencullen;rhencullen
http://www.meetup.com/cities/gb/im/ronague/;Ronague;ronague
http://www.meetup.com/cities/gb/im/ronaldsway/;Ronaldsway;ronaldsway
http://www.meetup.com/cities/gb/im/ronaldsway_airport/;Ronaldsway Airport;ronaldsway_airport
http://www.meetup.com/cities/gb/im/ronaldsway_industrial_estate/;Ronaldsway Industrial Estate;ronaldsway_industrial_estate
http://www.meetup.com/cities/gb/im/rushen_abbey/;Rushen Abbey;rushen_abbey
http://www.meetup.com/cities/gb/im/sandygate/;Sandygate;sandygate
http://www.meetup.com/cities/gb/im/santon/;Santon;santon
http://www.meetup.com/cities/gb/im/sartfell/;Sartfell;sartfell
http://www.meetup.com/cities/gb/im/scarlett/;Scarlett;scarlett
http://www.meetup.com/cities/gb/im/smeale/;Smeale;smeale
http://www.meetup.com/cities/gb/im/south_cape/;South Cape;south_cape
http://www.meetup.com/cities/gb/im/spaldrick/;Spaldrick;spaldrick
http://www.meetup.com/cities/gb/im/st_johns/;St Johns;st_johns
http://www.meetup.com/cities/gb/im/st_judes/;St Judes;st_judes
http://www.meetup.com/cities/gb/im/st_marks/;St Marks;st_marks
http://www.meetup.com/cities/gb/im/strandhall/;Strandhall;strandhall
http://www.meetup.com/cities/gb/im/strang/;Strang;strang
http://www.meetup.com/cities/gb/im/sulby/;Sulby;sulby
http://www.meetup.com/cities/gb/im/surby/;Surby;surby
http://www.meetup.com/cities/gb/im/the_howe/;The Howe;the_howe
http://www.meetup.com/cities/gb/im/the_lhen/;The Lhen;the_lhen
http://www.meetup.com/cities/gb/im/tromode/;Tromode;tromode
http://www.meetup.com/cities/gb/im/union_mills/;Union Mills;union_mills
http://www.meetup.com/cities/gb/im/west_baldwin/;West Baldwin;west_baldwin
http://www.meetup.com/cities/gb/im/west_craig/;West Craig;west_craig
