http://www.meetup.com/cities/mu/albion/;Albion;albion
http://www.meetup.com/cities/mu/arsenal/;Arsenal;arsenal
http://www.meetup.com/cities/mu/baie_du_tombeau/;Baie du Tombeau;baie_du_tombeau
http://www.meetup.com/cities/mu/beau_bassin-rose_hill/;Beau Bassin-Rose Hill;beau_bassin-rose_hill
http://www.meetup.com/cities/mu/bel_air/;Bel Air;bel_air
http://www.meetup.com/cities/mu/brisee_verdiere/;Brisee Verdiere;brisee_verdiere
http://www.meetup.com/cities/mu/camp_de_masque_pav%C3%A9/;Camp de Masque Pavé;camp_de_masque_pav%C3%A9
http://www.meetup.com/cities/mu/camp_diable/;Camp Diable;camp_diable
http://www.meetup.com/cities/mu/camp_thorel/;Camp Thorel;camp_thorel
http://www.meetup.com/cities/mu/cap_malheureux/;Cap Malheureux;cap_malheureux
http://www.meetup.com/cities/mu/cascavelle/;Cascavelle;cascavelle
http://www.meetup.com/cities/mu/case_noyale/;Case Noyale;case_noyale
http://www.meetup.com/cities/mu/central_flacq/;Central Flacq;central_flacq
http://www.meetup.com/cities/mu/chemin_grenier/;Chemin Grenier;chemin_grenier
http://www.meetup.com/cities/mu/curepipe/;Curepipe;curepipe
http://www.meetup.com/cities/mu/dagoti%C3%A8re/;Dagotière;dagoti%C3%A8re
http://www.meetup.com/cities/mu/flic_en_flac/;Flic en Flac;flic_en_flac
http://www.meetup.com/cities/mu/fond_du_sac/;Fond du Sac;fond_du_sac
http://www.meetup.com/cities/mu/goodlands/;Goodlands;goodlands
http://www.meetup.com/cities/mu/grand_baie/;Grand Baie;grand_baie
http://www.meetup.com/cities/mu/grand_bois/;Grand Bois;grand_bois
http://www.meetup.com/cities/mu/lalmatie/;Lalmatie;lalmatie
http://www.meetup.com/cities/mu/laventure/;Laventure;laventure
http://www.meetup.com/cities/mu/le_hochet/;Le Hochet;le_hochet
http://www.meetup.com/cities/mu/long_mountain/;Long Mountain;long_mountain
http://www.meetup.com/cities/mu/mah%C3%A9bourg/;Mahébourg;mah%C3%A9bourg
http://www.meetup.com/cities/mu/moka/;Moka;moka
http://www.meetup.com/cities/mu/montagne_blanche/;Montagne Blanche;montagne_blanche
http://www.meetup.com/cities/mu/morcellement_saint_andr%C3%A9/;Morcellement Saint André;morcellement_saint_andr%C3%A9
http://www.meetup.com/cities/mu/new_grove/;New Grove;new_grove
http://www.meetup.com/cities/mu/pailles/;Pailles;pailles
http://www.meetup.com/cities/mu/pamplemousse/;Pamplemousse;pamplemousse
http://www.meetup.com/cities/mu/petit_raffray/;Petit Raffray;petit_raffray
http://www.meetup.com/cities/mu/plaine_magnien/;Plaine Magnien;plaine_magnien
http://www.meetup.com/cities/mu/port_louis/;Port Louis;port_louis
http://www.meetup.com/cities/mu/poudre_d%27or/;Poudre d'Or;poudre_d%27or
http://www.meetup.com/cities/mu/quatre_bornes/;Quatre Bornes;quatre_bornes
http://www.meetup.com/cities/mu/queen_victoria/;Queen Victoria;queen_victoria
http://www.meetup.com/cities/mu/richelieu/;Richelieu;richelieu
http://www.meetup.com/cities/mu/riviere_du_rempart/;Riviere du Rempart;riviere_du_rempart
http://www.meetup.com/cities/mu/rose_belle/;Rose Belle;rose_belle
http://www.meetup.com/cities/mu/saint_pierre/;Saint Pierre;saint_pierre
http://www.meetup.com/cities/mu/souillac/;Souillac;souillac
http://www.meetup.com/cities/mu/surinam/;Surinam;surinam
http://www.meetup.com/cities/mu/tamarin/;Tamarin;tamarin
http://www.meetup.com/cities/mu/terre_rouge/;Terre Rouge;terre_rouge
http://www.meetup.com/cities/mu/triolet/;Triolet;triolet
http://www.meetup.com/cities/mu/trou_d%27eau_douce/;Trou d'Eau Douce;trou_d%27eau_douce
http://www.meetup.com/cities/mu/vacoas-phoenix/;Vacoas-Phoenix;vacoas-phoenix
http://www.meetup.com/cities/mu/villebague/;Villebague;villebague
