http://www.meetup.com/cities/mu/albion/;Albion;albion
http://www.meetup.com/cities/mu/amaury/;Amaury;amaury
http://www.meetup.com/cities/mu/amiti%C3%A9-gokhoola/;Amitié-Gokhoola;amiti%C3%A9-gokhoola
http://www.meetup.com/cities/mu/arsenal/;Arsenal;arsenal
http://www.meetup.com/cities/mu/baie_du_tombeau/;Baie du Tombeau;baie_du_tombeau
http://www.meetup.com/cities/mu/bambous/;Bambous;bambous
http://www.meetup.com/cities/mu/bambous_virieux/;Bambous Virieux;bambous_virieux
http://www.meetup.com/cities/mu/bananes/;Bananes;bananes
http://www.meetup.com/cities/mu/beau_bassin-rose_hill/;Beau Bassin-Rose Hill;beau_bassin-rose_hill
http://www.meetup.com/cities/mu/beau_vallon/;Beau Vallon;beau_vallon
http://www.meetup.com/cities/mu/bel_air/;Bel Air;bel_air
http://www.meetup.com/cities/mu/belle_vue_maurel/;Belle Vue Maurel;belle_vue_maurel
http://www.meetup.com/cities/mu/bois_des_amourettes/;Bois des Amourettes;bois_des_amourettes
http://www.meetup.com/cities/mu/bon_accueil/;Bon Accueil;bon_accueil
http://www.meetup.com/cities/mu/brisee_verdiere/;Brisee Verdiere;brisee_verdiere
http://www.meetup.com/cities/mu/calebasses/;Calebasses;calebasses
http://www.meetup.com/cities/mu/camp_de_masque/;Camp de Masque;camp_de_masque
http://www.meetup.com/cities/mu/camp_de_masque_pav%C3%A9/;Camp de Masque Pavé;camp_de_masque_pav%C3%A9
http://www.meetup.com/cities/mu/camp_diable/;Camp Diable;camp_diable
http://www.meetup.com/cities/mu/camp_ithier/;Camp Ithier;camp_ithier
http://www.meetup.com/cities/mu/camp_thorel/;Camp Thorel;camp_thorel
http://www.meetup.com/cities/mu/cap_malheureux/;Cap Malheureux;cap_malheureux
http://www.meetup.com/cities/mu/cascavelle/;Cascavelle;cascavelle
http://www.meetup.com/cities/mu/case_noyale/;Case Noyale;case_noyale
http://www.meetup.com/cities/mu/central_flacq/;Central Flacq;central_flacq
http://www.meetup.com/cities/mu/chamarel/;Chamarel;chamarel
http://www.meetup.com/cities/mu/chamouny/;Chamouny;chamouny
http://www.meetup.com/cities/mu/chemin_grenier/;Chemin Grenier;chemin_grenier
http://www.meetup.com/cities/mu/cl%C3%A9mencia/;Clémencia;cl%C3%A9mencia
http://www.meetup.com/cities/mu/cluny/;Cluny;cluny
http://www.meetup.com/cities/mu/congomah/;Congomah;congomah
http://www.meetup.com/cities/mu/cottage/;Cottage;cottage
http://www.meetup.com/cities/mu/cr%C3%A8ve_coeur/;Crève Coeur;cr%C3%A8ve_coeur
http://www.meetup.com/cities/mu/curepipe/;Curepipe;curepipe
http://www.meetup.com/cities/mu/d%27epinay/;D'Epinay;d%27epinay
http://www.meetup.com/cities/mu/dagoti%C3%A8re/;Dagotière;dagoti%C3%A8re
http://www.meetup.com/cities/mu/dubreuil/;Dubreuil;dubreuil
http://www.meetup.com/cities/mu/ecroignard/;Ecroignard;ecroignard
http://www.meetup.com/cities/mu/esp%C3%A9rance/;Espérance;esp%C3%A9rance
http://www.meetup.com/cities/mu/esp%C3%A9rance_tr%C3%A9buchet/;Espérance Trébuchet;esp%C3%A9rance_tr%C3%A9buchet
http://www.meetup.com/cities/mu/flic_en_flac/;Flic en Flac;flic_en_flac
http://www.meetup.com/cities/mu/fond_du_sac/;Fond du Sac;fond_du_sac
http://www.meetup.com/cities/mu/goodlands/;Goodlands;goodlands
http://www.meetup.com/cities/mu/grand_baie/;Grand Baie;grand_baie
http://www.meetup.com/cities/mu/grand_bel_air/;Grand Bel Air;grand_bel_air
http://www.meetup.com/cities/mu/grand_bois/;Grand Bois;grand_bois
http://www.meetup.com/cities/mu/grande_riviere_noire/;Grande Riviere Noire;grande_riviere_noire
http://www.meetup.com/cities/mu/grand_gaube/;Grand Gaube;grand_gaube
http://www.meetup.com/cities/mu/grand_river_south_east/;Grand River South East;grand_river_south_east
http://www.meetup.com/cities/mu/grand_sable/;Grand Sable;grand_sable
http://www.meetup.com/cities/mu/gros_cailloux/;Gros Cailloux;gros_cailloux
http://www.meetup.com/cities/mu/l%27avenir/;L'Avenir;l%27avenir
http://www.meetup.com/cities/mu/l%27escalier/;L'Escalier;l%27escalier
http://www.meetup.com/cities/mu/la_gaulette/;La Gaulette;la_gaulette
http://www.meetup.com/cities/mu/la_laura-malenga/;La Laura-Malenga;la_laura-malenga
http://www.meetup.com/cities/mu/lalmatie/;Lalmatie;lalmatie
http://www.meetup.com/cities/mu/laventure/;Laventure;laventure
http://www.meetup.com/cities/mu/le_hochet/;Le Hochet;le_hochet
http://www.meetup.com/cities/mu/le_morne/;Le Morne;le_morne
http://www.meetup.com/cities/mu/long_mountain/;Long Mountain;long_mountain
http://www.meetup.com/cities/mu/mah%C3%A9bourg/;Mahébourg;mah%C3%A9bourg
http://www.meetup.com/cities/mu/mapou/;Mapou;mapou
http://www.meetup.com/cities/mu/mare_la_chaux/;Mare La Chaux;mare_la_chaux
http://www.meetup.com/cities/mu/medine-camp_de_masque/;Medine-Camp de Masque;medine-camp_de_masque
http://www.meetup.com/cities/mu/melrose/;Melrose;melrose
http://www.meetup.com/cities/mu/midlands/;Midlands;midlands
http://www.meetup.com/cities/mu/moka/;Moka;moka
http://www.meetup.com/cities/mu/montagne_blanche/;Montagne Blanche;montagne_blanche
http://www.meetup.com/cities/mu/morcellement_saint_andr%C3%A9/;Morcellement Saint André;morcellement_saint_andr%C3%A9
http://www.meetup.com/cities/mu/new_grove/;New Grove;new_grove
http://www.meetup.com/cities/mu/notre_dame/;Notre Dame;notre_dame
http://www.meetup.com/cities/mu/nouvelle_france/;Nouvelle France;nouvelle_france
http://www.meetup.com/cities/mu/olivia/;Olivia;olivia
http://www.meetup.com/cities/mu/pailles/;Pailles;pailles
http://www.meetup.com/cities/mu/pamplemousse/;Pamplemousse;pamplemousse
http://www.meetup.com/cities/mu/petite_rivi%C3%A8re/;Petite Rivière;petite_rivi%C3%A8re
http://www.meetup.com/cities/mu/petit_raffray/;Petit Raffray;petit_raffray
http://www.meetup.com/cities/mu/piton/;Piton;piton
http://www.meetup.com/cities/mu/plaine_des_roches/;Plaine des Roches;plaine_des_roches
http://www.meetup.com/cities/mu/plaine_magnien/;Plaine Magnien;plaine_magnien
http://www.meetup.com/cities/mu/plaines_des_papayes/;Plaines des Papayes;plaines_des_papayes
http://www.meetup.com/cities/mu/pointe_aux_piments/;Pointe aux Piments;pointe_aux_piments
http://www.meetup.com/cities/mu/port_louis/;Port Louis;port_louis
http://www.meetup.com/cities/mu/poste_de_flacq/;Poste de Flacq;poste_de_flacq
http://www.meetup.com/cities/mu/poudre_d%27or/;Poudre d'Or;poudre_d%27or
http://www.meetup.com/cities/mu/poudre_d%27or_hamlet/;Poudre d'Or Hamlet;poudre_d%27or_hamlet
http://www.meetup.com/cities/mu/providence/;Providence;providence
http://www.meetup.com/cities/mu/quartier_militaire/;Quartier Militaire;quartier_militaire
http://www.meetup.com/cities/mu/quatre_bornes/;Quatre Bornes;quatre_bornes
http://www.meetup.com/cities/mu/quatre_cocos/;Quatre Cocos;quatre_cocos
http://www.meetup.com/cities/mu/quatre_soeurs/;Quatre Soeurs;quatre_soeurs
http://www.meetup.com/cities/mu/queen_victoria/;Queen Victoria;queen_victoria
http://www.meetup.com/cities/mu/richelieu/;Richelieu;richelieu
http://www.meetup.com/cities/mu/ripailles/;Ripailles;ripailles
http://www.meetup.com/cities/mu/rivi%C3%A8re_des_anguilles/;Rivière des Anguilles;rivi%C3%A8re_des_anguilles
http://www.meetup.com/cities/mu/riviere_du_rempart/;Riviere du Rempart;riviere_du_rempart
http://www.meetup.com/cities/mu/roches_noires/;Roches Noires;roches_noires
http://www.meetup.com/cities/mu/roche_terre/;Roche Terre;roche_terre
http://www.meetup.com/cities/mu/rose_belle/;Rose Belle;rose_belle
http://www.meetup.com/cities/mu/saint_aubin/;Saint Aubin;saint_aubin
http://www.meetup.com/cities/mu/saint_hubert/;Saint Hubert;saint_hubert
http://www.meetup.com/cities/mu/saint_julien/;Saint Julien;saint_julien
http://www.meetup.com/cities/mu/saint_julien_d%27hotman/;Saint Julien d'Hotman;saint_julien_d%27hotman
http://www.meetup.com/cities/mu/saint_pierre/;Saint Pierre;saint_pierre
http://www.meetup.com/cities/mu/s%C3%A9bastopol/;Sébastopol;s%C3%A9bastopol
http://www.meetup.com/cities/mu/souillac/;Souillac;souillac
http://www.meetup.com/cities/mu/surinam/;Surinam;surinam
http://www.meetup.com/cities/mu/tamarin/;Tamarin;tamarin
http://www.meetup.com/cities/mu/terre_rouge/;Terre Rouge;terre_rouge
http://www.meetup.com/cities/mu/the_vale/;The Vale;the_vale
http://www.meetup.com/cities/mu/triolet/;Triolet;triolet
http://www.meetup.com/cities/mu/trou_d%27eau_douce/;Trou d'Eau Douce;trou_d%27eau_douce
http://www.meetup.com/cities/mu/vacoas-phoenix/;Vacoas-Phoenix;vacoas-phoenix
http://www.meetup.com/cities/mu/verdun/;Verdun;verdun
http://www.meetup.com/cities/mu/villebague/;Villebague;villebague
