http://www.meetup.com/cities/gb/z2/abersychan/;Abersychan;abersychan
http://www.meetup.com/cities/gb/z2/avondale_industrial_estate/;Avondale Industrial Estate;avondale_industrial_estate
http://www.meetup.com/cities/gb/z2/blaenavon/;Blaenavon;blaenavon
http://www.meetup.com/cities/gb/z2/british/;British;british
http://www.meetup.com/cities/gb/z2/coedcae/;Coedcae;coedcae
http://www.meetup.com/cities/gb/z2/coed_eva/;Coed Eva;coed_eva
http://www.meetup.com/cities/gb/z2/coed_yr_eos/;Coed Yr Eos;coed_yr_eos
http://www.meetup.com/cities/gb/z2/croesyceiliog/;Croesyceiliog;croesyceiliog
http://www.meetup.com/cities/gb/z2/crumlin/;Crumlin;crumlin
http://www.meetup.com/cities/gb/z2/cwmavon/;Cwmavon;cwmavon
http://www.meetup.com/cities/gb/z2/cwmbran/;Cwmbran;cwmbran
http://www.meetup.com/cities/gb/z2/cwmfields/;Cwmfields;cwmfields
http://www.meetup.com/cities/gb/z2/cwmoody/;Cwmoody;cwmoody
http://www.meetup.com/cities/gb/z2/fairwater/;Fairwater;fairwater
http://www.meetup.com/cities/gb/z2/forge_side/;Forge Side;forge_side
http://www.meetup.com/cities/gb/z2/garndiffaith/;Garndiffaith;garndiffaith
http://www.meetup.com/cities/gb/z2/garn_yr_erw/;Garn Yr Erw;garn_yr_erw
http://www.meetup.com/cities/gb/z2/greenmeadow/;Greenmeadow;greenmeadow
http://www.meetup.com/cities/gb/z2/greenway/;Greenway;greenway
http://www.meetup.com/cities/gb/z2/greenwillows/;Greenwillows;greenwillows
http://www.meetup.com/cities/gb/z2/griffithstown/;Griffithstown;griffithstown
http://www.meetup.com/cities/gb/z2/hafodyrynys/;Hafodyrynys;hafodyrynys
http://www.meetup.com/cities/gb/z2/henllys/;Henllys;henllys
http://www.meetup.com/cities/gb/z2/hollybush/;Hollybush;hollybush
http://www.meetup.com/cities/gb/z2/little_mill/;Little Mill;little_mill
http://www.meetup.com/cities/gb/z2/llanfrechfa/;Llanfrechfa;llanfrechfa
http://www.meetup.com/cities/gb/z2/llantarnam/;Llantarnam;llantarnam
http://www.meetup.com/cities/gb/z2/llantarnam_industrial_park/;Llantarnam Industrial Park;llantarnam_industrial_park
http://www.meetup.com/cities/gb/z2/llanvihangel/;Llanvihangel;llanvihangel
http://www.meetup.com/cities/gb/z2/llanyravon/;Llanyravon;llanyravon
http://www.meetup.com/cities/gb/z2/lower_cwm/;Lower Cwm;lower_cwm
http://www.meetup.com/cities/gb/z2/lower_race/;Lower Race;lower_race
http://www.meetup.com/cities/gb/z2/mamhilad/;Mamhilad;mamhilad
http://www.meetup.com/cities/gb/z2/new_inn/;New Inn;new_inn
http://www.meetup.com/cities/gb/z2/oakfield/;Oakfield;oakfield
http://www.meetup.com/cities/gb/z2/old_furnace/;Old Furnace;old_furnace
http://www.meetup.com/cities/gb/z2/old_penygarn/;Old Penygarn;old_penygarn
http://www.meetup.com/cities/gb/z2/pantygasseg/;Pantygasseg;pantygasseg
http://www.meetup.com/cities/gb/z2/pentrepiod/;Pentrepiod;pentrepiod
http://www.meetup.com/cities/gb/z2/pentwyn/;Pentwyn;pentwyn
http://www.meetup.com/cities/gb/z2/penygarn/;Penygarn;penygarn
http://www.meetup.com/cities/gb/z2/penyrheol/;Penyrheol;penyrheol
http://www.meetup.com/cities/gb/z2/plasycoed/;Plasycoed;plasycoed
http://www.meetup.com/cities/gb/z2/ponthir/;Ponthir;ponthir
http://www.meetup.com/cities/gb/z2/pontnewydd/;Pontnewydd;pontnewydd
http://www.meetup.com/cities/gb/z2/pontnewynydd/;Pontnewynydd;pontnewynydd
http://www.meetup.com/cities/gb/z2/pontrhydyrun/;Pontrhydyrun;pontrhydyrun
http://www.meetup.com/cities/gb/z2/pontymoile/;Pontymoile;pontymoile
http://www.meetup.com/cities/gb/z2/pontypool/;Pontypool;pontypool
http://www.meetup.com/cities/gb/z2/sebastopol/;Sebastopol;sebastopol
http://www.meetup.com/cities/gb/z2/sluvad/;Sluvad;sluvad
http://www.meetup.com/cities/gb/z2/st_dials/;St Dials;st_dials
http://www.meetup.com/cities/gb/z2/talywain/;Talywain;talywain
http://www.meetup.com/cities/gb/z2/thornhill/;Thornhill;thornhill
http://www.meetup.com/cities/gb/z2/tranch/;Tranch;tranch
http://www.meetup.com/cities/gb/z2/trevethin/;Trevethin;trevethin
http://www.meetup.com/cities/gb/z2/two_locks/;Two Locks;two_locks
http://www.meetup.com/cities/gb/z2/ty_canol/;Ty Canol;ty_canol
http://www.meetup.com/cities/gb/z2/ty_coch/;Ty Coch;ty_coch
http://www.meetup.com/cities/gb/z2/upper_cwmbran/;Upper Cwmbran;upper_cwmbran
http://www.meetup.com/cities/gb/z2/upper_race/;Upper Race;upper_race
http://www.meetup.com/cities/gb/z2/varteg/;Varteg;varteg
http://www.meetup.com/cities/gb/z2/wainfelin/;Wainfelin;wainfelin
