http://www.meetup.com/cities/gb/z4/aberoer/;Aberoer;aberoer
http://www.meetup.com/cities/gb/z4/acrefair/;Acrefair;acrefair
http://www.meetup.com/cities/gb/z4/agden/;Agden;agden
http://www.meetup.com/cities/gb/z4/alkington/;Alkington;alkington
http://www.meetup.com/cities/gb/z4/bangor-on-dee/;Bangor-on-Dee;bangor-on-dee
http://www.meetup.com/cities/gb/z4/bersham/;Bersham;bersham
http://www.meetup.com/cities/gb/z4/bettisfield/;Bettisfield;bettisfield
http://www.meetup.com/cities/gb/z4/big_arowry/;Big Arowry;big_arowry
http://www.meetup.com/cities/gb/z4/borras/;Borras;borras
http://www.meetup.com/cities/gb/z4/bowling_bank/;Bowling Bank;bowling_bank
http://www.meetup.com/cities/gb/z4/bradley/;Bradley;bradley
http://www.meetup.com/cities/gb/z4/breaden_heath/;Breaden Heath;breaden_heath
http://www.meetup.com/cities/gb/z4/bronington/;Bronington;bronington
http://www.meetup.com/cities/gb/z4/bronwylfa/;Bronwylfa;bronwylfa
http://www.meetup.com/cities/gb/z4/bronygarth/;Bronygarth;bronygarth
http://www.meetup.com/cities/gb/z4/brymbo/;Brymbo;brymbo
http://www.meetup.com/cities/gb/z4/brynteg/;Brynteg;brynteg
http://www.meetup.com/cities/gb/z4/burton/;Burton;burton
http://www.meetup.com/cities/gb/z4/bwlchgwyn/;Bwlchgwyn;bwlchgwyn
http://www.meetup.com/cities/gb/z4/caego/;Caego;caego
http://www.meetup.com/cities/gb/z4/caergwrle/;Caergwrle;caergwrle
http://www.meetup.com/cities/gb/z4/cefn_mawr/;Cefn Mawr;cefn_mawr
http://www.meetup.com/cities/gb/z4/cefn-y-bedd/;Cefn-Y-Bedd;cefn-y-bedd
http://www.meetup.com/cities/gb/z4/chirk/;Chirk;chirk
http://www.meetup.com/cities/gb/z4/chirk_bank/;Chirk Bank;chirk_bank
http://www.meetup.com/cities/gb/z4/coedpoeth/;Coedpoeth;coedpoeth
http://www.meetup.com/cities/gb/z4/crabtree_green/;Crabtree Green;crabtree_green
http://www.meetup.com/cities/gb/z4/cross_lanes/;Cross Lanes;cross_lanes
http://www.meetup.com/cities/gb/z4/croxton/;Croxton;croxton
http://www.meetup.com/cities/gb/z4/cumbers/;Cumbers;cumbers
http://www.meetup.com/cities/gb/z4/cymau/;Cymau;cymau
http://www.meetup.com/cities/gb/z4/eglwys_cross/;Eglwys Cross;eglwys_cross
http://www.meetup.com/cities/gb/z4/erbistock/;Erbistock;erbistock
http://www.meetup.com/cities/gb/z4/erddig/;Erddig;erddig
http://www.meetup.com/cities/gb/z4/eyton/;Eyton;eyton
http://www.meetup.com/cities/gb/z4/fenns_bank/;Fenns Bank;fenns_bank
http://www.meetup.com/cities/gb/z4/ffrith/;Ffrith;ffrith
http://www.meetup.com/cities/gb/z4/froncysyllte/;Froncysyllte;froncysyllte
http://www.meetup.com/cities/gb/z4/garth/;Garth;garth
http://www.meetup.com/cities/gb/z4/glyn_ceiriog/;Glyn Ceiriog;glyn_ceiriog
http://www.meetup.com/cities/gb/z4/gredington/;Gredington;gredington
http://www.meetup.com/cities/gb/z4/gresford/;Gresford;gresford
http://www.meetup.com/cities/gb/z4/gwersyllt/;Gwersyllt;gwersyllt
http://www.meetup.com/cities/gb/z4/gwynfryn/;Gwynfryn;gwynfryn
http://www.meetup.com/cities/gb/z4/gyfelia/;Gyfelia;gyfelia
http://www.meetup.com/cities/gb/z4/halghton/;Halghton;halghton
http://www.meetup.com/cities/gb/z4/hanmer/;Hanmer;hanmer
http://www.meetup.com/cities/gb/z4/higher_barnes/;Higher Barnes;higher_barnes
http://www.meetup.com/cities/gb/z4/higher_wych/;Higher Wych;higher_wych
http://www.meetup.com/cities/gb/z4/highfield/;Highfield;highfield
http://www.meetup.com/cities/gb/z4/holt/;Holt;holt
http://www.meetup.com/cities/gb/z4/hope/;Hope;hope
http://www.meetup.com/cities/gb/z4/horsemans_green/;Horsemans Green;horsemans_green
http://www.meetup.com/cities/gb/z4/iscoyd/;Iscoyd;iscoyd
http://www.meetup.com/cities/gb/z4/johnstown/;Johnstown;johnstown
http://www.meetup.com/cities/gb/z4/lavister/;Lavister;lavister
http://www.meetup.com/cities/gb/z4/legacy/;Legacy;legacy
http://www.meetup.com/cities/gb/z4/little_arowry/;Little Arowry;little_arowry
http://www.meetup.com/cities/gb/z4/llanarmon_dyffryn_ceiriog/;Llanarmon Dyffryn Ceiriog;llanarmon_dyffryn_ceiriog
http://www.meetup.com/cities/gb/z4/llandegla/;Llandegla;llandegla
http://www.meetup.com/cities/gb/z4/llanfynydd/;Llanfynydd;llanfynydd
http://www.meetup.com/cities/gb/z4/llangollen/;Llangollen;llangollen
http://www.meetup.com/cities/gb/z4/llan-y-pwll/;Llan-Y-Pwll;llan-y-pwll
http://www.meetup.com/cities/gb/z4/llay/;Llay;llay
http://www.meetup.com/cities/gb/z4/llwynmawr/;Llwynmawr;llwynmawr
http://www.meetup.com/cities/gb/z4/lodge/;Lodge;lodge
http://www.meetup.com/cities/gb/z4/lower_barnes/;Lower Barnes;lower_barnes
http://www.meetup.com/cities/gb/z4/lower_wych/;Lower Wych;lower_wych
http://www.meetup.com/cities/gb/z4/marchwiel/;Marchwiel;marchwiel
http://www.meetup.com/cities/gb/z4/marford/;Marford;marford
http://www.meetup.com/cities/gb/z4/middle_sontley/;Middle Sontley;middle_sontley
http://www.meetup.com/cities/gb/z4/minera/;Minera;minera
http://www.meetup.com/cities/gb/z4/moss/;Moss;moss
http://www.meetup.com/cities/gb/z4/nantyr/;Nantyr;nantyr
http://www.meetup.com/cities/gb/z4/newbridge/;Newbridge;newbridge
http://www.meetup.com/cities/gb/z4/new_broughton/;New Broughton;new_broughton
http://www.meetup.com/cities/gb/z4/old_rhosrobin/;Old Rhosrobin;old_rhosrobin
http://www.meetup.com/cities/gb/z4/overton/;Overton;overton
http://www.meetup.com/cities/gb/z4/painters_green/;Painters Green;painters_green
http://www.meetup.com/cities/gb/z4/pandy/;Pandy;pandy
http://www.meetup.com/cities/gb/z4/penley/;Penley;penley
http://www.meetup.com/cities/gb/z4/pentre/;Pentre;pentre
http://www.meetup.com/cities/gb/z4/pentre_broughton/;Pentre Broughton;pentre_broughton
http://www.meetup.com/cities/gb/z4/pentre_bychan/;Pentre Bychan;pentre_bychan
http://www.meetup.com/cities/gb/z4/pentre_maelor/;Pentre Maelor;pentre_maelor
http://www.meetup.com/cities/gb/z4/penycae/;Penycae;penycae
http://www.meetup.com/cities/gb/z4/pickhill/;Pickhill;pickhill
http://www.meetup.com/cities/gb/z4/ponciau/;Ponciau;ponciau
http://www.meetup.com/cities/gb/z4/pontcysyllte/;Pontcysyllte;pontcysyllte
http://www.meetup.com/cities/gb/z4/pontfadog/;Pontfadog;pontfadog
http://www.meetup.com/cities/gb/z4/redbrook_maelor/;Redbrook Maelor;redbrook_maelor
http://www.meetup.com/cities/gb/z4/redwither_business_park/;Redwither Business Park;redwither_business_park
http://www.meetup.com/cities/gb/z4/rhosllanerchrugog/;Rhosllanerchrugog;rhosllanerchrugog
http://www.meetup.com/cities/gb/z4/rhosrobin/;Rhosrobin;rhosrobin
http://www.meetup.com/cities/gb/z4/rhostyllen/;Rhostyllen;rhostyllen
http://www.meetup.com/cities/gb/z4/rhosymadoc/;Rhosymadoc;rhosymadoc
http://www.meetup.com/cities/gb/z4/rhosymedre/;Rhosymedre;rhosymedre
http://www.meetup.com/cities/gb/z4/ridley_wood/;Ridley Wood;ridley_wood
http://www.meetup.com/cities/gb/z4/rossett/;Rossett;rossett
http://www.meetup.com/cities/gb/z4/royton/;Royton;royton
http://www.meetup.com/cities/gb/z4/ruabon/;Ruabon;ruabon
http://www.meetup.com/cities/gb/z4/sarn/;Sarn;sarn
http://www.meetup.com/cities/gb/z4/selattyn/;Selattyn;selattyn
http://www.meetup.com/cities/gb/z4/sontley/;Sontley;sontley
http://www.meetup.com/cities/gb/z4/southsea/;Southsea;southsea
http://www.meetup.com/cities/gb/z4/stansty/;Stansty;stansty
http://www.meetup.com/cities/gb/z4/summerhill/;Summerhill;summerhill
http://www.meetup.com/cities/gb/z4/tallarn_green/;Tallarn Green;tallarn_green
http://www.meetup.com/cities/gb/z4/tanyfron/;Tanyfron;tanyfron
http://www.meetup.com/cities/gb/z4/the_cadney/;The Cadney;the_cadney
http://www.meetup.com/cities/gb/z4/threapwood/;Threapwood;threapwood
http://www.meetup.com/cities/gb/z4/top_bradley/;Top Bradley;top_bradley
http://www.meetup.com/cities/gb/z4/tregeiriog/;Tregeiriog;tregeiriog
http://www.meetup.com/cities/gb/z4/trevor/;Trevor;trevor
http://www.meetup.com/cities/gb/z4/tybroughton/;Tybroughton;tybroughton
http://www.meetup.com/cities/gb/z4/whitchurch/;Whitchurch;whitchurch
http://www.meetup.com/cities/gb/z4/whitewell/;Whitewell;whitewell
http://www.meetup.com/cities/gb/z4/whixall/;Whixall;whixall
http://www.meetup.com/cities/gb/z4/willington/;Willington;willington
http://www.meetup.com/cities/gb/z4/worthenbury/;Worthenbury;worthenbury
http://www.meetup.com/cities/gb/z4/wrexham/;Wrexham;wrexham
http://www.meetup.com/cities/gb/z4/wrexham_industrial_estate/;Wrexham Industrial Estate;wrexham_industrial_estate
http://www.meetup.com/cities/gb/z4/wrexham_technology_park/;Wrexham Technology Park;wrexham_technology_park
