http://www.meetup.com/cities/gb/p3/admington/;Admington;admington
http://www.meetup.com/cities/gb/p3/alcester/;Alcester;alcester
http://www.meetup.com/cities/gb/p3/alderminster/;Alderminster;alderminster
http://www.meetup.com/cities/gb/p3/alvecote/;Alvecote;alvecote
http://www.meetup.com/cities/gb/p3/alveston/;Alveston;alveston
http://www.meetup.com/cities/gb/p3/ansley/;Ansley;ansley
http://www.meetup.com/cities/gb/p3/ansley_common/;Ansley Common;ansley_common
http://www.meetup.com/cities/gb/p3/ansty/;Ansty;ansty
http://www.meetup.com/cities/gb/p3/arbury/;Arbury;arbury
http://www.meetup.com/cities/gb/p3/ardens_grafton/;Ardens Grafton;ardens_grafton
http://www.meetup.com/cities/gb/p3/arlescote/;Arlescote;arlescote
http://www.meetup.com/cities/gb/p3/arley/;Arley;arley
http://www.meetup.com/cities/gb/p3/armscote/;Armscote;armscote
http://www.meetup.com/cities/gb/p3/arrow/;Arrow;arrow
http://www.meetup.com/cities/gb/p3/ascott/;Ascott;ascott
http://www.meetup.com/cities/gb/p3/ashby_st_ledgers/;Ashby St Ledgers;ashby_st_ledgers
http://www.meetup.com/cities/gb/p3/ash_green/;Ash Green;ash_green
http://www.meetup.com/cities/gb/p3/ashorne/;Ashorne;ashorne
http://www.meetup.com/cities/gb/p3/ashorne_hill/;Ashorne Hill;ashorne_hill
http://www.meetup.com/cities/gb/p3/ashow/;Ashow;ashow
http://www.meetup.com/cities/gb/p3/astley/;Astley;astley
http://www.meetup.com/cities/gb/p3/aston_cantlow/;Aston Cantlow;aston_cantlow
http://www.meetup.com/cities/gb/p3/atherstone/;Atherstone;atherstone
http://www.meetup.com/cities/gb/p3/atherstone_on_stour/;Atherstone on Stour;atherstone_on_stour
http://www.meetup.com/cities/gb/p3/attleborough/;Attleborough;attleborough
http://www.meetup.com/cities/gb/p3/attleborough_fields_ind_estate/;Attleborough Fields Ind Estate;attleborough_fields_ind_estate
http://www.meetup.com/cities/gb/p3/austrey/;Austrey;austrey
http://www.meetup.com/cities/gb/p3/avon_dassett/;Avon Dassett;avon_dassett
http://www.meetup.com/cities/gb/p3/avon_industrial_estate/;Avon Industrial Estate;avon_industrial_estate
http://www.meetup.com/cities/gb/p3/aylesmore/;Aylesmore;aylesmore
http://www.meetup.com/cities/gb/p3/baddesley_ensor/;Baddesley Ensor;baddesley_ensor
http://www.meetup.com/cities/gb/p3/baginton/;Baginton;baginton
http://www.meetup.com/cities/gb/p3/banbury/;Banbury;banbury
http://www.meetup.com/cities/gb/p3/barby/;Barby;barby
http://www.meetup.com/cities/gb/p3/barcheston/;Barcheston;barcheston
http://www.meetup.com/cities/gb/p3/barford/;Barford;barford
http://www.meetup.com/cities/gb/p3/barnacle/;Barnacle;barnacle
http://www.meetup.com/cities/gb/p3/barton/;Barton;barton
http://www.meetup.com/cities/gb/p3/barton-on-the-heath/;Barton-on-the-Heath;barton-on-the-heath
http://www.meetup.com/cities/gb/p3/bascote/;Bascote;bascote
http://www.meetup.com/cities/gb/p3/bascote_heath/;Bascote Heath;bascote_heath
http://www.meetup.com/cities/gb/p3/baxterley/;Baxterley;baxterley
http://www.meetup.com/cities/gb/p3/bayton_road_industrial_estate/;Bayton Road Industrial Estate;bayton_road_industrial_estate
http://www.meetup.com/cities/gb/p3/bearley/;Bearley;bearley
http://www.meetup.com/cities/gb/p3/beausale/;Beausale;beausale
http://www.meetup.com/cities/gb/p3/bedworth/;Bedworth;bedworth
http://www.meetup.com/cities/gb/p3/bentley/;Bentley;bentley
http://www.meetup.com/cities/gb/p3/bermuda_industrial_estate/;Bermuda Industrial Estate;bermuda_industrial_estate
http://www.meetup.com/cities/gb/p3/bermuda_park/;Bermuda Park;bermuda_park
http://www.meetup.com/cities/gb/p3/bevington/;Bevington;bevington
http://www.meetup.com/cities/gb/p3/bickmarsh/;Bickmarsh;bickmarsh
http://www.meetup.com/cities/gb/p3/bidford-on-avon/;Bidford-on-Avon;bidford-on-avon
http://www.meetup.com/cities/gb/p3/billesley/;Billesley;billesley
http://www.meetup.com/cities/gb/p3/bilton/;Bilton;bilton
http://www.meetup.com/cities/gb/p3/binton/;Binton;binton
http://www.meetup.com/cities/gb/p3/birch_coppice_business_park/;Birch Coppice Business Park;birch_coppice_business_park
http://www.meetup.com/cities/gb/p3/birchley_heath/;Birchley Heath;birchley_heath
http://www.meetup.com/cities/gb/p3/birchmoor/;Birchmoor;birchmoor
http://www.meetup.com/cities/gb/p3/birdingbury/;Birdingbury;birdingbury
http://www.meetup.com/cities/gb/p3/birmingham/;Birmingham;birmingham
http://www.meetup.com/cities/gb/p3/bishops_itchington/;Bishops Itchington;bishops_itchington
http://www.meetup.com/cities/gb/p3/bishops_tachbrook/;Bishops Tachbrook;bishops_tachbrook
http://www.meetup.com/cities/gb/p3/bishopton/;Bishopton;bishopton
http://www.meetup.com/cities/gb/p3/blackdown/;Blackdown;blackdown
http://www.meetup.com/cities/gb/p3/black_hill/;Black Hill;black_hill
http://www.meetup.com/cities/gb/p3/blackwell/;Blackwell;blackwell
http://www.meetup.com/cities/gb/p3/bodymoor_heath/;Bodymoor Heath;bodymoor_heath
http://www.meetup.com/cities/gb/p3/bourton/;Bourton;bourton
http://www.meetup.com/cities/gb/p3/braggington/;Braggington;braggington
http://www.meetup.com/cities/gb/p3/brailes/;Brailes;brailes
http://www.meetup.com/cities/gb/p3/bramcote/;Bramcote;bramcote
http://www.meetup.com/cities/gb/p3/brandon/;Brandon;brandon
http://www.meetup.com/cities/gb/p3/bretford/;Bretford;bretford
http://www.meetup.com/cities/gb/p3/bridgetown/;Bridgetown;bridgetown
http://www.meetup.com/cities/gb/p3/brinklow/;Brinklow;brinklow
http://www.meetup.com/cities/gb/p3/broadwell/;Broadwell;broadwell
http://www.meetup.com/cities/gb/p3/broom/;Broom;broom
http://www.meetup.com/cities/gb/p3/brownsover/;Brownsover;brownsover
http://www.meetup.com/cities/gb/p3/bubbenhall/;Bubbenhall;bubbenhall
http://www.meetup.com/cities/gb/p3/budbrooke/;Budbrooke;budbrooke
http://www.meetup.com/cities/gb/p3/budbrooke_industrial_estate/;Budbrooke Industrial Estate;budbrooke_industrial_estate
http://www.meetup.com/cities/gb/p3/bulkington/;Bulkington;bulkington
http://www.meetup.com/cities/gb/p3/burmington/;Burmington;burmington
http://www.meetup.com/cities/gb/p3/burton_dassett/;Burton Dassett;burton_dassett
http://www.meetup.com/cities/gb/p3/burton_hastings/;Burton Hastings;burton_hastings
http://www.meetup.com/cities/gb/p3/butlers_marston/;Butlers Marston;butlers_marston
http://www.meetup.com/cities/gb/p3/calcutt/;Calcutt;calcutt
http://www.meetup.com/cities/gb/p3/caldecote/;Caldecote;caldecote
http://www.meetup.com/cities/gb/p3/carlyon_road_industrial_estate/;Carlyon Road Industrial Estate;carlyon_road_industrial_estate
http://www.meetup.com/cities/gb/p3/cathiron/;Cathiron;cathiron
http://www.meetup.com/cities/gb/p3/cawston/;Cawston;cawston
http://www.meetup.com/cities/gb/p3/chadshunt/;Chadshunt;chadshunt
http://www.meetup.com/cities/gb/p3/chapel_oak/;Chapel Oak;chapel_oak
http://www.meetup.com/cities/gb/p3/charingworth/;Charingworth;charingworth
http://www.meetup.com/cities/gb/p3/charlecote/;Charlecote;charlecote
http://www.meetup.com/cities/gb/p3/chastleton/;Chastleton;chastleton
http://www.meetup.com/cities/gb/p3/cherington/;Cherington;cherington
http://www.meetup.com/cities/gb/p3/chesterton/;Chesterton;chesterton
http://www.meetup.com/cities/gb/p3/church_lawford/;Church Lawford;church_lawford
http://www.meetup.com/cities/gb/p3/churchover/;Churchover;churchover
http://www.meetup.com/cities/gb/p3/claverdon/;Claverdon;claverdon
http://www.meetup.com/cities/gb/p3/cliff/;Cliff;cliff
http://www.meetup.com/cities/gb/p3/clifford_chambers/;Clifford Chambers;clifford_chambers
http://www.meetup.com/cities/gb/p3/clifton_upon_dunsmore/;Clifton upon Dunsmore;clifton_upon_dunsmore
http://www.meetup.com/cities/gb/p3/clopton/;Clopton;clopton
http://www.meetup.com/cities/gb/p3/coldcomfort/;Coldcomfort;coldcomfort
http://www.meetup.com/cities/gb/p3/coleshill/;Coleshill;coleshill
http://www.meetup.com/cities/gb/p3/combrook/;Combrook;combrook
http://www.meetup.com/cities/gb/p3/compton_scorpion/;Compton Scorpion;compton_scorpion
http://www.meetup.com/cities/gb/p3/compton_verney/;Compton Verney;compton_verney
http://www.meetup.com/cities/gb/p3/compton_wynyates/;Compton Wynyates;compton_wynyates
http://www.meetup.com/cities/gb/p3/cookhill/;Cookhill;cookhill
http://www.meetup.com/cities/gb/p3/coombe_fields/;Coombe Fields;coombe_fields
http://www.meetup.com/cities/gb/p3/copt_green/;Copt Green;copt_green
http://www.meetup.com/cities/gb/p3/cosford/;Cosford;cosford
http://www.meetup.com/cities/gb/p3/coton/;Coton;coton
http://www.meetup.com/cities/gb/p3/coughton/;Coughton;coughton
http://www.meetup.com/cities/gb/p3/crimscote/;Crimscote;crimscote
http://www.meetup.com/cities/gb/p3/cubbington/;Cubbington;cubbington
http://www.meetup.com/cities/gb/p3/curdworth/;Curdworth;curdworth
http://www.meetup.com/cities/gb/p3/danzey_green/;Danzey Green;danzey_green
http://www.meetup.com/cities/gb/p3/darlingscott/;Darlingscott;darlingscott
http://www.meetup.com/cities/gb/p3/deppers_bridge/;Deppers Bridge;deppers_bridge
http://www.meetup.com/cities/gb/p3/dodwell/;Dodwell;dodwell
http://www.meetup.com/cities/gb/p3/dordon/;Dordon;dordon
http://www.meetup.com/cities/gb/p3/dosthill/;Dosthill;dosthill
http://www.meetup.com/cities/gb/p3/draycote/;Draycote;draycote
http://www.meetup.com/cities/gb/p3/dunchurch/;Dunchurch;dunchurch
http://www.meetup.com/cities/gb/p3/dunnington/;Dunnington;dunnington
http://www.meetup.com/cities/gb/p3/easenhall/;Easenhall;easenhall
http://www.meetup.com/cities/gb/p3/eathorpe/;Eathorpe;eathorpe
http://www.meetup.com/cities/gb/p3/edgehill/;Edgehill;edgehill
http://www.meetup.com/cities/gb/p3/epwell/;Epwell;epwell
http://www.meetup.com/cities/gb/p3/ettington/;Ettington;ettington
http://www.meetup.com/cities/gb/p3/exhall/;Exhall;exhall
http://www.meetup.com/cities/gb/p3/farnborough/;Farnborough;farnborough
http://www.meetup.com/cities/gb/p3/fenny_compton/;Fenny Compton;fenny_compton
http://www.meetup.com/cities/gb/p3/fillongley/;Fillongley;fillongley
http://www.meetup.com/cities/gb/p3/flecknoe/;Flecknoe;flecknoe
http://www.meetup.com/cities/gb/p3/frankton/;Frankton;frankton
http://www.meetup.com/cities/gb/p3/freasley/;Freasley;freasley
http://www.meetup.com/cities/gb/p3/furnace_end/;Furnace End;furnace_end
http://www.meetup.com/cities/gb/p3/gallagher_business_park/;Gallagher Business Park;gallagher_business_park
http://www.meetup.com/cities/gb/p3/galley_common/;Galley Common;galley_common
http://www.meetup.com/cities/gb/p3/gaydon/;Gaydon;gaydon
http://www.meetup.com/cities/gb/p3/glebe_farm_industrial_estate/;Glebe Farm Industrial Estate;glebe_farm_industrial_estate
http://www.meetup.com/cities/gb/p3/goldicote/;Goldicote;goldicote
http://www.meetup.com/cities/gb/p3/grandborough/;Grandborough;grandborough
http://www.meetup.com/cities/gb/p3/grandborough_fields/;Grandborough Fields;grandborough_fields
http://www.meetup.com/cities/gb/p3/great_alne/;Great Alne;great_alne
http://www.meetup.com/cities/gb/p3/great_packington/;Great Packington;great_packington
http://www.meetup.com/cities/gb/p3/great_rollright/;Great Rollright;great_rollright
http://www.meetup.com/cities/gb/p3/great_wolford/;Great Wolford;great_wolford
http://www.meetup.com/cities/gb/p3/grendon/;Grendon;grendon
http://www.meetup.com/cities/gb/p3/griff/;Griff;griff
http://www.meetup.com/cities/gb/p3/grove_park/;Grove Park;grove_park
http://www.meetup.com/cities/gb/p3/gun_hill/;Gun Hill;gun_hill
http://www.meetup.com/cities/gb/p3/guys_cliffe/;Guys Cliffe;guys_cliffe
http://www.meetup.com/cities/gb/p3/halford/;Halford;halford
http://www.meetup.com/cities/gb/p3/hampton_lucy/;Hampton Lucy;hampton_lucy
http://www.meetup.com/cities/gb/p3/hampton_magna/;Hampton Magna;hampton_magna
http://www.meetup.com/cities/gb/p3/hampton-on-the-hill/;Hampton-on-the-Hill;hampton-on-the-hill
http://www.meetup.com/cities/gb/p3/harborough_magna/;Harborough Magna;harborough_magna
http://www.meetup.com/cities/gb/p3/harborough_parva/;Harborough Parva;harborough_parva
http://www.meetup.com/cities/gb/p3/harbury/;Harbury;harbury
http://www.meetup.com/cities/gb/p3/hartshill/;Hartshill;hartshill
http://www.meetup.com/cities/gb/p3/haseley/;Haseley;haseley
http://www.meetup.com/cities/gb/p3/haseley_knob/;Haseley Knob;haseley_knob
http://www.meetup.com/cities/gb/p3/haselor/;Haselor;haselor
http://www.meetup.com/cities/gb/p3/hatton/;Hatton;hatton
http://www.meetup.com/cities/gb/p3/hatton_park/;Hatton Park;hatton_park
http://www.meetup.com/cities/gb/p3/hatton_rock/;Hatton Rock;hatton_rock
http://www.meetup.com/cities/gb/p3/heathcote/;Heathcote;heathcote
http://www.meetup.com/cities/gb/p3/heathcote_industrial_estate/;Heathcote Industrial Estate;heathcote_industrial_estate
http://www.meetup.com/cities/gb/p3/hellidon/;Hellidon;hellidon
http://www.meetup.com/cities/gb/p3/hemdale_business_park/;Hemdale Business Park;hemdale_business_park
http://www.meetup.com/cities/gb/p3/henley-in-arden/;Henley-in-arden;henley-in-arden
http://www.meetup.com/cities/gb/p3/high_cross/;High Cross;high_cross
http://www.meetup.com/cities/gb/p3/hill/;Hill;hill
http://www.meetup.com/cities/gb/p3/hillmorton/;Hillmorton;hillmorton
http://www.meetup.com/cities/gb/p3/hill_wootton/;Hill Wootton;hill_wootton
http://www.meetup.com/cities/gb/p3/hinckley/;Hinckley;hinckley
http://www.meetup.com/cities/gb/p3/holly_lane_industrial_estate/;Holly Lane Industrial Estate;holly_lane_industrial_estate
http://www.meetup.com/cities/gb/p3/honington/;Honington;honington
http://www.meetup.com/cities/gb/p3/hunningham/;Hunningham;hunningham
http://www.meetup.com/cities/gb/p3/hurley/;Hurley;hurley
http://www.meetup.com/cities/gb/p3/idlicote/;Idlicote;idlicote
http://www.meetup.com/cities/gb/p3/ilmington/;Ilmington;ilmington
http://www.meetup.com/cities/gb/p3/irons_cross/;Irons Cross;irons_cross
http://www.meetup.com/cities/gb/p3/kilsby/;Kilsby;kilsby
http://www.meetup.com/cities/gb/p3/kineton/;Kineton;kineton
http://www.meetup.com/cities/gb/p3/kineton_road_industrial_estate/;Kineton Road Industrial Estate;kineton_road_industrial_estate
http://www.meetup.com/cities/gb/p3/king%27s_newnham/;King's Newnham;king%27s_newnham
http://www.meetup.com/cities/gb/p3/kingsbury/;Kingsbury;kingsbury
http://www.meetup.com/cities/gb/p3/kings_coughton/;Kings Coughton;kings_coughton
http://www.meetup.com/cities/gb/p3/kinwarton/;Kinwarton;kinwarton
http://www.meetup.com/cities/gb/p3/knightcote/;Knightcote;knightcote
http://www.meetup.com/cities/gb/p3/knighton/;Knighton;knighton
http://www.meetup.com/cities/gb/p3/knowle_fields/;Knowle Fields;knowle_fields
http://www.meetup.com/cities/gb/p3/kytes_hardwick/;Kytes Hardwick;kytes_hardwick
http://www.meetup.com/cities/gb/p3/ladbroke/;Ladbroke;ladbroke
http://www.meetup.com/cities/gb/p3/langley/;Langley;langley
http://www.meetup.com/cities/gb/p3/lawford_heath/;Lawford Heath;lawford_heath
http://www.meetup.com/cities/gb/p3/lea_marston/;Lea Marston;lea_marston
http://www.meetup.com/cities/gb/p3/leamington_hastings/;Leamington Hastings;leamington_hastings
http://www.meetup.com/cities/gb/p3/leamington_spa/;Leamington Spa;leamington_spa
http://www.meetup.com/cities/gb/p3/leek_wootton/;Leek Wootton;leek_wootton
http://www.meetup.com/cities/gb/p3/lighthorne/;Lighthorne;lighthorne
http://www.meetup.com/cities/gb/p3/lighthorne_heath/;Lighthorne Heath;lighthorne_heath
http://www.meetup.com/cities/gb/p3/lillington/;Lillington;lillington
http://www.meetup.com/cities/gb/p3/little_alne/;Little Alne;little_alne
http://www.meetup.com/cities/gb/p3/little_compton/;Little Compton;little_compton
http://www.meetup.com/cities/gb/p3/little_dassett/;Little Dassett;little_dassett
http://www.meetup.com/cities/gb/p3/little_kineton/;Little Kineton;little_kineton
http://www.meetup.com/cities/gb/p3/little_lawford/;Little Lawford;little_lawford
http://www.meetup.com/cities/gb/p3/little_shrewley/;Little Shrewley;little_shrewley
http://www.meetup.com/cities/gb/p3/little_wolford/;Little Wolford;little_wolford
http://www.meetup.com/cities/gb/p3/littleworth/;Littleworth;littleworth
http://www.meetup.com/cities/gb/p3/longbridge/;Longbridge;longbridge
http://www.meetup.com/cities/gb/p3/long_compton/;Long Compton;long_compton
http://www.meetup.com/cities/gb/p3/long_itchington/;Long Itchington;long_itchington
http://www.meetup.com/cities/gb/p3/long_lawford/;Long Lawford;long_lawford
http://www.meetup.com/cities/gb/p3/lower_brailes/;Lower Brailes;lower_brailes
http://www.meetup.com/cities/gb/p3/lower_fulbrook/;Lower Fulbrook;lower_fulbrook
http://www.meetup.com/cities/gb/p3/lower_norton/;Lower Norton;lower_norton
http://www.meetup.com/cities/gb/p3/lower_quinton/;Lower Quinton;lower_quinton
http://www.meetup.com/cities/gb/p3/lower_radbourne/;Lower Radbourne;lower_radbourne
http://www.meetup.com/cities/gb/p3/lower_shuckburgh/;Lower Shuckburgh;lower_shuckburgh
http://www.meetup.com/cities/gb/p3/lower_tysoe/;Lower Tysoe;lower_tysoe
http://www.meetup.com/cities/gb/p3/lowsonford/;Lowsonford;lowsonford
http://www.meetup.com/cities/gb/p3/loxley/;Loxley;loxley
http://www.meetup.com/cities/gb/p3/luddington/;Luddington;luddington
http://www.meetup.com/cities/gb/p3/mancetter/;Mancetter;mancetter
http://www.meetup.com/cities/gb/p3/marlcliff/;Marlcliff;marlcliff
http://www.meetup.com/cities/gb/p3/marston/;Marston;marston
http://www.meetup.com/cities/gb/p3/marston_jabbett/;Marston Jabbett;marston_jabbett
http://www.meetup.com/cities/gb/p3/marton/;Marton;marton
http://www.meetup.com/cities/gb/p3/maxstoke/;Maxstoke;maxstoke
http://www.meetup.com/cities/gb/p3/merevale/;Merevale;merevale
http://www.meetup.com/cities/gb/p3/mickleton/;Mickleton;mickleton
http://www.meetup.com/cities/gb/p3/middleton/;Middleton;middleton
http://www.meetup.com/cities/gb/p3/milcote/;Milcote;milcote
http://www.meetup.com/cities/gb/p3/monks_kirby/;Monks Kirby;monks_kirby
http://www.meetup.com/cities/gb/p3/moreton-in-marsh/;Moreton-in-marsh;moreton-in-marsh
http://www.meetup.com/cities/gb/p3/moreton_morrell/;Moreton Morrell;moreton_morrell
http://www.meetup.com/cities/gb/p3/morton_bagot/;Morton Bagot;morton_bagot
http://www.meetup.com/cities/gb/p3/napton/;Napton;napton
http://www.meetup.com/cities/gb/p3/nethercote/;Nethercote;nethercote
http://www.meetup.com/cities/gb/p3/nether_whitacre/;Nether Whitacre;nether_whitacre
http://www.meetup.com/cities/gb/p3/new_bilton/;New Bilton;new_bilton
http://www.meetup.com/cities/gb/p3/newbold/;Newbold;newbold
http://www.meetup.com/cities/gb/p3/newbold_pacey/;Newbold Pacey;newbold_pacey
http://www.meetup.com/cities/gb/p3/newnham/;Newnham;newnham
http://www.meetup.com/cities/gb/p3/newnham_paddox/;Newnham Paddox;newnham_paddox
http://www.meetup.com/cities/gb/p3/newton/;Newton;newton
http://www.meetup.com/cities/gb/p3/newton_regis/;Newton Regis;newton_regis
http://www.meetup.com/cities/gb/p3/no_mans_heath/;No Mans Heath;no_mans_heath
http://www.meetup.com/cities/gb/p3/northend/;Northend;northend
http://www.meetup.com/cities/gb/p3/norton_lindsey/;Norton Lindsey;norton_lindsey
http://www.meetup.com/cities/gb/p3/nuneaton/;Nuneaton;nuneaton
http://www.meetup.com/cities/gb/p3/offchurch/;Offchurch;offchurch
http://www.meetup.com/cities/gb/p3/oldbury/;Oldbury;oldbury
http://www.meetup.com/cities/gb/p3/old_milverton/;Old Milverton;old_milverton
http://www.meetup.com/cities/gb/p3/old_town/;Old Town;old_town
http://www.meetup.com/cities/gb/p3/outhill/;Outhill;outhill
http://www.meetup.com/cities/gb/p3/oversley_green/;Oversley Green;oversley_green
http://www.meetup.com/cities/gb/p3/over_whitacre/;Over Whitacre;over_whitacre
http://www.meetup.com/cities/gb/p3/oxhill/;Oxhill;oxhill
http://www.meetup.com/cities/gb/p3/pailton/;Pailton;pailton
http://www.meetup.com/cities/gb/p3/pathlow/;Pathlow;pathlow
http://www.meetup.com/cities/gb/p3/piccadilly/;Piccadilly;piccadilly
http://www.meetup.com/cities/gb/p3/pillerton_hersey/;Pillerton Hersey;pillerton_hersey
http://www.meetup.com/cities/gb/p3/pillerton_priors/;Pillerton Priors;pillerton_priors
http://www.meetup.com/cities/gb/p3/pitchill/;Pitchill;pitchill
http://www.meetup.com/cities/gb/p3/polesworth/;Polesworth;polesworth
http://www.meetup.com/cities/gb/p3/preston_bagot/;Preston Bagot;preston_bagot
http://www.meetup.com/cities/gb/p3/preston_on_stour/;Preston on Stour;preston_on_stour
http://www.meetup.com/cities/gb/p3/princethorpe/;Princethorpe;princethorpe
http://www.meetup.com/cities/gb/p3/priors_hardwick/;Priors Hardwick;priors_hardwick
http://www.meetup.com/cities/gb/p3/priors_marston/;Priors Marston;priors_marston
http://www.meetup.com/cities/gb/p3/radford_semele/;Radford Semele;radford_semele
http://www.meetup.com/cities/gb/p3/radway/;Radway;radway
http://www.meetup.com/cities/gb/p3/ratley/;Ratley;ratley
http://www.meetup.com/cities/gb/p3/redhill/;Redhill;redhill
http://www.meetup.com/cities/gb/p3/ridge_lane/;Ridge Lane;ridge_lane
http://www.meetup.com/cities/gb/p3/rowington/;Rowington;rowington
http://www.meetup.com/cities/gb/p3/rugby/;Rugby;rugby
http://www.meetup.com/cities/gb/p3/rushford/;Rushford;rushford
http://www.meetup.com/cities/gb/p3/ryton_on_dunsmore/;Ryton on Dunsmore;ryton_on_dunsmore
http://www.meetup.com/cities/gb/p3/sawbridge/;Sawbridge;sawbridge
http://www.meetup.com/cities/gb/p3/seckington/;Seckington;seckington
http://www.meetup.com/cities/gb/p3/shawell/;Shawell;shawell
http://www.meetup.com/cities/gb/p3/shelfield/;Shelfield;shelfield
http://www.meetup.com/cities/gb/p3/shelford/;Shelford;shelford
http://www.meetup.com/cities/gb/p3/sherbourne/;Sherbourne;sherbourne
http://www.meetup.com/cities/gb/p3/shilton/;Shilton;shilton
http://www.meetup.com/cities/gb/p3/shipston-on-stour/;Shipston-on-Stour;shipston-on-stour
http://www.meetup.com/cities/gb/p3/shottery/;Shottery;shottery
http://www.meetup.com/cities/gb/p3/shotteswell/;Shotteswell;shotteswell
http://www.meetup.com/cities/gb/p3/shrewley/;Shrewley;shrewley
http://www.meetup.com/cities/gb/p3/shustoke/;Shustoke;shustoke
http://www.meetup.com/cities/gb/p3/shuttington/;Shuttington;shuttington
http://www.meetup.com/cities/gb/p3/slateley/;Slateley;slateley
http://www.meetup.com/cities/gb/p3/snitterfield/;Snitterfield;snitterfield
http://www.meetup.com/cities/gb/p3/southam/;Southam;southam
http://www.meetup.com/cities/gb/p3/spernal/;Spernal;spernal
http://www.meetup.com/cities/gb/p3/spernal_ash/;Spernal Ash;spernal_ash
http://www.meetup.com/cities/gb/p3/stareton/;Stareton;stareton
http://www.meetup.com/cities/gb/p3/stockingford/;Stockingford;stockingford
http://www.meetup.com/cities/gb/p3/stockton/;Stockton;stockton
http://www.meetup.com/cities/gb/p3/stoneleigh/;Stoneleigh;stoneleigh
http://www.meetup.com/cities/gb/p3/stoneleigh_park/;Stoneleigh Park;stoneleigh_park
http://www.meetup.com/cities/gb/p3/stourton/;Stourton;stourton
http://www.meetup.com/cities/gb/p3/stratford_enterprise_park/;Stratford Enterprise Park;stratford_enterprise_park
http://www.meetup.com/cities/gb/p3/street_ashton/;Street Ashton;street_ashton
http://www.meetup.com/cities/gb/p3/stretton_on_dunsmore/;Stretton on Dunsmore;stretton_on_dunsmore
http://www.meetup.com/cities/gb/p3/stretton_on_fosse/;Stretton on Fosse;stretton_on_fosse
http://www.meetup.com/cities/gb/p3/stretton_under_fosse/;Stretton under Fosse;stretton_under_fosse
http://www.meetup.com/cities/gb/p3/sunrising/;Sunrising;sunrising
http://www.meetup.com/cities/gb/p3/sutton_under_brailes/;Sutton under Brailes;sutton_under_brailes
http://www.meetup.com/cities/gb/p3/swift_valley_industrial_estate/;Swift Valley Industrial Estate;swift_valley_industrial_estate
http://www.meetup.com/cities/gb/p3/sydenham/;Sydenham;sydenham
http://www.meetup.com/cities/gb/p3/tachbrook_park/;Tachbrook Park;tachbrook_park
http://www.meetup.com/cities/gb/p3/tamworth/;Tamworth;tamworth
http://www.meetup.com/cities/gb/p3/tanworth-in-arden/;Tanworth-in-Arden;tanworth-in-arden
http://www.meetup.com/cities/gb/p3/temple_grafton/;Temple Grafton;temple_grafton
http://www.meetup.com/cities/gb/p3/temple_herdewyke/;Temple Herdewyke;temple_herdewyke
http://www.meetup.com/cities/gb/p3/thurlaston/;Thurlaston;thurlaston
http://www.meetup.com/cities/gb/p3/tiddington/;Tiddington;tiddington
http://www.meetup.com/cities/gb/p3/tidmington/;Tidmington;tidmington
http://www.meetup.com/cities/gb/p3/tredington/;Tredington;tredington
http://www.meetup.com/cities/gb/p3/tysoe/;Tysoe;tysoe
http://www.meetup.com/cities/gb/p3/ufton/;Ufton;ufton
http://www.meetup.com/cities/gb/p3/ullenhall/;Ullenhall;ullenhall
http://www.meetup.com/cities/gb/p3/upper_billesley/;Upper Billesley;upper_billesley
http://www.meetup.com/cities/gb/p3/upper_brailes/;Upper Brailes;upper_brailes
http://www.meetup.com/cities/gb/p3/upper_fulbrook/;Upper Fulbrook;upper_fulbrook
http://www.meetup.com/cities/gb/p3/upper_quinton/;Upper Quinton;upper_quinton
http://www.meetup.com/cities/gb/p3/upper_radbourne/;Upper Radbourne;upper_radbourne
http://www.meetup.com/cities/gb/p3/upper_shuckburgh/;Upper Shuckburgh;upper_shuckburgh
http://www.meetup.com/cities/gb/p3/upper_tysoe/;Upper Tysoe;upper_tysoe
http://www.meetup.com/cities/gb/p3/upton/;Upton;upton
http://www.meetup.com/cities/gb/p3/walcote/;Walcote;walcote
http://www.meetup.com/cities/gb/p3/walton/;Walton;walton
http://www.meetup.com/cities/gb/p3/wappenbury/;Wappenbury;wappenbury
http://www.meetup.com/cities/gb/p3/warmington/;Warmington;warmington
http://www.meetup.com/cities/gb/p3/warton/;Warton;warton
http://www.meetup.com/cities/gb/p3/warwick/;Warwick;warwick
http://www.meetup.com/cities/gb/p3/wasperton/;Wasperton;wasperton
http://www.meetup.com/cities/gb/p3/watergall/;Watergall;watergall
http://www.meetup.com/cities/gb/p3/water_orton/;Water Orton;water_orton
http://www.meetup.com/cities/gb/p3/wedgnock/;Wedgnock;wedgnock
http://www.meetup.com/cities/gb/p3/weethley/;Weethley;weethley
http://www.meetup.com/cities/gb/p3/welford_on_avon/;Welford on Avon;welford_on_avon
http://www.meetup.com/cities/gb/p3/wellesbourne/;Wellesbourne;wellesbourne
http://www.meetup.com/cities/gb/p3/weston_on_avon/;Weston on Avon;weston_on_avon
http://www.meetup.com/cities/gb/p3/weston_under_wetherley/;Weston under Wetherley;weston_under_wetherley
http://www.meetup.com/cities/gb/p3/whatcote/;Whatcote;whatcote
http://www.meetup.com/cities/gb/p3/whateley/;Whateley;whateley
http://www.meetup.com/cities/gb/p3/whichford/;Whichford;whichford
http://www.meetup.com/cities/gb/p3/whitacre_heath/;Whitacre Heath;whitacre_heath
http://www.meetup.com/cities/gb/p3/whitnash/;Whitnash;whitnash
http://www.meetup.com/cities/gb/p3/whittington/;Whittington;whittington
http://www.meetup.com/cities/gb/p3/wibtoft/;Wibtoft;wibtoft
http://www.meetup.com/cities/gb/p3/willey/;Willey;willey
http://www.meetup.com/cities/gb/p3/willington/;Willington;willington
http://www.meetup.com/cities/gb/p3/willoughby/;Willoughby;willoughby
http://www.meetup.com/cities/gb/p3/wills_pastures/;Wills Pastures;wills_pastures
http://www.meetup.com/cities/gb/p3/wilmcote/;Wilmcote;wilmcote
http://www.meetup.com/cities/gb/p3/wilnecote/;Wilnecote;wilnecote
http://www.meetup.com/cities/gb/p3/winderton/;Winderton;winderton
http://www.meetup.com/cities/gb/p3/witherley/;Witherley;witherley
http://www.meetup.com/cities/gb/p3/withybrook/;Withybrook;withybrook
http://www.meetup.com/cities/gb/p3/wixford/;Wixford;wixford
http://www.meetup.com/cities/gb/p3/wolfhampcote/;Wolfhampcote;wolfhampcote
http://www.meetup.com/cities/gb/p3/wolston/;Wolston;wolston
http://www.meetup.com/cities/gb/p3/wolston_grange/;Wolston Grange;wolston_grange
http://www.meetup.com/cities/gb/p3/wolverton/;Wolverton;wolverton
http://www.meetup.com/cities/gb/p3/wolvey/;Wolvey;wolvey
http://www.meetup.com/cities/gb/p3/wood_bevington/;Wood Bevington;wood_bevington
http://www.meetup.com/cities/gb/p3/wood_end/;Wood End;wood_end
http://www.meetup.com/cities/gb/p3/woodloes_park/;Woodloes Park;woodloes_park
http://www.meetup.com/cities/gb/p3/woolscott/;Woolscott;woolscott
http://www.meetup.com/cities/gb/p3/wootton_wawen/;Wootton Wawen;wootton_wawen
http://www.meetup.com/cities/gb/p3/wormleighton/;Wormleighton;wormleighton
http://www.meetup.com/cities/gb/p3/wroxall/;Wroxall;wroxall
http://www.meetup.com/cities/gb/p3/yarningale_common/;Yarningale Common;yarningale_common
