http://www.meetup.com/cities/gb/37/adwick-le-street/;Adwick-le-Street;adwick-le-street
http://www.meetup.com/cities/gb/37/adwick-upon-dearne/;Adwick-upon-Dearne;adwick-upon-dearne
http://www.meetup.com/cities/gb/37/aldwarke/;Aldwarke;aldwarke
http://www.meetup.com/cities/gb/37/almholme/;Almholme;almholme
http://www.meetup.com/cities/gb/37/alverley/;Alverley;alverley
http://www.meetup.com/cities/gb/37/anston/;Anston;anston
http://www.meetup.com/cities/gb/37/ardsley/;Ardsley;ardsley
http://www.meetup.com/cities/gb/37/arksey/;Arksey;arksey
http://www.meetup.com/cities/gb/37/armthorpe/;Armthorpe;armthorpe
http://www.meetup.com/cities/gb/37/askern/;Askern;askern
http://www.meetup.com/cities/gb/37/aston/;Aston;aston
http://www.meetup.com/cities/gb/37/auckley/;Auckley;auckley
http://www.meetup.com/cities/gb/37/aughton/;Aughton;aughton
http://www.meetup.com/cities/gb/37/austerfield/;Austerfield;austerfield
http://www.meetup.com/cities/gb/37/balby/;Balby;balby
http://www.meetup.com/cities/gb/37/barnburgh/;Barnburgh;barnburgh
http://www.meetup.com/cities/gb/37/barnby_dun/;Barnby Dun;barnby_dun
http://www.meetup.com/cities/gb/37/barnsley/;Barnsley;barnsley
http://www.meetup.com/cities/gb/37/barrow_hill/;Barrow Hill;barrow_hill
http://www.meetup.com/cities/gb/37/barugh_green/;Barugh Green;barugh_green
http://www.meetup.com/cities/gb/37/bawtry/;Bawtry;bawtry
http://www.meetup.com/cities/gb/37/beckingham/;Beckingham;beckingham
http://www.meetup.com/cities/gb/37/beighton/;Beighton;beighton
http://www.meetup.com/cities/gb/37/bentley/;Bentley;bentley
http://www.meetup.com/cities/gb/37/bessacarr/;Bessacarr;bessacarr
http://www.meetup.com/cities/gb/37/billingley/;Billingley;billingley
http://www.meetup.com/cities/gb/37/bircotes/;Bircotes;bircotes
http://www.meetup.com/cities/gb/37/birdwell/;Birdwell;birdwell
http://www.meetup.com/cities/gb/37/blacker_hill/;Blacker Hill;blacker_hill
http://www.meetup.com/cities/gb/37/blaxton/;Blaxton;blaxton
http://www.meetup.com/cities/gb/37/bolsterstone/;Bolsterstone;bolsterstone
http://www.meetup.com/cities/gb/37/bolton-upon-dearne/;Bolton-upon-Dearne;bolton-upon-dearne
http://www.meetup.com/cities/gb/37/bradfield/;Bradfield;bradfield
http://www.meetup.com/cities/gb/37/bradfield_dale/;Bradfield Dale;bradfield_dale
http://www.meetup.com/cities/gb/37/bradway/;Bradway;bradway
http://www.meetup.com/cities/gb/37/braithwaite/;Braithwaite;braithwaite
http://www.meetup.com/cities/gb/37/braithwell/;Braithwell;braithwell
http://www.meetup.com/cities/gb/37/bramley/;Bramley;bramley
http://www.meetup.com/cities/gb/37/brampton/;Brampton;brampton
http://www.meetup.com/cities/gb/37/brampton_bierlow/;Brampton Bierlow;brampton_bierlow
http://www.meetup.com/cities/gb/37/brampton-en-le-morthen/;Brampton-en-le-Morthen;brampton-en-le-morthen
http://www.meetup.com/cities/gb/37/bramwith_woodhouse/;Bramwith Woodhouse;bramwith_woodhouse
http://www.meetup.com/cities/gb/37/branton/;Branton;branton
http://www.meetup.com/cities/gb/37/brightholmlee/;Brightholmlee;brightholmlee
http://www.meetup.com/cities/gb/37/brinsworth/;Brinsworth;brinsworth
http://www.meetup.com/cities/gb/37/brodsworth/;Brodsworth;brodsworth
http://www.meetup.com/cities/gb/37/bromley/;Bromley;bromley
http://www.meetup.com/cities/gb/37/brookhouse/;Brookhouse;brookhouse
http://www.meetup.com/cities/gb/37/brooklands_park_industrial_estate/;Brooklands Park Industrial Estate;brooklands_park_industrial_estate
http://www.meetup.com/cities/gb/37/burghwallis/;Burghwallis;burghwallis
http://www.meetup.com/cities/gb/37/burncross/;Burncross;burncross
http://www.meetup.com/cities/gb/37/cadeby/;Cadeby;cadeby
http://www.meetup.com/cities/gb/37/campsall/;Campsall;campsall
http://www.meetup.com/cities/gb/37/cantley/;Cantley;cantley
http://www.meetup.com/cities/gb/37/capitol_park/;Capitol Park;capitol_park
http://www.meetup.com/cities/gb/37/carcroft/;Carcroft;carcroft
http://www.meetup.com/cities/gb/37/carlecotes/;Carlecotes;carlecotes
http://www.meetup.com/cities/gb/37/carlton/;Carlton;carlton
http://www.meetup.com/cities/gb/37/catcliffe/;Catcliffe;catcliffe
http://www.meetup.com/cities/gb/37/cawthorne/;Cawthorne;cawthorne
http://www.meetup.com/cities/gb/37/chapeltown/;Chapeltown;chapeltown
http://www.meetup.com/cities/gb/37/clayton/;Clayton;clayton
http://www.meetup.com/cities/gb/37/clifton/;Clifton;clifton
http://www.meetup.com/cities/gb/37/conisbrough/;Conisbrough;conisbrough
http://www.meetup.com/cities/gb/37/crane_moor/;Crane Moor;crane_moor
http://www.meetup.com/cities/gb/37/crow_edge/;Crow Edge;crow_edge
http://www.meetup.com/cities/gb/37/crystal_peaks/;Crystal Peaks;crystal_peaks
http://www.meetup.com/cities/gb/37/cubley/;Cubley;cubley
http://www.meetup.com/cities/gb/37/cudworth/;Cudworth;cudworth
http://www.meetup.com/cities/gb/37/cusworth/;Cusworth;cusworth
http://www.meetup.com/cities/gb/37/dalton/;Dalton;dalton
http://www.meetup.com/cities/gb/37/dalton_magna/;Dalton Magna;dalton_magna
http://www.meetup.com/cities/gb/37/darfield/;Darfield;darfield
http://www.meetup.com/cities/gb/37/darnall/;Darnall;darnall
http://www.meetup.com/cities/gb/37/deepcar/;Deepcar;deepcar
http://www.meetup.com/cities/gb/37/denaby_main/;Denaby Main;denaby_main
http://www.meetup.com/cities/gb/37/denaby_main_industrial_estate/;Denaby Main Industrial Estate;denaby_main_industrial_estate
http://www.meetup.com/cities/gb/37/dinnington/;Dinnington;dinnington
http://www.meetup.com/cities/gb/37/dodworth/;Dodworth;dodworth
http://www.meetup.com/cities/gb/37/doncaster/;Doncaster;doncaster
http://www.meetup.com/cities/gb/37/doncaster_finningley_airport/;Doncaster Finningley Airport;doncaster_finningley_airport
http://www.meetup.com/cities/gb/37/dore/;Dore;dore
http://www.meetup.com/cities/gb/37/drakeholes/;Drakeholes;drakeholes
http://www.meetup.com/cities/gb/37/dunford_bridge/;Dunford Bridge;dunford_bridge
http://www.meetup.com/cities/gb/37/dungworth/;Dungworth;dungworth
http://www.meetup.com/cities/gb/37/dunscroft/;Dunscroft;dunscroft
http://www.meetup.com/cities/gb/37/dunsville/;Dunsville;dunsville
http://www.meetup.com/cities/gb/37/eastwood_trading_estate/;Eastwood Trading Estate;eastwood_trading_estate
http://www.meetup.com/cities/gb/37/ecclesfield/;Ecclesfield;ecclesfield
http://www.meetup.com/cities/gb/37/edenthorpe/;Edenthorpe;edenthorpe
http://www.meetup.com/cities/gb/37/edlington/;Edlington;edlington
http://www.meetup.com/cities/gb/37/elsecar/;Elsecar;elsecar
http://www.meetup.com/cities/gb/37/everton/;Everton;everton
http://www.meetup.com/cities/gb/37/fenwick/;Fenwick;fenwick
http://www.meetup.com/cities/gb/37/finningley/;Finningley;finningley
http://www.meetup.com/cities/gb/37/firbeck/;Firbeck;firbeck
http://www.meetup.com/cities/gb/37/fishlake/;Fishlake;fishlake
http://www.meetup.com/cities/gb/37/flanderwell/;Flanderwell;flanderwell
http://www.meetup.com/cities/gb/37/fosterhouses/;Fosterhouses;fosterhouses
http://www.meetup.com/cities/gb/37/frickley/;Frickley;frickley
http://www.meetup.com/cities/gb/37/gawber/;Gawber;gawber
http://www.meetup.com/cities/gb/37/gildingwells/;Gildingwells;gildingwells
http://www.meetup.com/cities/gb/37/goldthorpe/;Goldthorpe;goldthorpe
http://www.meetup.com/cities/gb/37/greasbrough/;Greasbrough;greasbrough
http://www.meetup.com/cities/gb/37/great_houghton/;Great Houghton;great_houghton
http://www.meetup.com/cities/gb/37/greenhill/;Greenhill;greenhill
http://www.meetup.com/cities/gb/37/green_moor/;Green Moor;green_moor
http://www.meetup.com/cities/gb/37/grenoside/;Grenoside;grenoside
http://www.meetup.com/cities/gb/37/grimesthorpe/;Grimesthorpe;grimesthorpe
http://www.meetup.com/cities/gb/37/grimethorpe/;Grimethorpe;grimethorpe
http://www.meetup.com/cities/gb/37/gringley-on-the-hill/;Gringley-on-the-Hill;gringley-on-the-hill
http://www.meetup.com/cities/gb/37/hackenthorpe/;Hackenthorpe;hackenthorpe
http://www.meetup.com/cities/gb/37/halfway/;Halfway;halfway
http://www.meetup.com/cities/gb/37/hampole/;Hampole;hampole
http://www.meetup.com/cities/gb/37/handsworth/;Handsworth;handsworth
http://www.meetup.com/cities/gb/37/harley/;Harley;harley
http://www.meetup.com/cities/gb/37/harlington/;Harlington;harlington
http://www.meetup.com/cities/gb/37/harthill/;Harthill;harthill
http://www.meetup.com/cities/gb/37/harwell/;Harwell;harwell
http://www.meetup.com/cities/gb/37/harworth/;Harworth;harworth
http://www.meetup.com/cities/gb/37/hatfield/;Hatfield;hatfield
http://www.meetup.com/cities/gb/37/hatfield_woodhouse/;Hatfield Woodhouse;hatfield_woodhouse
http://www.meetup.com/cities/gb/37/haxey/;Haxey;haxey
http://www.meetup.com/cities/gb/37/hazlehead/;Hazlehead;hazlehead
http://www.meetup.com/cities/gb/37/heeley/;Heeley;heeley
http://www.meetup.com/cities/gb/37/hellaby/;Hellaby;hellaby
http://www.meetup.com/cities/gb/37/hemingfield/;Hemingfield;hemingfield
http://www.meetup.com/cities/gb/37/hesley/;Hesley;hesley
http://www.meetup.com/cities/gb/37/hickleton/;Hickleton;hickleton
http://www.meetup.com/cities/gb/37/higham/;Higham;higham
http://www.meetup.com/cities/gb/37/higher_stubbin/;Higher Stubbin;higher_stubbin
http://www.meetup.com/cities/gb/37/highfields/;Highfields;highfields
http://www.meetup.com/cities/gb/37/high_green/;High Green;high_green
http://www.meetup.com/cities/gb/37/high_hoyland/;High Hoyland;high_hoyland
http://www.meetup.com/cities/gb/37/high_melton/;High Melton;high_melton
http://www.meetup.com/cities/gb/37/holbrook/;Holbrook;holbrook
http://www.meetup.com/cities/gb/37/holbrook_industrial_estate/;Holbrook Industrial Estate;holbrook_industrial_estate
http://www.meetup.com/cities/gb/37/holdworth/;Holdworth;holdworth
http://www.meetup.com/cities/gb/37/hollow_meadows/;Hollow Meadows;hollow_meadows
http://www.meetup.com/cities/gb/37/holme/;Holme;holme
http://www.meetup.com/cities/gb/37/hoober/;Hoober;hoober
http://www.meetup.com/cities/gb/37/hood_green/;Hood Green;hood_green
http://www.meetup.com/cities/gb/37/hooton_levitt/;Hooton Levitt;hooton_levitt
http://www.meetup.com/cities/gb/37/hooton_pagnell/;Hooton Pagnell;hooton_pagnell
http://www.meetup.com/cities/gb/37/hooton_roberts/;Hooton Roberts;hooton_roberts
http://www.meetup.com/cities/gb/37/howbrook/;Howbrook;howbrook
http://www.meetup.com/cities/gb/37/hoyland/;Hoyland;hoyland
http://www.meetup.com/cities/gb/37/hoylandswaine/;Hoylandswaine;hoylandswaine
http://www.meetup.com/cities/gb/37/hyde_park/;Hyde Park;hyde_park
http://www.meetup.com/cities/gb/37/ingbirchworth/;Ingbirchworth;ingbirchworth
http://www.meetup.com/cities/gb/37/intake/;Intake;intake
http://www.meetup.com/cities/gb/37/jump/;Jump;jump
http://www.meetup.com/cities/gb/37/kendray/;Kendray;kendray
http://www.meetup.com/cities/gb/37/kilnhurst/;Kilnhurst;kilnhurst
http://www.meetup.com/cities/gb/37/kimberworth/;Kimberworth;kimberworth
http://www.meetup.com/cities/gb/37/kingston/;Kingston;kingston
http://www.meetup.com/cities/gb/37/kirk_bramwith/;Kirk Bramwith;kirk_bramwith
http://www.meetup.com/cities/gb/37/kirkhouse_green/;Kirkhouse Green;kirkhouse_green
http://www.meetup.com/cities/gb/37/kirk_sandall/;Kirk Sandall;kirk_sandall
http://www.meetup.com/cities/gb/37/kirk_sandall_industrial_estate/;Kirk Sandall Industrial Estate;kirk_sandall_industrial_estate
http://www.meetup.com/cities/gb/37/kirk_smeaton/;Kirk Smeaton;kirk_smeaton
http://www.meetup.com/cities/gb/37/kiveton_park/;Kiveton Park;kiveton_park
http://www.meetup.com/cities/gb/37/kiveton_park_station/;Kiveton Park Station;kiveton_park_station
http://www.meetup.com/cities/gb/37/laughton/;Laughton;laughton
http://www.meetup.com/cities/gb/37/laughton_common/;Laughton Common;laughton_common
http://www.meetup.com/cities/gb/37/letwell/;Letwell;letwell
http://www.meetup.com/cities/gb/37/levitt_hagg/;Levitt Hagg;levitt_hagg
http://www.meetup.com/cities/gb/37/lindholme/;Lindholme;lindholme
http://www.meetup.com/cities/gb/37/lindrick_common/;Lindrick Common;lindrick_common
http://www.meetup.com/cities/gb/37/lindrick_dale/;Lindrick Dale;lindrick_dale
http://www.meetup.com/cities/gb/37/little_houghton/;Little Houghton;little_houghton
http://www.meetup.com/cities/gb/37/little_owston/;Little Owston;little_owston
http://www.meetup.com/cities/gb/37/long_sandall/;Long Sandall;long_sandall
http://www.meetup.com/cities/gb/37/loversall/;Loversall;loversall
http://www.meetup.com/cities/gb/37/low_bradfield/;Low Bradfield;low_bradfield
http://www.meetup.com/cities/gb/37/lower_pilley/;Lower Pilley;lower_pilley
http://www.meetup.com/cities/gb/37/low_holdworth/;Low Holdworth;low_holdworth
http://www.meetup.com/cities/gb/37/low_laithes/;Low Laithes;low_laithes
http://www.meetup.com/cities/gb/37/low_stubbin/;Low Stubbin;low_stubbin
http://www.meetup.com/cities/gb/37/low_valley/;Low Valley;low_valley
http://www.meetup.com/cities/gb/37/loxley/;Loxley;loxley
http://www.meetup.com/cities/gb/37/lundwood/;Lundwood;lundwood
http://www.meetup.com/cities/gb/37/maltby/;Maltby;maltby
http://www.meetup.com/cities/gb/37/manvers/;Manvers;manvers
http://www.meetup.com/cities/gb/37/mapplewell/;Mapplewell;mapplewell
http://www.meetup.com/cities/gb/37/marr/;Marr;marr
http://www.meetup.com/cities/gb/37/mattersey/;Mattersey;mattersey
http://www.meetup.com/cities/gb/37/mattersey_thorpe/;Mattersey Thorpe;mattersey_thorpe
http://www.meetup.com/cities/gb/37/melton_brand/;Melton Brand;melton_brand
http://www.meetup.com/cities/gb/37/mexborough/;Mexborough;mexborough
http://www.meetup.com/cities/gb/37/micklebring/;Micklebring;micklebring
http://www.meetup.com/cities/gb/37/midhopestones/;Midhopestones;midhopestones
http://www.meetup.com/cities/gb/37/millhouse_green/;Millhouse Green;millhouse_green
http://www.meetup.com/cities/gb/37/misson/;Misson;misson
http://www.meetup.com/cities/gb/37/misson_springs/;Misson Springs;misson_springs
http://www.meetup.com/cities/gb/37/misterton/;Misterton;misterton
http://www.meetup.com/cities/gb/37/monk_bretton/;Monk Bretton;monk_bretton
http://www.meetup.com/cities/gb/37/moorends/;Moorends;moorends
http://www.meetup.com/cities/gb/37/moorhouse/;Moorhouse;moorhouse
http://www.meetup.com/cities/gb/37/morthen/;Morthen;morthen
http://www.meetup.com/cities/gb/37/mosborough/;Mosborough;mosborough
http://www.meetup.com/cities/gb/37/moss/;Moss;moss
http://www.meetup.com/cities/gb/37/nether_cantley/;Nether Cantley;nether_cantley
http://www.meetup.com/cities/gb/37/nether_haugh/;Nether Haugh;nether_haugh
http://www.meetup.com/cities/gb/37/netherthorpe/;Netherthorpe;netherthorpe
http://www.meetup.com/cities/gb/37/newington/;Newington;newington
http://www.meetup.com/cities/gb/37/new_lodge/;New Lodge;new_lodge
http://www.meetup.com/cities/gb/37/new_rossington/;New Rossington;new_rossington
http://www.meetup.com/cities/gb/37/newton/;Newton;newton
http://www.meetup.com/cities/gb/37/north_anston/;North Anston;north_anston
http://www.meetup.com/cities/gb/37/north_anston_trading_estate/;North Anston Trading Estate;north_anston_trading_estate
http://www.meetup.com/cities/gb/37/norton/;Norton;norton
http://www.meetup.com/cities/gb/37/old_denaby/;Old Denaby;old_denaby
http://www.meetup.com/cities/gb/37/old_edlington/;Old Edlington;old_edlington
http://www.meetup.com/cities/gb/37/old_skellow/;Old Skellow;old_skellow
http://www.meetup.com/cities/gb/37/oughtibridge/;Oughtibridge;oughtibridge
http://www.meetup.com/cities/gb/37/owlthorpe/;Owlthorpe;owlthorpe
http://www.meetup.com/cities/gb/37/owston/;Owston;owston
http://www.meetup.com/cities/gb/37/oxspring/;Oxspring;oxspring
http://www.meetup.com/cities/gb/37/parkgate/;Parkgate;parkgate
http://www.meetup.com/cities/gb/37/penistone/;Penistone;penistone
http://www.meetup.com/cities/gb/37/pickburn/;Pickburn;pickburn
http://www.meetup.com/cities/gb/37/rainstorth/;Rainstorth;rainstorth
http://www.meetup.com/cities/gb/37/ravenfield/;Ravenfield;ravenfield
http://www.meetup.com/cities/gb/37/rawmarsh/;Rawmarsh;rawmarsh
http://www.meetup.com/cities/gb/37/ridgeway/;Ridgeway;ridgeway
http://www.meetup.com/cities/gb/37/rivelin/;Rivelin;rivelin
http://www.meetup.com/cities/gb/37/roche_abbey/;Roche Abbey;roche_abbey
http://www.meetup.com/cities/gb/37/rossington/;Rossington;rossington
http://www.meetup.com/cities/gb/37/rotherham/;Rotherham;rotherham
http://www.meetup.com/cities/gb/37/roughbirchworth/;Roughbirchworth;roughbirchworth
http://www.meetup.com/cities/gb/37/sandtoft/;Sandtoft;sandtoft
http://www.meetup.com/cities/gb/37/scaftworth/;Scaftworth;scaftworth
http://www.meetup.com/cities/gb/37/scawsby/;Scawsby;scawsby
http://www.meetup.com/cities/gb/37/scawthorpe/;Scawthorpe;scawthorpe
http://www.meetup.com/cities/gb/37/scholes/;Scholes;scholes
http://www.meetup.com/cities/gb/37/scrooby/;Scrooby;scrooby
http://www.meetup.com/cities/gb/37/scrooby_top/;Scrooby Top;scrooby_top
http://www.meetup.com/cities/gb/37/serlby/;Serlby;serlby
http://www.meetup.com/cities/gb/37/shafton/;Shafton;shafton
http://www.meetup.com/cities/gb/37/sheffield/;Sheffield;sheffield
http://www.meetup.com/cities/gb/37/shireoaks/;Shireoaks;shireoaks
http://www.meetup.com/cities/gb/37/silkstone/;Silkstone;silkstone
http://www.meetup.com/cities/gb/37/silkstone_common/;Silkstone Common;silkstone_common
http://www.meetup.com/cities/gb/37/skelbrooke/;Skelbrooke;skelbrooke
http://www.meetup.com/cities/gb/37/skellow/;Skellow;skellow
http://www.meetup.com/cities/gb/37/slade_hooton/;Slade Hooton;slade_hooton
http://www.meetup.com/cities/gb/37/smithies/;Smithies;smithies
http://www.meetup.com/cities/gb/37/snaith/;Snaith;snaith
http://www.meetup.com/cities/gb/37/snowden_hill/;Snowden Hill;snowden_hill
http://www.meetup.com/cities/gb/37/sothall/;Sothall;sothall
http://www.meetup.com/cities/gb/37/south_anston/;South Anston;south_anston
http://www.meetup.com/cities/gb/37/south_bramwith/;South Bramwith;south_bramwith
http://www.meetup.com/cities/gb/37/springvale/;Springvale;springvale
http://www.meetup.com/cities/gb/37/sprotbrough/;Sprotbrough;sprotbrough
http://www.meetup.com/cities/gb/37/stainborough/;Stainborough;stainborough
http://www.meetup.com/cities/gb/37/staincross/;Staincross;staincross
http://www.meetup.com/cities/gb/37/stainforth/;Stainforth;stainforth
http://www.meetup.com/cities/gb/37/stainton/;Stainton;stainton
http://www.meetup.com/cities/gb/37/stairfoot/;Stairfoot;stairfoot
http://www.meetup.com/cities/gb/37/stancil/;Stancil;stancil
http://www.meetup.com/cities/gb/37/stannington/;Stannington;stannington
http://www.meetup.com/cities/gb/37/stocksbridge/;Stocksbridge;stocksbridge
http://www.meetup.com/cities/gb/37/styrrup/;Styrrup;styrrup
http://www.meetup.com/cities/gb/37/sunnyside/;Sunnyside;sunnyside
http://www.meetup.com/cities/gb/37/sutton/;Sutton;sutton
http://www.meetup.com/cities/gb/37/swaithe/;Swaithe;swaithe
http://www.meetup.com/cities/gb/37/swallownest/;Swallownest;swallownest
http://www.meetup.com/cities/gb/37/swinton/;Swinton;swinton
http://www.meetup.com/cities/gb/37/sykehouse/;Sykehouse;sykehouse
http://www.meetup.com/cities/gb/37/tankersley/;Tankersley;tankersley
http://www.meetup.com/cities/gb/37/thorne/;Thorne;thorne
http://www.meetup.com/cities/gb/37/thorpe_hesley/;Thorpe Hesley;thorpe_hesley
http://www.meetup.com/cities/gb/37/thorpe_in_balne/;Thorpe in Balne;thorpe_in_balne
http://www.meetup.com/cities/gb/37/thorpe_salvin/;Thorpe Salvin;thorpe_salvin
http://www.meetup.com/cities/gb/37/thrybergh/;Thrybergh;thrybergh
http://www.meetup.com/cities/gb/37/thurcroft/;Thurcroft;thurcroft
http://www.meetup.com/cities/gb/37/thurgoland/;Thurgoland;thurgoland
http://www.meetup.com/cities/gb/37/thurlstone/;Thurlstone;thurlstone
http://www.meetup.com/cities/gb/37/thurnscoe/;Thurnscoe;thurnscoe
http://www.meetup.com/cities/gb/37/tickhill/;Tickhill;tickhill
http://www.meetup.com/cities/gb/37/tickhill_spital/;Tickhill Spital;tickhill_spital
http://www.meetup.com/cities/gb/37/tinsley/;Tinsley;tinsley
http://www.meetup.com/cities/gb/37/tinsley_industrial_estate/;Tinsley Industrial Estate;tinsley_industrial_estate
http://www.meetup.com/cities/gb/37/todwick/;Todwick;todwick
http://www.meetup.com/cities/gb/37/toll_bar/;Toll Bar;toll_bar
http://www.meetup.com/cities/gb/37/totley/;Totley;totley
http://www.meetup.com/cities/gb/37/totley_rise/;Totley Rise;totley_rise
http://www.meetup.com/cities/gb/37/treeton/;Treeton;treeton
http://www.meetup.com/cities/gb/37/trumfleet/;Trumfleet;trumfleet
http://www.meetup.com/cities/gb/37/ulley/;Ulley;ulley
http://www.meetup.com/cities/gb/37/upper_midhope/;Upper Midhope;upper_midhope
http://www.meetup.com/cities/gb/37/upper_whiston/;Upper Whiston;upper_whiston
http://www.meetup.com/cities/gb/37/wadworth/;Wadworth;wadworth
http://www.meetup.com/cities/gb/37/wadworth_bar/;Wadworth Bar;wadworth_bar
http://www.meetup.com/cities/gb/37/wales/;Wales;wales
http://www.meetup.com/cities/gb/37/wales_bar/;Wales Bar;wales_bar
http://www.meetup.com/cities/gb/37/walkeringham/;Walkeringham;walkeringham
http://www.meetup.com/cities/gb/37/walkley/;Walkley;walkley
http://www.meetup.com/cities/gb/37/warmsworth/;Warmsworth;warmsworth
http://www.meetup.com/cities/gb/37/waterthorpe/;Waterthorpe;waterthorpe
http://www.meetup.com/cities/gb/37/wath-upon-dearne/;Wath-upon-Dearne;wath-upon-dearne
http://www.meetup.com/cities/gb/37/wellingley/;Wellingley;wellingley
http://www.meetup.com/cities/gb/37/wentworth/;Wentworth;wentworth
http://www.meetup.com/cities/gb/37/westfield/;Westfield;westfield
http://www.meetup.com/cities/gb/37/west_stockwith/;West Stockwith;west_stockwith
http://www.meetup.com/cities/gb/37/westwoodside/;Westwoodside;westwoodside
http://www.meetup.com/cities/gb/37/wharncliffe_side/;Wharncliffe Side;wharncliffe_side
http://www.meetup.com/cities/gb/37/whiston/;Whiston;whiston
http://www.meetup.com/cities/gb/37/wickersley/;Wickersley;wickersley
http://www.meetup.com/cities/gb/37/wilsic/;Wilsic;wilsic
http://www.meetup.com/cities/gb/37/wincobank/;Wincobank;wincobank
http://www.meetup.com/cities/gb/37/wiseton/;Wiseton;wiseton
http://www.meetup.com/cities/gb/37/wombwell/;Wombwell;wombwell
http://www.meetup.com/cities/gb/37/womersley/;Womersley;womersley
http://www.meetup.com/cities/gb/37/woodall/;Woodall;woodall
http://www.meetup.com/cities/gb/37/woodhouse/;Woodhouse;woodhouse
http://www.meetup.com/cities/gb/37/woodhouse_mill/;Woodhouse Mill;woodhouse_mill
http://www.meetup.com/cities/gb/37/woodlands/;Woodlands;woodlands
http://www.meetup.com/cities/gb/37/woodsetts/;Woodsetts;woodsetts
http://www.meetup.com/cities/gb/37/worrall/;Worrall;worrall
http://www.meetup.com/cities/gb/37/worsbrough/;Worsbrough;worsbrough
http://www.meetup.com/cities/gb/37/worsbrough_bridge/;Worsbrough Bridge;worsbrough_bridge
http://www.meetup.com/cities/gb/37/worsbrough_common/;Worsbrough Common;worsbrough_common
http://www.meetup.com/cities/gb/37/worsbrough_dale/;Worsbrough Dale;worsbrough_dale
http://www.meetup.com/cities/gb/37/wortley/;Wortley;wortley
