http://www.meetup.com/cities/gb/m9/abbots_bromley/;Abbots Bromley;abbots_bromley
http://www.meetup.com/cities/gb/m9/acton/;Acton;acton
http://www.meetup.com/cities/gb/m9/acton_gate/;Acton Gate;acton_gate
http://www.meetup.com/cities/gb/m9/acton_hill/;Acton Hill;acton_hill
http://www.meetup.com/cities/gb/m9/acton_trussell/;Acton Trussell;acton_trussell
http://www.meetup.com/cities/gb/m9/adbaston/;Adbaston;adbaston
http://www.meetup.com/cities/gb/m9/admaston/;Admaston;admaston
http://www.meetup.com/cities/gb/m9/almington/;Almington;almington
http://www.meetup.com/cities/gb/m9/alrewas/;Alrewas;alrewas
http://www.meetup.com/cities/gb/m9/alsagers_bank/;Alsagers Bank;alsagers_bank
http://www.meetup.com/cities/gb/m9/alstonefield/;Alstonefield;alstonefield
http://www.meetup.com/cities/gb/m9/alton/;Alton;alton
http://www.meetup.com/cities/gb/m9/amerton/;Amerton;amerton
http://www.meetup.com/cities/gb/m9/amington/;Amington;amington
http://www.meetup.com/cities/gb/m9/anslow/;Anslow;anslow
http://www.meetup.com/cities/gb/m9/armitage/;Armitage;armitage
http://www.meetup.com/cities/gb/m9/ash_bank/;Ash Bank;ash_bank
http://www.meetup.com/cities/gb/m9/ashbourne/;Ashbourne;ashbourne
http://www.meetup.com/cities/gb/m9/ashley/;Ashley;ashley
http://www.meetup.com/cities/gb/m9/ashley_heath/;Ashley Heath;ashley_heath
http://www.meetup.com/cities/gb/m9/aston/;Aston;aston
http://www.meetup.com/cities/gb/m9/astonfields_industrial_estate/;Astonfields Industrial Estate;astonfields_industrial_estate
http://www.meetup.com/cities/gb/m9/audley/;Audley;audley
http://www.meetup.com/cities/gb/m9/baddeley_green/;Baddeley Green;baddeley_green
http://www.meetup.com/cities/gb/m9/bagnall/;Bagnall;bagnall
http://www.meetup.com/cities/gb/m9/baldwins_gate/;Baldwins Gate;baldwins_gate
http://www.meetup.com/cities/gb/m9/balterley/;Balterley;balterley
http://www.meetup.com/cities/gb/m9/bangley/;Bangley;bangley
http://www.meetup.com/cities/gb/m9/barlaston/;Barlaston;barlaston
http://www.meetup.com/cities/gb/m9/barton_under_needwood/;Barton under Needwood;barton_under_needwood
http://www.meetup.com/cities/gb/m9/basford/;Basford;basford
http://www.meetup.com/cities/gb/m9/basford_lane_industrial_estate/;Basford Lane Industrial Estate;basford_lane_industrial_estate
http://www.meetup.com/cities/gb/m9/beamhurst/;Beamhurst;beamhurst
http://www.meetup.com/cities/gb/m9/bednall/;Bednall;bednall
http://www.meetup.com/cities/gb/m9/bednall_head/;Bednall Head;bednall_head
http://www.meetup.com/cities/gb/m9/beech/;Beech;beech
http://www.meetup.com/cities/gb/m9/bellamour/;Bellamour;bellamour
http://www.meetup.com/cities/gb/m9/berryhill_trading_estate/;Berryhill Trading Estate;berryhill_trading_estate
http://www.meetup.com/cities/gb/m9/betley/;Betley;betley
http://www.meetup.com/cities/gb/m9/biddulph/;Biddulph;biddulph
http://www.meetup.com/cities/gb/m9/biddulph_moor/;Biddulph Moor;biddulph_moor
http://www.meetup.com/cities/gb/m9/bignall_end/;Bignall End;bignall_end
http://www.meetup.com/cities/gb/m9/billington/;Billington;billington
http://www.meetup.com/cities/gb/m9/bishops_offley/;Bishops Offley;bishops_offley
http://www.meetup.com/cities/gb/m9/bishops_wood/;Bishops Wood;bishops_wood
http://www.meetup.com/cities/gb/m9/blackbrook/;Blackbrook;blackbrook
http://www.meetup.com/cities/gb/m9/blackshaw_moor/;Blackshaw Moor;blackshaw_moor
http://www.meetup.com/cities/gb/m9/blithbury/;Blithbury;blithbury
http://www.meetup.com/cities/gb/m9/blore/;Blore;blore
http://www.meetup.com/cities/gb/m9/blore_heath/;Blore Heath;blore_heath
http://www.meetup.com/cities/gb/m9/blymhill/;Blymhill;blymhill
http://www.meetup.com/cities/gb/m9/blymhill_common/;Blymhill Common;blymhill_common
http://www.meetup.com/cities/gb/m9/blymhill_lawn/;Blymhill Lawn;blymhill_lawn
http://www.meetup.com/cities/gb/m9/blythe_bridge/;Blythe Bridge;blythe_bridge
http://www.meetup.com/cities/gb/m9/bobbington/;Bobbington;bobbington
http://www.meetup.com/cities/gb/m9/bolehall/;Bolehall;bolehall
http://www.meetup.com/cities/gb/m9/bonehill/;Bonehill;bonehill
http://www.meetup.com/cities/gb/m9/bottomhouse/;Bottomhouse;bottomhouse
http://www.meetup.com/cities/gb/m9/bowsey_wood/;Bowsey Wood;bowsey_wood
http://www.meetup.com/cities/gb/m9/bradley/;Bradley;bradley
http://www.meetup.com/cities/gb/m9/bradnop/;Bradnop;bradnop
http://www.meetup.com/cities/gb/m9/bradwell/;Bradwell;bradwell
http://www.meetup.com/cities/gb/m9/bramshall/;Bramshall;bramshall
http://www.meetup.com/cities/gb/m9/brancote/;Brancote;brancote
http://www.meetup.com/cities/gb/m9/branston/;Branston;branston
http://www.meetup.com/cities/gb/m9/brereton/;Brereton;brereton
http://www.meetup.com/cities/gb/m9/bretby/;Bretby;bretby
http://www.meetup.com/cities/gb/m9/brewood/;Brewood;brewood
http://www.meetup.com/cities/gb/m9/bridgtown/;Bridgtown;bridgtown
http://www.meetup.com/cities/gb/m9/brindley_ford/;Brindley Ford;brindley_ford
http://www.meetup.com/cities/gb/m9/brineton/;Brineton;brineton
http://www.meetup.com/cities/gb/m9/brinsford/;Brinsford;brinsford
http://www.meetup.com/cities/gb/m9/britannia_enterprise_park/;Britannia Enterprise Park;britannia_enterprise_park
http://www.meetup.com/cities/gb/m9/broad_heath/;Broad Heath;broad_heath
http://www.meetup.com/cities/gb/m9/brockhurst/;Brockhurst;brockhurst
http://www.meetup.com/cities/gb/m9/brocton/;Brocton;brocton
http://www.meetup.com/cities/gb/m9/brodder/;Brodder;brodder
http://www.meetup.com/cities/gb/m9/bromley_hayes/;Bromley Hayes;bromley_hayes
http://www.meetup.com/cities/gb/m9/bromley_hurst/;Bromley Hurst;bromley_hurst
http://www.meetup.com/cities/gb/m9/bromstead/;Bromstead;bromstead
http://www.meetup.com/cities/gb/m9/bromstead_common/;Bromstead Common;bromstead_common
http://www.meetup.com/cities/gb/m9/brookhouse_industrial_estate/;Brookhouse Industrial Estate;brookhouse_industrial_estate
http://www.meetup.com/cities/gb/m9/broomhill/;Broomhill;broomhill
http://www.meetup.com/cities/gb/m9/brown_edge/;Brown Edge;brown_edge
http://www.meetup.com/cities/gb/m9/brown_lees/;Brown Lees;brown_lees
http://www.meetup.com/cities/gb/m9/burleyfields/;Burleyfields;burleyfields
http://www.meetup.com/cities/gb/m9/burnhill_green/;Burnhill Green;burnhill_green
http://www.meetup.com/cities/gb/m9/burntwood/;Burntwood;burntwood
http://www.meetup.com/cities/gb/m9/burntwood_business_park/;Burntwood Business Park;burntwood_business_park
http://www.meetup.com/cities/gb/m9/burslem/;Burslem;burslem
http://www.meetup.com/cities/gb/m9/burston/;Burston;burston
http://www.meetup.com/cities/gb/m9/burton-on-trent/;Burton-on-Trent;burton-on-trent
http://www.meetup.com/cities/gb/m9/butterbank/;Butterbank;butterbank
http://www.meetup.com/cities/gb/m9/butterton/;Butterton;butterton
http://www.meetup.com/cities/gb/m9/butterton_moor/;Butterton Moor;butterton_moor
http://www.meetup.com/cities/gb/m9/calf_heath/;Calf Heath;calf_heath
http://www.meetup.com/cities/gb/m9/calton/;Calton;calton
http://www.meetup.com/cities/gb/m9/calton_moor/;Calton Moor;calton_moor
http://www.meetup.com/cities/gb/m9/calwich/;Calwich;calwich
http://www.meetup.com/cities/gb/m9/cannock/;Cannock;cannock
http://www.meetup.com/cities/gb/m9/cannock_wood/;Cannock Wood;cannock_wood
http://www.meetup.com/cities/gb/m9/cauldon/;Cauldon;cauldon
http://www.meetup.com/cities/gb/m9/cauldon_low/;Cauldon Low;cauldon_low
http://www.meetup.com/cities/gb/m9/caverswall/;Caverswall;caverswall
http://www.meetup.com/cities/gb/m9/centrum_one_hundred/;Centrum One Hundred;centrum_one_hundred
http://www.meetup.com/cities/gb/m9/chadsmoor/;Chadsmoor;chadsmoor
http://www.meetup.com/cities/gb/m9/chapel_chorlton/;Chapel Chorlton;chapel_chorlton
http://www.meetup.com/cities/gb/m9/chartley/;Chartley;chartley
http://www.meetup.com/cities/gb/m9/chase_terrace/;Chase Terrace;chase_terrace
http://www.meetup.com/cities/gb/m9/chasetown/;Chasetown;chasetown
http://www.meetup.com/cities/gb/m9/chatcull/;Chatcull;chatcull
http://www.meetup.com/cities/gb/m9/cheadle/;Cheadle;cheadle
http://www.meetup.com/cities/gb/m9/chebsey/;Chebsey;chebsey
http://www.meetup.com/cities/gb/m9/checkley/;Checkley;checkley
http://www.meetup.com/cities/gb/m9/cheddleton/;Cheddleton;cheddleton
http://www.meetup.com/cities/gb/m9/cheslyn_hay/;Cheslyn Hay;cheslyn_hay
http://www.meetup.com/cities/gb/m9/chesterton/;Chesterton;chesterton
http://www.meetup.com/cities/gb/m9/chorley/;Chorley;chorley
http://www.meetup.com/cities/gb/m9/churchbridge/;Churchbridge;churchbridge
http://www.meetup.com/cities/gb/m9/church_eaton/;Church Eaton;church_eaton
http://www.meetup.com/cities/gb/m9/church_lawton/;Church Lawton;church_lawton
http://www.meetup.com/cities/gb/m9/church_leigh/;Church Leigh;church_leigh
http://www.meetup.com/cities/gb/m9/churnetside_business_park/;Churnetside Business Park;churnetside_business_park
http://www.meetup.com/cities/gb/m9/clayton/;Clayton;clayton
http://www.meetup.com/cities/gb/m9/clifton_campville/;Clifton Campville;clifton_campville
http://www.meetup.com/cities/gb/m9/codsall_wood/;Codsall Wood;codsall_wood
http://www.meetup.com/cities/gb/m9/cold_meece/;Cold Meece;cold_meece
http://www.meetup.com/cities/gb/m9/coley/;Coley;coley
http://www.meetup.com/cities/gb/m9/colton/;Colton;colton
http://www.meetup.com/cities/gb/m9/colwich/;Colwich;colwich
http://www.meetup.com/cities/gb/m9/comberford/;Comberford;comberford
http://www.meetup.com/cities/gb/m9/combridge/;Combridge;combridge
http://www.meetup.com/cities/gb/m9/congleton/;Congleton;congleton
http://www.meetup.com/cities/gb/m9/copmere_end/;Copmere End;copmere_end
http://www.meetup.com/cities/gb/m9/coppenhall/;Coppenhall;coppenhall
http://www.meetup.com/cities/gb/m9/cotes_heath/;Cotes Heath;cotes_heath
http://www.meetup.com/cities/gb/m9/coton_clanford/;Coton Clanford;coton_clanford
http://www.meetup.com/cities/gb/m9/coton_hayes/;Coton Hayes;coton_hayes
http://www.meetup.com/cities/gb/m9/coton-in-the-clay/;Coton-in-the-Clay;coton-in-the-clay
http://www.meetup.com/cities/gb/m9/cotton/;Cotton;cotton
http://www.meetup.com/cities/gb/m9/cotwalton/;Cotwalton;cotwalton
http://www.meetup.com/cities/gb/m9/coven/;Coven;coven
http://www.meetup.com/cities/gb/m9/coven_heath/;Coven Heath;coven_heath
http://www.meetup.com/cities/gb/m9/crakemarsh/;Crakemarsh;crakemarsh
http://www.meetup.com/cities/gb/m9/cresswell/;Cresswell;cresswell
http://www.meetup.com/cities/gb/m9/creswell/;Creswell;creswell
http://www.meetup.com/cities/gb/m9/crewe/;Crewe;crewe
http://www.meetup.com/cities/gb/m9/cross_green/;Cross Green;cross_green
http://www.meetup.com/cities/gb/m9/cross_heath/;Cross Heath;cross_heath
http://www.meetup.com/cities/gb/m9/croxall/;Croxall;croxall
http://www.meetup.com/cities/gb/m9/croxden/;Croxden;croxden
http://www.meetup.com/cities/gb/m9/croxton/;Croxton;croxton
http://www.meetup.com/cities/gb/m9/curborough/;Curborough;curborough
http://www.meetup.com/cities/gb/m9/dapple_heath/;Dapple Heath;dapple_heath
http://www.meetup.com/cities/gb/m9/dayhills/;Dayhills;dayhills
http://www.meetup.com/cities/gb/m9/denford/;Denford;denford
http://www.meetup.com/cities/gb/m9/denstone/;Denstone;denstone
http://www.meetup.com/cities/gb/m9/derrington/;Derrington;derrington
http://www.meetup.com/cities/gb/m9/dilhorne/;Dilhorne;dilhorne
http://www.meetup.com/cities/gb/m9/dimmingsdale/;Dimmingsdale;dimmingsdale
http://www.meetup.com/cities/gb/m9/dovefields_industrial_estate/;Dovefields Industrial Estate;dovefields_industrial_estate
http://www.meetup.com/cities/gb/m9/doveleys/;Doveleys;doveleys
http://www.meetup.com/cities/gb/m9/drakelow/;Drakelow;drakelow
http://www.meetup.com/cities/gb/m9/draycott/;Draycott;draycott
http://www.meetup.com/cities/gb/m9/draycott-in-the-clay/;Draycott-in-the-Clay;draycott-in-the-clay
http://www.meetup.com/cities/gb/m9/drayton_bassett/;Drayton Bassett;drayton_bassett
http://www.meetup.com/cities/gb/m9/dresden/;Dresden;dresden
http://www.meetup.com/cities/gb/m9/drointon/;Drointon;drointon
http://www.meetup.com/cities/gb/m9/dunstall/;Dunstall;dunstall
http://www.meetup.com/cities/gb/m9/dunston/;Dunston;dunston
http://www.meetup.com/cities/gb/m9/dunston_heath/;Dunston Heath;dunston_heath
http://www.meetup.com/cities/gb/m9/dunwood/;Dunwood;dunwood
http://www.meetup.com/cities/gb/m9/eccleshall/;Eccleshall;eccleshall
http://www.meetup.com/cities/gb/m9/ecton/;Ecton;ecton
http://www.meetup.com/cities/gb/m9/edingale/;Edingale;edingale
http://www.meetup.com/cities/gb/m9/elford/;Elford;elford
http://www.meetup.com/cities/gb/m9/ellastone/;Ellastone;ellastone
http://www.meetup.com/cities/gb/m9/ellenhall/;Ellenhall;ellenhall
http://www.meetup.com/cities/gb/m9/ellerton/;Ellerton;ellerton
http://www.meetup.com/cities/gb/m9/elmhurst/;Elmhurst;elmhurst
http://www.meetup.com/cities/gb/m9/endon/;Endon;endon
http://www.meetup.com/cities/gb/m9/enson/;Enson;enson
http://www.meetup.com/cities/gb/m9/enville/;Enville;enville
http://www.meetup.com/cities/gb/m9/etruria/;Etruria;etruria
http://www.meetup.com/cities/gb/m9/fair_oak/;Fair Oak;fair_oak
http://www.meetup.com/cities/gb/m9/farewell/;Farewell;farewell
http://www.meetup.com/cities/gb/m9/fazeley/;Fazeley;fazeley
http://www.meetup.com/cities/gb/m9/fenton_industrial_estate/;Fenton Industrial Estate;fenton_industrial_estate
http://www.meetup.com/cities/gb/m9/field/;Field;field
http://www.meetup.com/cities/gb/m9/fisherwick_wood/;Fisherwick Wood;fisherwick_wood
http://www.meetup.com/cities/gb/m9/flashbrook/;Flashbrook;flashbrook
http://www.meetup.com/cities/gb/m9/fole/;Fole;fole
http://www.meetup.com/cities/gb/m9/footherley/;Footherley;footherley
http://www.meetup.com/cities/gb/m9/ford/;Ford;ford
http://www.meetup.com/cities/gb/m9/forsbrook/;Forsbrook;forsbrook
http://www.meetup.com/cities/gb/m9/forton/;Forton;forton
http://www.meetup.com/cities/gb/m9/four_ashes/;Four Ashes;four_ashes
http://www.meetup.com/cities/gb/m9/four_ashes_industrial_estate/;Four Ashes Industrial Estate;four_ashes_industrial_estate
http://www.meetup.com/cities/gb/m9/four_crosses/;Four Crosses;four_crosses
http://www.meetup.com/cities/gb/m9/foxt/;Foxt;foxt
http://www.meetup.com/cities/gb/m9/fradley/;Fradley;fradley
http://www.meetup.com/cities/gb/m9/fradley_park/;Fradley Park;fradley_park
http://www.meetup.com/cities/gb/m9/fradswell/;Fradswell;fradswell
http://www.meetup.com/cities/gb/m9/freehay/;Freehay;freehay
http://www.meetup.com/cities/gb/m9/froghall/;Froghall;froghall
http://www.meetup.com/cities/gb/m9/fulford/;Fulford;fulford
http://www.meetup.com/cities/gb/m9/gailey/;Gailey;gailey
http://www.meetup.com/cities/gb/m9/gayton/;Gayton;gayton
http://www.meetup.com/cities/gb/m9/gentleshaw/;Gentleshaw;gentleshaw
http://www.meetup.com/cities/gb/m9/gillow_heath/;Gillow Heath;gillow_heath
http://www.meetup.com/cities/gb/m9/glascote/;Glascote;glascote
http://www.meetup.com/cities/gb/m9/gnosall/;Gnosall;gnosall
http://www.meetup.com/cities/gb/m9/gorsty_hill/;Gorsty Hill;gorsty_hill
http://www.meetup.com/cities/gb/m9/gratwich/;Gratwich;gratwich
http://www.meetup.com/cities/gb/m9/great_bridgeford/;Great Bridgeford;great_bridgeford
http://www.meetup.com/cities/gb/m9/great_chatwell/;Great Chatwell;great_chatwell
http://www.meetup.com/cities/gb/m9/great_haywood/;Great Haywood;great_haywood
http://www.meetup.com/cities/gb/m9/great_moor/;Great Moor;great_moor
http://www.meetup.com/cities/gb/m9/great_saredon/;Great Saredon;great_saredon
http://www.meetup.com/cities/gb/m9/great_wyrley/;Great Wyrley;great_wyrley
http://www.meetup.com/cities/gb/m9/grindley/;Grindley;grindley
http://www.meetup.com/cities/gb/m9/grindon/;Grindon;grindon
http://www.meetup.com/cities/gb/m9/hales/;Hales;hales
http://www.meetup.com/cities/gb/m9/halmer_end/;Halmer End;halmer_end
http://www.meetup.com/cities/gb/m9/hamley_heath/;Hamley Heath;hamley_heath
http://www.meetup.com/cities/gb/m9/hammerwich/;Hammerwich;hammerwich
http://www.meetup.com/cities/gb/m9/hamstall_ridware/;Hamstall Ridware;hamstall_ridware
http://www.meetup.com/cities/gb/m9/hanbury/;Hanbury;hanbury
http://www.meetup.com/cities/gb/m9/hanch/;Hanch;hanch
http://www.meetup.com/cities/gb/m9/hanchurch/;Hanchurch;hanchurch
http://www.meetup.com/cities/gb/m9/handsacre/;Handsacre;handsacre
http://www.meetup.com/cities/gb/m9/hanley/;Hanley;hanley
http://www.meetup.com/cities/gb/m9/harlaston/;Harlaston;harlaston
http://www.meetup.com/cities/gb/m9/harriseahead/;Harriseahead;harriseahead
http://www.meetup.com/cities/gb/m9/hartington/;Hartington;hartington
http://www.meetup.com/cities/gb/m9/hatherton/;Hatherton;hatherton
http://www.meetup.com/cities/gb/m9/hatton/;Hatton;hatton
http://www.meetup.com/cities/gb/m9/haughton/;Haughton;haughton
http://www.meetup.com/cities/gb/m9/haunton/;Haunton;haunton
http://www.meetup.com/cities/gb/m9/hazel_slade/;Hazel Slade;hazel_slade
http://www.meetup.com/cities/gb/m9/heath_hayes/;Heath Hayes;heath_hayes
http://www.meetup.com/cities/gb/m9/hednesford/;Hednesford;hednesford
http://www.meetup.com/cities/gb/m9/hem_heath/;Hem Heath;hem_heath
http://www.meetup.com/cities/gb/m9/hempmill_brook/;Hempmill Brook;hempmill_brook
http://www.meetup.com/cities/gb/m9/high_carr_business_park/;High Carr Business Park;high_carr_business_park
http://www.meetup.com/cities/gb/m9/high_offley/;High Offley;high_offley
http://www.meetup.com/cities/gb/m9/highwood/;Highwood;highwood
http://www.meetup.com/cities/gb/m9/hilderstone/;Hilderstone;hilderstone
http://www.meetup.com/cities/gb/m9/hill_chorlton/;Hill Chorlton;hill_chorlton
http://www.meetup.com/cities/gb/m9/hill_ridware/;Hill Ridware;hill_ridware
http://www.meetup.com/cities/gb/m9/hilton/;Hilton;hilton
http://www.meetup.com/cities/gb/m9/himley/;Himley;himley
http://www.meetup.com/cities/gb/m9/hints/;Hints;hints
http://www.meetup.com/cities/gb/m9/hixon/;Hixon;hixon
http://www.meetup.com/cities/gb/m9/hoar_cross/;Hoar Cross;hoar_cross
http://www.meetup.com/cities/gb/m9/hockley/;Hockley;hockley
http://www.meetup.com/cities/gb/m9/hollington/;Hollington;hollington
http://www.meetup.com/cities/gb/m9/hollinsclough/;Hollinsclough;hollinsclough
http://www.meetup.com/cities/gb/m9/hollywood/;Hollywood;hollywood
http://www.meetup.com/cities/gb/m9/hookgate/;Hookgate;hookgate
http://www.meetup.com/cities/gb/m9/hopton/;Hopton;hopton
http://www.meetup.com/cities/gb/m9/hopwas/;Hopwas;hopwas
http://www.meetup.com/cities/gb/m9/horton/;Horton;horton
http://www.meetup.com/cities/gb/m9/hot_lane_industrial_estate/;Hot Lane Industrial Estate;hot_lane_industrial_estate
http://www.meetup.com/cities/gb/m9/huddlesford/;Huddlesford;huddlesford
http://www.meetup.com/cities/gb/m9/hulme/;Hulme;hulme
http://www.meetup.com/cities/gb/m9/hulme_end/;Hulme End;hulme_end
http://www.meetup.com/cities/gb/m9/hulme_village/;Hulme Village;hulme_village
http://www.meetup.com/cities/gb/m9/huntington/;Huntington;huntington
http://www.meetup.com/cities/gb/m9/hyde_lea/;Hyde Lea;hyde_lea
http://www.meetup.com/cities/gb/m9/ilam/;Ilam;ilam
http://www.meetup.com/cities/gb/m9/ingestre/;Ingestre;ingestre
http://www.meetup.com/cities/gb/m9/ipstones/;Ipstones;ipstones
http://www.meetup.com/cities/gb/m9/iverley/;Iverley;iverley
http://www.meetup.com/cities/gb/m9/joiners_square_industrial_estate/;Joiners Square Industrial Estate;joiners_square_industrial_estate
http://www.meetup.com/cities/gb/m9/keele/;Keele;keele
http://www.meetup.com/cities/gb/m9/kemsey/;Kemsey;kemsey
http://www.meetup.com/cities/gb/m9/kettlebrook/;Kettlebrook;kettlebrook
http://www.meetup.com/cities/gb/m9/kiddlestitch/;Kiddlestitch;kiddlestitch
http://www.meetup.com/cities/gb/m9/kidsgrove/;Kidsgrove;kidsgrove
http://www.meetup.com/cities/gb/m9/kings_bromley/;Kings Bromley;kings_bromley
http://www.meetup.com/cities/gb/m9/kingsley/;Kingsley;kingsley
http://www.meetup.com/cities/gb/m9/kingsley_holt/;Kingsley Holt;kingsley_holt
http://www.meetup.com/cities/gb/m9/kingsley_moor/;Kingsley Moor;kingsley_moor
http://www.meetup.com/cities/gb/m9/kingstone/;Kingstone;kingstone
http://www.meetup.com/cities/gb/m9/kingswood/;Kingswood;kingswood
http://www.meetup.com/cities/gb/m9/knenhall/;Knenhall;knenhall
http://www.meetup.com/cities/gb/m9/knightley/;Knightley;knightley
http://www.meetup.com/cities/gb/m9/knighton/;Knighton;knighton
http://www.meetup.com/cities/gb/m9/knutton/;Knutton;knutton
http://www.meetup.com/cities/gb/m9/knypersley/;Knypersley;knypersley
http://www.meetup.com/cities/gb/m9/ladderedge/;Ladderedge;ladderedge
http://www.meetup.com/cities/gb/m9/lapley/;Lapley;lapley
http://www.meetup.com/cities/gb/m9/lask_edge/;Lask Edge;lask_edge
http://www.meetup.com/cities/gb/m9/lawnhead/;Lawnhead;lawnhead
http://www.meetup.com/cities/gb/m9/leek/;Leek;leek
http://www.meetup.com/cities/gb/m9/leigh/;Leigh;leigh
http://www.meetup.com/cities/gb/m9/levedale/;Levedale;levedale
http://www.meetup.com/cities/gb/m9/leycett/;Leycett;leycett
http://www.meetup.com/cities/gb/m9/lichfield/;Lichfield;lichfield
http://www.meetup.com/cities/gb/m9/light_oaks/;Light Oaks;light_oaks
http://www.meetup.com/cities/gb/m9/little_aston/;Little Aston;little_aston
http://www.meetup.com/cities/gb/m9/little_bridgeford/;Little Bridgeford;little_bridgeford
http://www.meetup.com/cities/gb/m9/little_hay/;Little Hay;little_hay
http://www.meetup.com/cities/gb/m9/little_haywood/;Little Haywood;little_haywood
http://www.meetup.com/cities/gb/m9/little_onn/;Little Onn;little_onn
http://www.meetup.com/cities/gb/m9/little_saredon/;Little Saredon;little_saredon
http://www.meetup.com/cities/gb/m9/littleworth/;Littleworth;littleworth
http://www.meetup.com/cities/gb/m9/loggerheads/;Loggerheads;loggerheads
http://www.meetup.com/cities/gb/m9/longbridge_hayes/;Longbridge Hayes;longbridge_hayes
http://www.meetup.com/cities/gb/m9/long_compton/;Long Compton;long_compton
http://www.meetup.com/cities/gb/m9/longdon/;Longdon;longdon
http://www.meetup.com/cities/gb/m9/longdon_green/;Longdon Green;longdon_green
http://www.meetup.com/cities/gb/m9/longnor/;Longnor;longnor
http://www.meetup.com/cities/gb/m9/longsdon/;Longsdon;longsdon
http://www.meetup.com/cities/gb/m9/longton/;Longton;longton
http://www.meetup.com/cities/gb/m9/lower_beighterton/;Lower Beighterton;lower_beighterton
http://www.meetup.com/cities/gb/m9/lower_leigh/;Lower Leigh;lower_leigh
http://www.meetup.com/cities/gb/m9/lower_loxley/;Lower Loxley;lower_loxley
http://www.meetup.com/cities/gb/m9/lower_penn/;Lower Penn;lower_penn
http://www.meetup.com/cities/gb/m9/lower_sutton/;Lower Sutton;lower_sutton
http://www.meetup.com/cities/gb/m9/lower_tean/;Lower Tean;lower_tean
http://www.meetup.com/cities/gb/m9/loxley/;Loxley;loxley
http://www.meetup.com/cities/gb/m9/loynton/;Loynton;loynton
http://www.meetup.com/cities/gb/m9/lymedale_business_park/;Lymedale Business Park;lymedale_business_park
http://www.meetup.com/cities/gb/m9/lynn/;Lynn;lynn
http://www.meetup.com/cities/gb/m9/madeley/;Madeley;madeley
http://www.meetup.com/cities/gb/m9/madeley_heath/;Madeley Heath;madeley_heath
http://www.meetup.com/cities/gb/m9/maer/;Maer;maer
http://www.meetup.com/cities/gb/m9/maer_heath/;Maer Heath;maer_heath
http://www.meetup.com/cities/gb/m9/marchington/;Marchington;marchington
http://www.meetup.com/cities/gb/m9/marchington_cliff/;Marchington Cliff;marchington_cliff
http://www.meetup.com/cities/gb/m9/market_drayton/;Market Drayton;market_drayton
http://www.meetup.com/cities/gb/m9/marston/;Marston;marston
http://www.meetup.com/cities/gb/m9/marston_gate/;Marston Gate;marston_gate
http://www.meetup.com/cities/gb/m9/mavesyn_ridware/;Mavesyn Ridware;mavesyn_ridware
http://www.meetup.com/cities/gb/m9/may_bank/;May Bank;may_bank
http://www.meetup.com/cities/gb/m9/mayfield/;Mayfield;mayfield
http://www.meetup.com/cities/gb/m9/meaford/;Meaford;meaford
http://www.meetup.com/cities/gb/m9/meerbrook/;Meerbrook;meerbrook
http://www.meetup.com/cities/gb/m9/meir_heath/;Meir Heath;meir_heath
http://www.meetup.com/cities/gb/m9/meretown/;Meretown;meretown
http://www.meetup.com/cities/gb/m9/middle_mayfield/;Middle Mayfield;middle_mayfield
http://www.meetup.com/cities/gb/m9/mile_oak/;Mile Oak;mile_oak
http://www.meetup.com/cities/gb/m9/milford/;Milford;milford
http://www.meetup.com/cities/gb/m9/mill_meece/;Mill Meece;mill_meece
http://www.meetup.com/cities/gb/m9/milwich/;Milwich;milwich
http://www.meetup.com/cities/gb/m9/milwich_heath/;Milwich Heath;milwich_heath
http://www.meetup.com/cities/gb/m9/minn_bank/;Minn Bank;minn_bank
http://www.meetup.com/cities/gb/m9/moddershall/;Moddershall;moddershall
http://www.meetup.com/cities/gb/m9/moreton/;Moreton;moreton
http://www.meetup.com/cities/gb/m9/moss_pit/;Moss Pit;moss_pit
http://www.meetup.com/cities/gb/m9/mow_cop/;Mow Cop;mow_cop
http://www.meetup.com/cities/gb/m9/mucklestone/;Mucklestone;mucklestone
http://www.meetup.com/cities/gb/m9/mucklestone_wood/;Mucklestone Wood;mucklestone_wood
http://www.meetup.com/cities/gb/m9/muckley_corner/;Muckley Corner;muckley_corner
http://www.meetup.com/cities/gb/m9/napley/;Napley;napley
http://www.meetup.com/cities/gb/m9/napley_heath/;Napley Heath;napley_heath
http://www.meetup.com/cities/gb/m9/needwood/;Needwood;needwood
http://www.meetup.com/cities/gb/m9/netherstowe/;Netherstowe;netherstowe
http://www.meetup.com/cities/gb/m9/newborough/;Newborough;newborough
http://www.meetup.com/cities/gb/m9/newcastle/;Newcastle;newcastle
http://www.meetup.com/cities/gb/m9/newchapel/;Newchapel;newchapel
http://www.meetup.com/cities/gb/m9/newport/;Newport;newport
http://www.meetup.com/cities/gb/m9/newton/;Newton;newton
http://www.meetup.com/cities/gb/m9/newton_hurst/;Newton Hurst;newton_hurst
http://www.meetup.com/cities/gb/m9/norbury/;Norbury;norbury
http://www.meetup.com/cities/gb/m9/norbury_junction/;Norbury Junction;norbury_junction
http://www.meetup.com/cities/gb/m9/norton_bridge/;Norton Bridge;norton_bridge
http://www.meetup.com/cities/gb/m9/norton_canes/;Norton Canes;norton_canes
http://www.meetup.com/cities/gb/m9/norton-in-hales/;Norton-in-Hales;norton-in-hales
http://www.meetup.com/cities/gb/m9/nurton/;Nurton;nurton
http://www.meetup.com/cities/gb/m9/oakamoor/;Oakamoor;oakamoor
http://www.meetup.com/cities/gb/m9/oaken/;Oaken;oaken
http://www.meetup.com/cities/gb/m9/oakley/;Oakley;oakley
http://www.meetup.com/cities/gb/m9/oakley_folly/;Oakley Folly;oakley_folly
http://www.meetup.com/cities/gb/m9/okeover/;Okeover;okeover
http://www.meetup.com/cities/gb/m9/old_springs/;Old Springs;old_springs
http://www.meetup.com/cities/gb/m9/onecote/;Onecote;onecote
http://www.meetup.com/cities/gb/m9/onneley/;Onneley;onneley
http://www.meetup.com/cities/gb/m9/orslow/;Orslow;orslow
http://www.meetup.com/cities/gb/m9/oulton/;Oulton;oulton
http://www.meetup.com/cities/gb/m9/oulton_heath/;Oulton Heath;oulton_heath
http://www.meetup.com/cities/gb/m9/outwoods/;Outwoods;outwoods
http://www.meetup.com/cities/gb/m9/packmoor/;Packmoor;packmoor
http://www.meetup.com/cities/gb/m9/parkhouse_industrial_estate_east/;Parkhouse Industrial Estate East;parkhouse_industrial_estate_east
http://www.meetup.com/cities/gb/m9/parkhouse_industrial_estate_west/;Parkhouse Industrial Estate West;parkhouse_industrial_estate_west
http://www.meetup.com/cities/gb/m9/parklands/;Parklands;parklands
http://www.meetup.com/cities/gb/m9/patshull_park/;Patshull Park;patshull_park
http://www.meetup.com/cities/gb/m9/pattingham/;Pattingham;pattingham
http://www.meetup.com/cities/gb/m9/peatswood/;Peatswood;peatswood
http://www.meetup.com/cities/gb/m9/penkridge/;Penkridge;penkridge
http://www.meetup.com/cities/gb/m9/perton/;Perton;perton
http://www.meetup.com/cities/gb/m9/pipehill/;Pipehill;pipehill
http://www.meetup.com/cities/gb/m9/porthill/;Porthill;porthill
http://www.meetup.com/cities/gb/m9/prestwood/;Prestwood;prestwood
http://www.meetup.com/cities/gb/m9/quarnford/;Quarnford;quarnford
http://www.meetup.com/cities/gb/m9/rangemore/;Rangemore;rangemore
http://www.meetup.com/cities/gb/m9/ranton/;Ranton;ranton
http://www.meetup.com/cities/gb/m9/red_bull/;Red Bull;red_bull
http://www.meetup.com/cities/gb/m9/red_street/;Red Street;red_street
http://www.meetup.com/cities/gb/m9/riley_hill/;Riley Hill;riley_hill
http://www.meetup.com/cities/gb/m9/rocester/;Rocester;rocester
http://www.meetup.com/cities/gb/m9/rolleston-on-dove/;Rolleston-on-Dove;rolleston-on-dove
http://www.meetup.com/cities/gb/m9/rookery/;Rookery;rookery
http://www.meetup.com/cities/gb/m9/rough_close/;Rough Close;rough_close
http://www.meetup.com/cities/gb/m9/rowhurst_industrial_estate/;Rowhurst Industrial Estate;rowhurst_industrial_estate
http://www.meetup.com/cities/gb/m9/rudyard/;Rudyard;rudyard
http://www.meetup.com/cities/gb/m9/rugeley/;Rugeley;rugeley
http://www.meetup.com/cities/gb/m9/rushton_james/;Rushton James;rushton_james
http://www.meetup.com/cities/gb/m9/rushton_spencer/;Rushton Spencer;rushton_spencer
http://www.meetup.com/cities/gb/m9/salt/;Salt;salt
http://www.meetup.com/cities/gb/m9/sandon/;Sandon;sandon
http://www.meetup.com/cities/gb/m9/sandon_bank/;Sandon Bank;sandon_bank
http://www.meetup.com/cities/gb/m9/sandyford/;Sandyford;sandyford
http://www.meetup.com/cities/gb/m9/saverley_green/;Saverley Green;saverley_green
http://www.meetup.com/cities/gb/m9/scot_hay/;Scot Hay;scot_hay
http://www.meetup.com/cities/gb/m9/scounslow_green/;Scounslow Green;scounslow_green
http://www.meetup.com/cities/gb/m9/seighford/;Seighford;seighford
http://www.meetup.com/cities/gb/m9/seisdon/;Seisdon;seisdon
http://www.meetup.com/cities/gb/m9/shallowford/;Shallowford;shallowford
http://www.meetup.com/cities/gb/m9/shareshill/;Shareshill;shareshill
http://www.meetup.com/cities/gb/m9/shebdon/;Shebdon;shebdon
http://www.meetup.com/cities/gb/m9/sheen/;Sheen;sheen
http://www.meetup.com/cities/gb/m9/shelton_under_harley/;Shelton under Harley;shelton_under_harley
http://www.meetup.com/cities/gb/m9/shenstone/;Shenstone;shenstone
http://www.meetup.com/cities/gb/m9/shenstone_wood_end/;Shenstone Wood End;shenstone_wood_end
http://www.meetup.com/cities/gb/m9/shifnal/;Shifnal;shifnal
http://www.meetup.com/cities/gb/m9/shipley/;Shipley;shipley
http://www.meetup.com/cities/gb/m9/shirleywich/;Shirleywich;shirleywich
http://www.meetup.com/cities/gb/m9/shugborough/;Shugborough;shugborough
http://www.meetup.com/cities/gb/m9/sidway/;Sidway;sidway
http://www.meetup.com/cities/gb/m9/silverdale/;Silverdale;silverdale
http://www.meetup.com/cities/gb/m9/six_ashes/;Six Ashes;six_ashes
http://www.meetup.com/cities/gb/m9/slade_heath/;Slade Heath;slade_heath
http://www.meetup.com/cities/gb/m9/slindon/;Slindon;slindon
http://www.meetup.com/cities/gb/m9/smallthorne/;Smallthorne;smallthorne
http://www.meetup.com/cities/gb/m9/snelston/;Snelston;snelston
http://www.meetup.com/cities/gb/m9/sneyd_green/;Sneyd Green;sneyd_green
http://www.meetup.com/cities/gb/m9/spath/;Spath;spath
http://www.meetup.com/cities/gb/m9/spot_acre/;Spot Acre;spot_acre
http://www.meetup.com/cities/gb/m9/springhill/;Springhill;springhill
http://www.meetup.com/cities/gb/m9/stableford/;Stableford;stableford
http://www.meetup.com/cities/gb/m9/stafford/;Stafford;stafford
http://www.meetup.com/cities/gb/m9/staffordshire_technology_park/;Staffordshire Technology Park;staffordshire_technology_park
http://www.meetup.com/cities/gb/m9/standeford/;Standeford;standeford
http://www.meetup.com/cities/gb/m9/standon/;Standon;standon
http://www.meetup.com/cities/gb/m9/stanley/;Stanley;stanley
http://www.meetup.com/cities/gb/m9/stanshope/;Stanshope;stanshope
http://www.meetup.com/cities/gb/m9/stanton/;Stanton;stanton
http://www.meetup.com/cities/gb/m9/stapenhill/;Stapenhill;stapenhill
http://www.meetup.com/cities/gb/m9/stockton_brook/;Stockton Brook;stockton_brook
http://www.meetup.com/cities/gb/m9/stockwell_heath/;Stockwell Heath;stockwell_heath
http://www.meetup.com/cities/gb/m9/stoke-on-trent/;Stoke-on-Trent;stoke-on-trent
http://www.meetup.com/cities/gb/m9/stone/;Stone;stone
http://www.meetup.com/cities/gb/m9/stone_business_park/;Stone Business Park;stone_business_park
http://www.meetup.com/cities/gb/m9/stourton/;Stourton;stourton
http://www.meetup.com/cities/gb/m9/stowe-by-chartley/;Stowe-by-Chartley;stowe-by-chartley
http://www.meetup.com/cities/gb/m9/stramshall/;Stramshall;stramshall
http://www.meetup.com/cities/gb/m9/streethay/;Streethay;streethay
http://www.meetup.com/cities/gb/m9/stretton/;Stretton;stretton
http://www.meetup.com/cities/gb/m9/stubwood/;Stubwood;stubwood
http://www.meetup.com/cities/gb/m9/sugnall/;Sugnall;sugnall
http://www.meetup.com/cities/gb/m9/summerhill/;Summerhill;summerhill
http://www.meetup.com/cities/gb/m9/sutton/;Sutton;sutton
http://www.meetup.com/cities/gb/m9/swindon/;Swindon;swindon
http://www.meetup.com/cities/gb/m9/swinscoe/;Swinscoe;swinscoe
http://www.meetup.com/cities/gb/m9/swynnerton/;Swynnerton;swynnerton
http://www.meetup.com/cities/gb/m9/talke/;Talke;talke
http://www.meetup.com/cities/gb/m9/talke_pits/;Talke Pits;talke_pits
http://www.meetup.com/cities/gb/m9/tame_valley_industrial_estate/;Tame Valley Industrial Estate;tame_valley_industrial_estate
http://www.meetup.com/cities/gb/m9/tamworth/;Tamworth;tamworth
http://www.meetup.com/cities/gb/m9/tatenhill/;Tatenhill;tatenhill
http://www.meetup.com/cities/gb/m9/tean/;Tean;tean
http://www.meetup.com/cities/gb/m9/the_blythe/;The Blythe;the_blythe
http://www.meetup.com/cities/gb/m9/thorncliffe/;Thorncliffe;thorncliffe
http://www.meetup.com/cities/gb/m9/thorpe_constantine/;Thorpe Constantine;thorpe_constantine
http://www.meetup.com/cities/gb/m9/tittensor/;Tittensor;tittensor
http://www.meetup.com/cities/gb/m9/tixall/;Tixall;tixall
http://www.meetup.com/cities/gb/m9/toft_green/;Toft Green;toft_green
http://www.meetup.com/cities/gb/m9/tollgate_industrial_estate/;Tollgate Industrial Estate;tollgate_industrial_estate
http://www.meetup.com/cities/gb/m9/trentham/;Trentham;trentham
http://www.meetup.com/cities/gb/m9/trent_vale/;Trent Vale;trent_vale
http://www.meetup.com/cities/gb/m9/trescott/;Trescott;trescott
http://www.meetup.com/cities/gb/m9/trysull/;Trysull;trysull
http://www.meetup.com/cities/gb/m9/tutbury/;Tutbury;tutbury
http://www.meetup.com/cities/gb/m9/two_gates/;Two Gates;two_gates
http://www.meetup.com/cities/gb/m9/tyrley/;Tyrley;tyrley
http://www.meetup.com/cities/gb/m9/university_of_keele/;University of Keele;university_of_keele
http://www.meetup.com/cities/gb/m9/upper_hulme/;Upper Hulme;upper_hulme
http://www.meetup.com/cities/gb/m9/upper_leigh/;Upper Leigh;upper_leigh
http://www.meetup.com/cities/gb/m9/upper_mayfield/;Upper Mayfield;upper_mayfield
http://www.meetup.com/cities/gb/m9/uttoxeter/;Uttoxeter;uttoxeter
http://www.meetup.com/cities/gb/m9/wall/;Wall;wall
http://www.meetup.com/cities/gb/m9/walsall/;Walsall;walsall
http://www.meetup.com/cities/gb/m9/walton/;Walton;walton
http://www.meetup.com/cities/gb/m9/warslow/;Warslow;warslow
http://www.meetup.com/cities/gb/m9/warton/;Warton;warton
http://www.meetup.com/cities/gb/m9/waterfall/;Waterfall;waterfall
http://www.meetup.com/cities/gb/m9/waterhouses/;Waterhouses;waterhouses
http://www.meetup.com/cities/gb/m9/wedges_mills/;Wedges Mills;wedges_mills
http://www.meetup.com/cities/gb/m9/weeford/;Weeford;weeford
http://www.meetup.com/cities/gb/m9/wergs/;Wergs;wergs
http://www.meetup.com/cities/gb/m9/werrington/;Werrington;werrington
http://www.meetup.com/cities/gb/m9/weston/;Weston;weston
http://www.meetup.com/cities/gb/m9/weston_bank/;Weston Bank;weston_bank
http://www.meetup.com/cities/gb/m9/weston_coyney/;Weston Coyney;weston_coyney
http://www.meetup.com/cities/gb/m9/weston-jones/;Weston-Jones;weston-jones
http://www.meetup.com/cities/gb/m9/weston-under-lizard/;Weston-under-Lizard;weston-under-lizard
http://www.meetup.com/cities/gb/m9/wetley_rocks/;Wetley Rocks;wetley_rocks
http://www.meetup.com/cities/gb/m9/wetton/;Wetton;wetton
http://www.meetup.com/cities/gb/m9/wetwood/;Wetwood;wetwood
http://www.meetup.com/cities/gb/m9/weymouth/;Weymouth;weymouth
http://www.meetup.com/cities/gb/m9/wheaton_aston/;Wheaton Aston;wheaton_aston
http://www.meetup.com/cities/gb/m9/whiston/;Whiston;whiston
http://www.meetup.com/cities/gb/m9/whitemore/;Whitemore;whitemore
http://www.meetup.com/cities/gb/m9/whitgreave/;Whitgreave;whitgreave
http://www.meetup.com/cities/gb/m9/whitmore/;Whitmore;whitmore
http://www.meetup.com/cities/gb/m9/whitmore_heath/;Whitmore Heath;whitmore_heath
http://www.meetup.com/cities/gb/m9/whittington/;Whittington;whittington
http://www.meetup.com/cities/gb/m9/whittington_barracks/;Whittington Barracks;whittington_barracks
http://www.meetup.com/cities/gb/m9/whittington_hurst/;Whittington Hurst;whittington_hurst
http://www.meetup.com/cities/gb/m9/wigginton/;Wigginton;wigginton
http://www.meetup.com/cities/gb/m9/wilbrighton/;Wilbrighton;wilbrighton
http://www.meetup.com/cities/gb/m9/willoughbridge/;Willoughbridge;willoughbridge
http://www.meetup.com/cities/gb/m9/willslock/;Willslock;willslock
http://www.meetup.com/cities/gb/m9/wimblebury/;Wimblebury;wimblebury
http://www.meetup.com/cities/gb/m9/winkhill/;Winkhill;winkhill
http://www.meetup.com/cities/gb/m9/winnington/;Winnington;winnington
http://www.meetup.com/cities/gb/m9/wolseley_bridge/;Wolseley Bridge;wolseley_bridge
http://www.meetup.com/cities/gb/m9/wolstanton/;Wolstanton;wolstanton
http://www.meetup.com/cities/gb/m9/wolverhampton/;Wolverhampton;wolverhampton
http://www.meetup.com/cities/gb/m9/wombourne/;Wombourne;wombourne
http://www.meetup.com/cities/gb/m9/wood_lane/;Wood Lane;wood_lane
http://www.meetup.com/cities/gb/m9/woodseaves/;Woodseaves;woodseaves
http://www.meetup.com/cities/gb/m9/woore/;Woore;woore
http://www.meetup.com/cities/gb/m9/wrinehill/;Wrinehill;wrinehill
http://www.meetup.com/cities/gb/m9/wrottesley_park/;Wrottesley Park;wrottesley_park
http://www.meetup.com/cities/gb/m9/wychnor/;Wychnor;wychnor
http://www.meetup.com/cities/gb/m9/yarlet/;Yarlet;yarlet
http://www.meetup.com/cities/gb/m9/yarnfield/;Yarnfield;yarnfield
http://www.meetup.com/cities/gb/m9/yeaveley/;Yeaveley;yeaveley
http://www.meetup.com/cities/gb/m9/yoxall/;Yoxall;yoxall
