http://www.meetup.com/cities/us/la/abbeville/;Abbeville;abbeville
http://www.meetup.com/cities/us/la/abita_springs/;Abita Springs;abita_springs
http://www.meetup.com/cities/us/la/acme/;Acme;acme
http://www.meetup.com/cities/us/la/addis/;Addis;addis
http://www.meetup.com/cities/us/la/aimwell/;Aimwell;aimwell
http://www.meetup.com/cities/us/la/akers/;Akers;akers
http://www.meetup.com/cities/us/la/albany/;Albany;albany
http://www.meetup.com/cities/us/la/alexandria/;Alexandria;alexandria
http://www.meetup.com/cities/us/la/ama/;Ama;ama
http://www.meetup.com/cities/us/la/amelia/;Amelia;amelia
http://www.meetup.com/cities/us/la/amite/;Amite;amite
http://www.meetup.com/cities/us/la/anacoco/;Anacoco;anacoco
http://www.meetup.com/cities/us/la/angie/;Angie;angie
http://www.meetup.com/cities/us/la/angola/;Angola;angola
http://www.meetup.com/cities/us/la/arabi/;Arabi;arabi
http://www.meetup.com/cities/us/la/arcadia/;Arcadia;arcadia
http://www.meetup.com/cities/us/la/archibald/;Archibald;archibald
http://www.meetup.com/cities/us/la/arnaudville/;Arnaudville;arnaudville
http://www.meetup.com/cities/us/la/ashland/;Ashland;ashland
http://www.meetup.com/cities/us/la/athens/;Athens;athens
http://www.meetup.com/cities/us/la/atlanta/;Atlanta;atlanta
http://www.meetup.com/cities/us/la/avery_island/;Avery Island;avery_island
http://www.meetup.com/cities/us/la/baker/;Baker;baker
http://www.meetup.com/cities/us/la/baldwin/;Baldwin;baldwin
http://www.meetup.com/cities/us/la/ball/;Ball;ball
http://www.meetup.com/cities/us/la/barataria/;Barataria;barataria
http://www.meetup.com/cities/us/la/barksdale_afb/;Barksdale AFB;barksdale_afb
http://www.meetup.com/cities/us/la/basile/;Basile;basile
http://www.meetup.com/cities/us/la/baskin/;Baskin;baskin
http://www.meetup.com/cities/us/la/bastrop/;Bastrop;bastrop
http://www.meetup.com/cities/us/la/batchelor/;Batchelor;batchelor
http://www.meetup.com/cities/us/la/baton_rouge/;Baton Rouge;baton_rouge
http://www.meetup.com/cities/us/la/belcher/;Belcher;belcher
http://www.meetup.com/cities/us/la/bell_city/;Bell City;bell_city
http://www.meetup.com/cities/us/la/belle_chasse/;Belle Chasse;belle_chasse
http://www.meetup.com/cities/us/la/belle_rose/;Belle Rose;belle_rose
http://www.meetup.com/cities/us/la/belmont/;Belmont;belmont
http://www.meetup.com/cities/us/la/bentley/;Bentley;bentley
http://www.meetup.com/cities/us/la/benton/;Benton;benton
http://www.meetup.com/cities/us/la/bernice/;Bernice;bernice
http://www.meetup.com/cities/us/la/berwick/;Berwick;berwick
http://www.meetup.com/cities/us/la/bethany/;Bethany;bethany
http://www.meetup.com/cities/us/la/bienville/;Bienville;bienville
http://www.meetup.com/cities/us/la/blanchard/;Blanchard;blanchard
http://www.meetup.com/cities/us/la/bogalusa/;Bogalusa;bogalusa
http://www.meetup.com/cities/us/la/bonita/;Bonita;bonita
http://www.meetup.com/cities/us/la/boothville/;Boothville;boothville
http://www.meetup.com/cities/us/la/bordelonville/;Bordelonville;bordelonville
http://www.meetup.com/cities/us/la/bossier_city/;Bossier City;bossier_city
http://www.meetup.com/cities/us/la/bourg/;Bourg;bourg
http://www.meetup.com/cities/us/la/boutte/;Boutte;boutte
http://www.meetup.com/cities/us/la/boyce/;Boyce;boyce
http://www.meetup.com/cities/us/la/braithwaite/;Braithwaite;braithwaite
http://www.meetup.com/cities/us/la/branch/;Branch;branch
http://www.meetup.com/cities/us/la/breaux_bridge/;Breaux Bridge;breaux_bridge
http://www.meetup.com/cities/us/la/brittany/;Brittany;brittany
http://www.meetup.com/cities/us/la/broussard/;Broussard;broussard
http://www.meetup.com/cities/us/la/brusly/;Brusly;brusly
http://www.meetup.com/cities/us/la/bunkie/;Bunkie;bunkie
http://www.meetup.com/cities/us/la/buras/;Buras;buras
http://www.meetup.com/cities/us/la/burnside/;Burnside;burnside
http://www.meetup.com/cities/us/la/bush/;Bush;bush
http://www.meetup.com/cities/us/la/cade/;Cade;cade
http://www.meetup.com/cities/us/la/calhoun/;Calhoun;calhoun
http://www.meetup.com/cities/us/la/calvin/;Calvin;calvin
http://www.meetup.com/cities/us/la/cameron/;Cameron;cameron
http://www.meetup.com/cities/us/la/campti/;Campti;campti
http://www.meetup.com/cities/us/la/carencro/;Carencro;carencro
http://www.meetup.com/cities/us/la/carville/;Carville;carville
http://www.meetup.com/cities/us/la/castor/;Castor;castor
http://www.meetup.com/cities/us/la/cecilia/;Cecilia;cecilia
http://www.meetup.com/cities/us/la/center_point/;Center Point;center_point
http://www.meetup.com/cities/us/la/centerville/;Centerville;centerville
http://www.meetup.com/cities/us/la/chalmette/;Chalmette;chalmette
http://www.meetup.com/cities/us/la/charenton/;Charenton;charenton
http://www.meetup.com/cities/us/la/chase/;Chase;chase
http://www.meetup.com/cities/us/la/chataignier/;Chataignier;chataignier
http://www.meetup.com/cities/us/la/chatham/;Chatham;chatham
http://www.meetup.com/cities/us/la/chauvin/;Chauvin;chauvin
http://www.meetup.com/cities/us/la/cheneyville/;Cheneyville;cheneyville
http://www.meetup.com/cities/us/la/choudrant/;Choudrant;choudrant
http://www.meetup.com/cities/us/la/church_point/;Church Point;church_point
http://www.meetup.com/cities/us/la/clarence/;Clarence;clarence
http://www.meetup.com/cities/us/la/clarks/;Clarks;clarks
http://www.meetup.com/cities/us/la/clayton/;Clayton;clayton
http://www.meetup.com/cities/us/la/clinton/;Clinton;clinton
http://www.meetup.com/cities/us/la/cloutierville/;Cloutierville;cloutierville
http://www.meetup.com/cities/us/la/colfax/;Colfax;colfax
http://www.meetup.com/cities/us/la/collinston/;Collinston;collinston
http://www.meetup.com/cities/us/la/columbia/;Columbia;columbia
http://www.meetup.com/cities/us/la/convent/;Convent;convent
http://www.meetup.com/cities/us/la/converse/;Converse;converse
http://www.meetup.com/cities/us/la/cottonport/;Cottonport;cottonport
http://www.meetup.com/cities/us/la/cotton_valley/;Cotton Valley;cotton_valley
http://www.meetup.com/cities/us/la/coushatta/;Coushatta;coushatta
http://www.meetup.com/cities/us/la/covington/;Covington;covington
http://www.meetup.com/cities/us/la/creole/;Creole;creole
http://www.meetup.com/cities/us/la/crowley/;Crowley;crowley
http://www.meetup.com/cities/us/la/crowville/;Crowville;crowville
http://www.meetup.com/cities/us/la/cullen/;Cullen;cullen
http://www.meetup.com/cities/us/la/cut_off/;Cut Off;cut_off
http://www.meetup.com/cities/us/la/darrow/;Darrow;darrow
http://www.meetup.com/cities/us/la/delcambre/;Delcambre;delcambre
http://www.meetup.com/cities/us/la/delhi/;Delhi;delhi
http://www.meetup.com/cities/us/la/delta/;Delta;delta
http://www.meetup.com/cities/us/la/denham_springs/;Denham Springs;denham_springs
http://www.meetup.com/cities/us/la/dequincy/;Dequincy;dequincy
http://www.meetup.com/cities/us/la/deridder/;Deridder;deridder
http://www.meetup.com/cities/us/la/des_allemands/;Des Allemands;des_allemands
http://www.meetup.com/cities/us/la/destrehan/;Destrehan;destrehan
http://www.meetup.com/cities/us/la/deville/;Deville;deville
http://www.meetup.com/cities/us/la/dodson/;Dodson;dodson
http://www.meetup.com/cities/us/la/donaldsonville/;Donaldsonville;donaldsonville
http://www.meetup.com/cities/us/la/donner/;Donner;donner
http://www.meetup.com/cities/us/la/downsville/;Downsville;downsville
http://www.meetup.com/cities/us/la/doyline/;Doyline;doyline
http://www.meetup.com/cities/us/la/dry_creek/;Dry Creek;dry_creek
http://www.meetup.com/cities/us/la/dry_prong/;Dry Prong;dry_prong
http://www.meetup.com/cities/us/la/dubach/;Dubach;dubach
http://www.meetup.com/cities/us/la/dubberly/;Dubberly;dubberly
http://www.meetup.com/cities/us/la/dulac/;Dulac;dulac
http://www.meetup.com/cities/us/la/duplessis/;Duplessis;duplessis
http://www.meetup.com/cities/us/la/dupont/;Dupont;dupont
http://www.meetup.com/cities/us/la/duson/;Duson;duson
http://www.meetup.com/cities/us/la/echo/;Echo;echo
http://www.meetup.com/cities/us/la/edgard/;Edgard;edgard
http://www.meetup.com/cities/us/la/effie/;Effie;effie
http://www.meetup.com/cities/us/la/egan/;Egan;egan
http://www.meetup.com/cities/us/la/elizabeth/;Elizabeth;elizabeth
http://www.meetup.com/cities/us/la/elmer/;Elmer;elmer
http://www.meetup.com/cities/us/la/elm_grove/;Elm Grove;elm_grove
http://www.meetup.com/cities/us/la/elton/;Elton;elton
http://www.meetup.com/cities/us/la/empire/;Empire;empire
http://www.meetup.com/cities/us/la/enterprise/;Enterprise;enterprise
http://www.meetup.com/cities/us/la/epps/;Epps;epps
http://www.meetup.com/cities/us/la/erath/;Erath;erath
http://www.meetup.com/cities/us/la/eros/;Eros;eros
http://www.meetup.com/cities/us/la/erwinville/;Erwinville;erwinville
http://www.meetup.com/cities/us/la/estherwood/;Estherwood;estherwood
http://www.meetup.com/cities/us/la/ethel/;Ethel;ethel
http://www.meetup.com/cities/us/la/eunice/;Eunice;eunice
http://www.meetup.com/cities/us/la/evangeline/;Evangeline;evangeline
http://www.meetup.com/cities/us/la/evans/;Evans;evans
http://www.meetup.com/cities/us/la/evergreen/;Evergreen;evergreen
http://www.meetup.com/cities/us/la/fairbanks/;Fairbanks;fairbanks
http://www.meetup.com/cities/us/la/farmerville/;Farmerville;farmerville
http://www.meetup.com/cities/us/la/fenton/;Fenton;fenton
http://www.meetup.com/cities/us/la/ferriday/;Ferriday;ferriday
http://www.meetup.com/cities/us/la/fisher/;Fisher;fisher
http://www.meetup.com/cities/us/la/flatwoods/;Flatwoods;flatwoods
http://www.meetup.com/cities/us/la/flora/;Flora;flora
http://www.meetup.com/cities/us/la/florien/;Florien;florien
http://www.meetup.com/cities/us/la/fluker/;Fluker;fluker
http://www.meetup.com/cities/us/la/folsom/;Folsom;folsom
http://www.meetup.com/cities/us/la/fordoche/;Fordoche;fordoche
http://www.meetup.com/cities/us/la/forest/;Forest;forest
http://www.meetup.com/cities/us/la/forest_hill/;Forest Hill;forest_hill
http://www.meetup.com/cities/us/la/fort_necessity/;Fort Necessity;fort_necessity
http://www.meetup.com/cities/us/la/fort_polk/;Fort Polk;fort_polk
http://www.meetup.com/cities/us/la/franklin/;Franklin;franklin
http://www.meetup.com/cities/us/la/franklinton/;Franklinton;franklinton
http://www.meetup.com/cities/us/la/french_settlement/;French Settlement;french_settlement
http://www.meetup.com/cities/us/la/frierson/;Frierson;frierson
http://www.meetup.com/cities/us/la/galliano/;Galliano;galliano
http://www.meetup.com/cities/us/la/garden_city/;Garden City;garden_city
http://www.meetup.com/cities/us/la/gardner/;Gardner;gardner
http://www.meetup.com/cities/us/la/garyville/;Garyville;garyville
http://www.meetup.com/cities/us/la/geismar/;Geismar;geismar
http://www.meetup.com/cities/us/la/georgetown/;Georgetown;georgetown
http://www.meetup.com/cities/us/la/gheens/;Gheens;gheens
http://www.meetup.com/cities/us/la/gibsland/;Gibsland;gibsland
http://www.meetup.com/cities/us/la/gibson/;Gibson;gibson
http://www.meetup.com/cities/us/la/gilbert/;Gilbert;gilbert
http://www.meetup.com/cities/us/la/gilliam/;Gilliam;gilliam
http://www.meetup.com/cities/us/la/glenmora/;Glenmora;glenmora
http://www.meetup.com/cities/us/la/gloster/;Gloster;gloster
http://www.meetup.com/cities/us/la/glynn/;Glynn;glynn
http://www.meetup.com/cities/us/la/golden_meadow/;Golden Meadow;golden_meadow
http://www.meetup.com/cities/us/la/goldonna/;Goldonna;goldonna
http://www.meetup.com/cities/us/la/gonzales/;Gonzales;gonzales
http://www.meetup.com/cities/us/la/gorum/;Gorum;gorum
http://www.meetup.com/cities/us/la/grambling/;Grambling;grambling
http://www.meetup.com/cities/us/la/gramercy/;Gramercy;gramercy
http://www.meetup.com/cities/us/la/grand_cane/;Grand Cane;grand_cane
http://www.meetup.com/cities/us/la/grand_chenier/;Grand Chenier;grand_chenier
http://www.meetup.com/cities/us/la/grand_coteau/;Grand Coteau;grand_coteau
http://www.meetup.com/cities/us/la/grand_isle/;Grand Isle;grand_isle
http://www.meetup.com/cities/us/la/grant/;Grant;grant
http://www.meetup.com/cities/us/la/gray/;Gray;gray
http://www.meetup.com/cities/us/la/grayson/;Grayson;grayson
http://www.meetup.com/cities/us/la/greensburg/;Greensburg;greensburg
http://www.meetup.com/cities/us/la/greenwell_springs/;Greenwell Springs;greenwell_springs
http://www.meetup.com/cities/us/la/greenwood/;Greenwood;greenwood
http://www.meetup.com/cities/us/la/gretna/;Gretna;gretna
http://www.meetup.com/cities/us/la/grosse_tete/;Grosse Tete;grosse_tete
http://www.meetup.com/cities/us/la/gueydan/;Gueydan;gueydan
http://www.meetup.com/cities/us/la/hackberry/;Hackberry;hackberry
http://www.meetup.com/cities/us/la/hahnville/;Hahnville;hahnville
http://www.meetup.com/cities/us/la/hall_summit/;Hall Summit;hall_summit
http://www.meetup.com/cities/us/la/hamburg/;Hamburg;hamburg
http://www.meetup.com/cities/us/la/hammond/;Hammond;hammond
http://www.meetup.com/cities/us/la/harrisonburg/;Harrisonburg;harrisonburg
http://www.meetup.com/cities/us/la/harvey/;Harvey;harvey
http://www.meetup.com/cities/us/la/haughton/;Haughton;haughton
http://www.meetup.com/cities/us/la/hayes/;Hayes;hayes
http://www.meetup.com/cities/us/la/haynesville/;Haynesville;haynesville
http://www.meetup.com/cities/us/la/heflin/;Heflin;heflin
http://www.meetup.com/cities/us/la/hessmer/;Hessmer;hessmer
http://www.meetup.com/cities/us/la/hester/;Hester;hester
http://www.meetup.com/cities/us/la/hineston/;Hineston;hineston
http://www.meetup.com/cities/us/la/hodge/;Hodge;hodge
http://www.meetup.com/cities/us/la/holden/;Holden;holden
http://www.meetup.com/cities/us/la/homer/;Homer;homer
http://www.meetup.com/cities/us/la/hornbeck/;Hornbeck;hornbeck
http://www.meetup.com/cities/us/la/hosston/;Hosston;hosston
http://www.meetup.com/cities/us/la/houma/;Houma;houma
http://www.meetup.com/cities/us/la/husser/;Husser;husser
http://www.meetup.com/cities/us/la/ida/;Ida;ida
http://www.meetup.com/cities/us/la/independence/;Independence;independence
http://www.meetup.com/cities/us/la/innis/;Innis;innis
http://www.meetup.com/cities/us/la/iota/;Iota;iota
http://www.meetup.com/cities/us/la/iowa/;Iowa;iowa
http://www.meetup.com/cities/us/la/jackson/;Jackson;jackson
http://www.meetup.com/cities/us/la/jamestown/;Jamestown;jamestown
http://www.meetup.com/cities/us/la/jarreau/;Jarreau;jarreau
http://www.meetup.com/cities/us/la/jeanerette/;Jeanerette;jeanerette
http://www.meetup.com/cities/us/la/jena/;Jena;jena
http://www.meetup.com/cities/us/la/jennings/;Jennings;jennings
http://www.meetup.com/cities/us/la/jigger/;Jigger;jigger
http://www.meetup.com/cities/us/la/jones/;Jones;jones
http://www.meetup.com/cities/us/la/jonesboro/;Jonesboro;jonesboro
http://www.meetup.com/cities/us/la/jonesville/;Jonesville;jonesville
http://www.meetup.com/cities/us/la/joyce/;Joyce;joyce
http://www.meetup.com/cities/us/la/kaplan/;Kaplan;kaplan
http://www.meetup.com/cities/us/la/keatchie/;Keatchie;keatchie
http://www.meetup.com/cities/us/la/keithville/;Keithville;keithville
http://www.meetup.com/cities/us/la/kelly/;Kelly;kelly
http://www.meetup.com/cities/us/la/kenner/;Kenner;kenner
http://www.meetup.com/cities/us/la/kentwood/;Kentwood;kentwood
http://www.meetup.com/cities/us/la/kilbourne/;Kilbourne;kilbourne
http://www.meetup.com/cities/us/la/kinder/;Kinder;kinder
http://www.meetup.com/cities/us/la/kraemer/;Kraemer;kraemer
http://www.meetup.com/cities/us/la/krotz_springs/;Krotz Springs;krotz_springs
http://www.meetup.com/cities/us/la/kurthwood/;Kurthwood;kurthwood
http://www.meetup.com/cities/us/la/labadieville/;Labadieville;labadieville
http://www.meetup.com/cities/us/la/lacassine/;Lacassine;lacassine
http://www.meetup.com/cities/us/la/lacombe/;Lacombe;lacombe
http://www.meetup.com/cities/us/la/lafayette/;Lafayette;lafayette
http://www.meetup.com/cities/us/la/lafitte/;Lafitte;lafitte
http://www.meetup.com/cities/us/la/lake_arthur/;Lake Arthur;lake_arthur
http://www.meetup.com/cities/us/la/lake_charles/;Lake Charles;lake_charles
http://www.meetup.com/cities/us/la/lakeland/;Lakeland;lakeland
http://www.meetup.com/cities/us/la/lake_providence/;Lake Providence;lake_providence
http://www.meetup.com/cities/us/la/la_place/;La Place;la_place
http://www.meetup.com/cities/us/la/larose/;Larose;larose
http://www.meetup.com/cities/us/la/lawtell/;Lawtell;lawtell
http://www.meetup.com/cities/us/la/lebeau/;Lebeau;lebeau
http://www.meetup.com/cities/us/la/leblanc/;Leblanc;leblanc
http://www.meetup.com/cities/us/la/lecompte/;Lecompte;lecompte
http://www.meetup.com/cities/us/la/leesville/;Leesville;leesville
http://www.meetup.com/cities/us/la/lena/;Lena;lena
http://www.meetup.com/cities/us/la/leonville/;Leonville;leonville
http://www.meetup.com/cities/us/la/lettsworth/;Lettsworth;lettsworth
http://www.meetup.com/cities/us/la/libuse/;Libuse;libuse
http://www.meetup.com/cities/us/la/lillie/;Lillie;lillie
http://www.meetup.com/cities/us/la/lisbon/;Lisbon;lisbon
http://www.meetup.com/cities/us/la/livingston/;Livingston;livingston
http://www.meetup.com/cities/us/la/livonia/;Livonia;livonia
http://www.meetup.com/cities/us/la/lockport/;Lockport;lockport
http://www.meetup.com/cities/us/la/logansport/;Logansport;logansport
http://www.meetup.com/cities/us/la/longleaf/;Longleaf;longleaf
http://www.meetup.com/cities/us/la/longstreet/;Longstreet;longstreet
http://www.meetup.com/cities/us/la/longville/;Longville;longville
http://www.meetup.com/cities/us/la/loranger/;Loranger;loranger
http://www.meetup.com/cities/us/la/loreauville/;Loreauville;loreauville
http://www.meetup.com/cities/us/la/lottie/;Lottie;lottie
http://www.meetup.com/cities/us/la/luling/;Luling;luling
http://www.meetup.com/cities/us/la/lutcher/;Lutcher;lutcher
http://www.meetup.com/cities/us/la/lydia/;Lydia;lydia
http://www.meetup.com/cities/us/la/madisonville/;Madisonville;madisonville
http://www.meetup.com/cities/us/la/mamou/;Mamou;mamou
http://www.meetup.com/cities/us/la/mandeville/;Mandeville;mandeville
http://www.meetup.com/cities/us/la/mangham/;Mangham;mangham
http://www.meetup.com/cities/us/la/mansfield/;Mansfield;mansfield
http://www.meetup.com/cities/us/la/mansura/;Mansura;mansura
http://www.meetup.com/cities/us/la/many/;Many;many
http://www.meetup.com/cities/us/la/maringouin/;Maringouin;maringouin
http://www.meetup.com/cities/us/la/marion/;Marion;marion
http://www.meetup.com/cities/us/la/marksville/;Marksville;marksville
http://www.meetup.com/cities/us/la/marrero/;Marrero;marrero
http://www.meetup.com/cities/us/la/marthaville/;Marthaville;marthaville
http://www.meetup.com/cities/us/la/mathews/;Mathews;mathews
http://www.meetup.com/cities/us/la/maurepas/;Maurepas;maurepas
http://www.meetup.com/cities/us/la/maurice/;Maurice;maurice
http://www.meetup.com/cities/us/la/melrose/;Melrose;melrose
http://www.meetup.com/cities/us/la/melville/;Melville;melville
http://www.meetup.com/cities/us/la/meraux/;Meraux;meraux
http://www.meetup.com/cities/us/la/mermentau/;Mermentau;mermentau
http://www.meetup.com/cities/us/la/mer_rouge/;Mer Rouge;mer_rouge
http://www.meetup.com/cities/us/la/merryville/;Merryville;merryville
http://www.meetup.com/cities/us/la/metairie/;Metairie;metairie
http://www.meetup.com/cities/us/la/milton/;Milton;milton
http://www.meetup.com/cities/us/la/minden/;Minden;minden
http://www.meetup.com/cities/us/la/mittie/;Mittie;mittie
http://www.meetup.com/cities/us/la/monroe/;Monroe;monroe
http://www.meetup.com/cities/us/la/montegut/;Montegut;montegut
http://www.meetup.com/cities/us/la/monterey/;Monterey;monterey
http://www.meetup.com/cities/us/la/montgomery/;Montgomery;montgomery
http://www.meetup.com/cities/us/la/mooringsport/;Mooringsport;mooringsport
http://www.meetup.com/cities/us/la/mora/;Mora;mora
http://www.meetup.com/cities/us/la/moreauville/;Moreauville;moreauville
http://www.meetup.com/cities/us/la/morgan_city/;Morgan City;morgan_city
http://www.meetup.com/cities/us/la/morganza/;Morganza;morganza
http://www.meetup.com/cities/us/la/morrow/;Morrow;morrow
http://www.meetup.com/cities/us/la/morse/;Morse;morse
http://www.meetup.com/cities/us/la/mount_airy/;Mount Airy;mount_airy
http://www.meetup.com/cities/us/la/mount_hermon/;Mount Hermon;mount_hermon
http://www.meetup.com/cities/us/la/napoleonville/;Napoleonville;napoleonville
http://www.meetup.com/cities/us/la/natalbany/;Natalbany;natalbany
http://www.meetup.com/cities/us/la/natchez/;Natchez;natchez
http://www.meetup.com/cities/us/la/natchitoches/;Natchitoches;natchitoches
http://www.meetup.com/cities/us/la/negreet/;Negreet;negreet
http://www.meetup.com/cities/us/la/newellton/;Newellton;newellton
http://www.meetup.com/cities/us/la/new_iberia/;New Iberia;new_iberia
http://www.meetup.com/cities/us/la/newllano/;Newllano;newllano
http://www.meetup.com/cities/us/la/new_orleans/;New Orleans;new_orleans
http://www.meetup.com/cities/us/la/new_roads/;New Roads;new_roads
http://www.meetup.com/cities/us/la/new_sarpy/;New Sarpy;new_sarpy
http://www.meetup.com/cities/us/la/noble/;Noble;noble
http://www.meetup.com/cities/us/la/norco/;Norco;norco
http://www.meetup.com/cities/us/la/norwood/;Norwood;norwood
http://www.meetup.com/cities/us/la/oakdale/;Oakdale;oakdale
http://www.meetup.com/cities/us/la/oak_grove/;Oak Grove;oak_grove
http://www.meetup.com/cities/us/la/oak_ridge/;Oak Ridge;oak_ridge
http://www.meetup.com/cities/us/la/oberlin/;Oberlin;oberlin
http://www.meetup.com/cities/us/la/oil_city/;Oil City;oil_city
http://www.meetup.com/cities/us/la/olla/;Olla;olla
http://www.meetup.com/cities/us/la/opelousas/;Opelousas;opelousas
http://www.meetup.com/cities/us/la/oscar/;Oscar;oscar
http://www.meetup.com/cities/us/la/otis/;Otis;otis
http://www.meetup.com/cities/us/la/paincourtville/;Paincourtville;paincourtville
http://www.meetup.com/cities/us/la/palmetto/;Palmetto;palmetto
http://www.meetup.com/cities/us/la/paradis/;Paradis;paradis
http://www.meetup.com/cities/us/la/patterson/;Patterson;patterson
http://www.meetup.com/cities/us/la/paulina/;Paulina;paulina
http://www.meetup.com/cities/us/la/pearl_river/;Pearl River;pearl_river
http://www.meetup.com/cities/us/la/pelican/;Pelican;pelican
http://www.meetup.com/cities/us/la/perry/;Perry;perry
http://www.meetup.com/cities/us/la/pierre_part/;Pierre Part;pierre_part
http://www.meetup.com/cities/us/la/pilottown/;Pilottown;pilottown
http://www.meetup.com/cities/us/la/pine_grove/;Pine Grove;pine_grove
http://www.meetup.com/cities/us/la/pine_prairie/;Pine Prairie;pine_prairie
http://www.meetup.com/cities/us/la/pineville/;Pineville;pineville
http://www.meetup.com/cities/us/la/pioneer/;Pioneer;pioneer
http://www.meetup.com/cities/us/la/pitkin/;Pitkin;pitkin
http://www.meetup.com/cities/us/la/plain_dealing/;Plain Dealing;plain_dealing
http://www.meetup.com/cities/us/la/plaquemine/;Plaquemine;plaquemine
http://www.meetup.com/cities/us/la/plattenville/;Plattenville;plattenville
http://www.meetup.com/cities/us/la/plaucheville/;Plaucheville;plaucheville
http://www.meetup.com/cities/us/la/pleasant_hill/;Pleasant Hill;pleasant_hill
http://www.meetup.com/cities/us/la/pointe_a_la_hache/;Pointe A la Hache;pointe_a_la_hache
http://www.meetup.com/cities/us/la/pollock/;Pollock;pollock
http://www.meetup.com/cities/us/la/ponchatoula/;Ponchatoula;ponchatoula
http://www.meetup.com/cities/us/la/port_allen/;Port Allen;port_allen
http://www.meetup.com/cities/us/la/port_barre/;Port Barre;port_barre
http://www.meetup.com/cities/us/la/port_sulphur/;Port Sulphur;port_sulphur
http://www.meetup.com/cities/us/la/powhatan/;Powhatan;powhatan
http://www.meetup.com/cities/us/la/prairieville/;Prairieville;prairieville
http://www.meetup.com/cities/us/la/pride/;Pride;pride
http://www.meetup.com/cities/us/la/princeton/;Princeton;princeton
http://www.meetup.com/cities/us/la/provencal/;Provencal;provencal
http://www.meetup.com/cities/us/la/quitman/;Quitman;quitman
http://www.meetup.com/cities/us/la/raceland/;Raceland;raceland
http://www.meetup.com/cities/us/la/ragley/;Ragley;ragley
http://www.meetup.com/cities/us/la/rayne/;Rayne;rayne
http://www.meetup.com/cities/us/la/rayville/;Rayville;rayville
http://www.meetup.com/cities/us/la/reddell/;Reddell;reddell
http://www.meetup.com/cities/us/la/reeves/;Reeves;reeves
http://www.meetup.com/cities/us/la/reserve/;Reserve;reserve
http://www.meetup.com/cities/us/la/rhinehart/;Rhinehart;rhinehart
http://www.meetup.com/cities/us/la/ringgold/;Ringgold;ringgold
http://www.meetup.com/cities/us/la/roanoke/;Roanoke;roanoke
http://www.meetup.com/cities/us/la/robeline/;Robeline;robeline
http://www.meetup.com/cities/us/la/robert/;Robert;robert
http://www.meetup.com/cities/us/la/rodessa/;Rodessa;rodessa
http://www.meetup.com/cities/us/la/rosedale/;Rosedale;rosedale
http://www.meetup.com/cities/us/la/roseland/;Roseland;roseland
http://www.meetup.com/cities/us/la/rosepine/;Rosepine;rosepine
http://www.meetup.com/cities/us/la/rougon/;Rougon;rougon
http://www.meetup.com/cities/us/la/ruby/;Ruby;ruby
http://www.meetup.com/cities/us/la/ruston/;Ruston;ruston
http://www.meetup.com/cities/us/la/saint_amant/;Saint Amant;saint_amant
http://www.meetup.com/cities/us/la/saint_benedict/;Saint Benedict;saint_benedict
http://www.meetup.com/cities/us/la/saint_bernard/;Saint Bernard;saint_bernard
http://www.meetup.com/cities/us/la/saint_francisville/;Saint Francisville;saint_francisville
http://www.meetup.com/cities/us/la/saint_gabriel/;Saint Gabriel;saint_gabriel
http://www.meetup.com/cities/us/la/saint_james/;Saint James;saint_james
http://www.meetup.com/cities/us/la/saint_joseph/;Saint Joseph;saint_joseph
http://www.meetup.com/cities/us/la/saint_landry/;Saint Landry;saint_landry
http://www.meetup.com/cities/us/la/saint_martinville/;Saint Martinville;saint_martinville
http://www.meetup.com/cities/us/la/saint_maurice/;Saint Maurice;saint_maurice
http://www.meetup.com/cities/us/la/saint_rose/;Saint Rose;saint_rose
http://www.meetup.com/cities/us/la/saline/;Saline;saline
http://www.meetup.com/cities/us/la/sarepta/;Sarepta;sarepta
http://www.meetup.com/cities/us/la/schriever/;Schriever;schriever
http://www.meetup.com/cities/us/la/scott/;Scott;scott
http://www.meetup.com/cities/us/la/shongaloo/;Shongaloo;shongaloo
http://www.meetup.com/cities/us/la/shreveport/;Shreveport;shreveport
http://www.meetup.com/cities/us/la/sibley/;Sibley;sibley
http://www.meetup.com/cities/us/la/sicily_island/;Sicily Island;sicily_island
http://www.meetup.com/cities/us/la/sieper/;Sieper;sieper
http://www.meetup.com/cities/us/la/sikes/;Sikes;sikes
http://www.meetup.com/cities/us/la/simmesport/;Simmesport;simmesport
http://www.meetup.com/cities/us/la/simpson/;Simpson;simpson
http://www.meetup.com/cities/us/la/simsboro/;Simsboro;simsboro
http://www.meetup.com/cities/us/la/singer/;Singer;singer
http://www.meetup.com/cities/us/la/slagle/;Slagle;slagle
http://www.meetup.com/cities/us/la/slaughter/;Slaughter;slaughter
http://www.meetup.com/cities/us/la/slidell/;Slidell;slidell
http://www.meetup.com/cities/us/la/sondheimer/;Sondheimer;sondheimer
http://www.meetup.com/cities/us/la/sorrento/;Sorrento;sorrento
http://www.meetup.com/cities/us/la/spearsville/;Spearsville;spearsville
http://www.meetup.com/cities/us/la/springfield/;Springfield;springfield
http://www.meetup.com/cities/us/la/springhill/;Springhill;springhill
http://www.meetup.com/cities/us/la/starks/;Starks;starks
http://www.meetup.com/cities/us/la/start/;Start;start
http://www.meetup.com/cities/us/la/sterlington/;Sterlington;sterlington
http://www.meetup.com/cities/us/la/stonewall/;Stonewall;stonewall
http://www.meetup.com/cities/us/la/sugartown/;Sugartown;sugartown
http://www.meetup.com/cities/us/la/sulphur/;Sulphur;sulphur
http://www.meetup.com/cities/us/la/summerfield/;Summerfield;summerfield
http://www.meetup.com/cities/us/la/sun/;Sun;sun
http://www.meetup.com/cities/us/la/sunset/;Sunset;sunset
http://www.meetup.com/cities/us/la/sunshine/;Sunshine;sunshine
http://www.meetup.com/cities/us/la/swartz/;Swartz;swartz
http://www.meetup.com/cities/us/la/talisheek/;Talisheek;talisheek
http://www.meetup.com/cities/us/la/tallulah/;Tallulah;tallulah
http://www.meetup.com/cities/us/la/tangipahoa/;Tangipahoa;tangipahoa
http://www.meetup.com/cities/us/la/taylor/;Taylor;taylor
http://www.meetup.com/cities/us/la/theriot/;Theriot;theriot
http://www.meetup.com/cities/us/la/thibodaux/;Thibodaux;thibodaux
http://www.meetup.com/cities/us/la/tickfaw/;Tickfaw;tickfaw
http://www.meetup.com/cities/us/la/tioga/;Tioga;tioga
http://www.meetup.com/cities/us/la/transylvania/;Transylvania;transylvania
http://www.meetup.com/cities/us/la/trout/;Trout;trout
http://www.meetup.com/cities/us/la/tullos/;Tullos;tullos
http://www.meetup.com/cities/us/la/tunica/;Tunica;tunica
http://www.meetup.com/cities/us/la/turkey_creek/;Turkey Creek;turkey_creek
http://www.meetup.com/cities/us/la/uncle_sam/;Uncle Sam;uncle_sam
http://www.meetup.com/cities/us/la/urania/;Urania;urania
http://www.meetup.com/cities/us/la/vacherie/;Vacherie;vacherie
http://www.meetup.com/cities/us/la/varnado/;Varnado;varnado
http://www.meetup.com/cities/us/la/venice/;Venice;venice
http://www.meetup.com/cities/us/la/ventress/;Ventress;ventress
http://www.meetup.com/cities/us/la/vidalia/;Vidalia;vidalia
http://www.meetup.com/cities/us/la/ville_platte/;Ville Platte;ville_platte
http://www.meetup.com/cities/us/la/vinton/;Vinton;vinton
http://www.meetup.com/cities/us/la/violet/;Violet;violet
http://www.meetup.com/cities/us/la/vivian/;Vivian;vivian
http://www.meetup.com/cities/us/la/wakefield/;Wakefield;wakefield
http://www.meetup.com/cities/us/la/walker/;Walker;walker
http://www.meetup.com/cities/us/la/washington/;Washington;washington
http://www.meetup.com/cities/us/la/waterproof/;Waterproof;waterproof
http://www.meetup.com/cities/us/la/watson/;Watson;watson
http://www.meetup.com/cities/us/la/welsh/;Welsh;welsh
http://www.meetup.com/cities/us/la/westlake/;Westlake;westlake
http://www.meetup.com/cities/us/la/west_monroe/;West Monroe;west_monroe
http://www.meetup.com/cities/us/la/westwego/;Westwego;westwego
http://www.meetup.com/cities/us/la/weyanoke/;Weyanoke;weyanoke
http://www.meetup.com/cities/us/la/white_castle/;White Castle;white_castle
http://www.meetup.com/cities/us/la/wildsville/;Wildsville;wildsville
http://www.meetup.com/cities/us/la/wilson/;Wilson;wilson
http://www.meetup.com/cities/us/la/winnfield/;Winnfield;winnfield
http://www.meetup.com/cities/us/la/winnsboro/;Winnsboro;winnsboro
http://www.meetup.com/cities/us/la/wisner/;Wisner;wisner
http://www.meetup.com/cities/us/la/woodworth/;Woodworth;woodworth
http://www.meetup.com/cities/us/la/youngsville/;Youngsville;youngsville
http://www.meetup.com/cities/us/la/zachary/;Zachary;zachary
http://www.meetup.com/cities/us/la/zwolle/;Zwolle;zwolle
