http://www.meetup.com/cities/gb/f2/abbotstone/;Abbotstone;abbotstone
http://www.meetup.com/cities/gb/f2/abbots_worthy/;Abbots Worthy;abbots_worthy
http://www.meetup.com/cities/gb/f2/abbotts_ann/;Abbotts Ann;abbotts_ann
http://www.meetup.com/cities/gb/f2/abbotts_ann_down/;Abbotts Ann Down;abbotts_ann_down
http://www.meetup.com/cities/gb/f2/abbotts_barton/;Abbotts Barton;abbotts_barton
http://www.meetup.com/cities/gb/f2/adbury/;Adbury;adbury
http://www.meetup.com/cities/gb/f2/alderholt/;Alderholt;alderholt
http://www.meetup.com/cities/gb/f2/aldern_bridge/;Aldern Bridge;aldern_bridge
http://www.meetup.com/cities/gb/f2/aldershot/;Aldershot;aldershot
http://www.meetup.com/cities/gb/f2/alresford/;Alresford;alresford
http://www.meetup.com/cities/gb/f2/alton/;Alton;alton
http://www.meetup.com/cities/gb/f2/alverstoke/;Alverstoke;alverstoke
http://www.meetup.com/cities/gb/f2/ampfield/;Ampfield;ampfield
http://www.meetup.com/cities/gb/f2/amport/;Amport;amport
http://www.meetup.com/cities/gb/f2/andover/;Andover;andover
http://www.meetup.com/cities/gb/f2/andover_down/;Andover Down;andover_down
http://www.meetup.com/cities/gb/f2/andwell/;Andwell;andwell
http://www.meetup.com/cities/gb/f2/anna_valley/;Anna Valley;anna_valley
http://www.meetup.com/cities/gb/f2/appleshaw/;Appleshaw;appleshaw
http://www.meetup.com/cities/gb/f2/ashe/;Ashe;ashe
http://www.meetup.com/cities/gb/f2/ashe_warren/;Ashe Warren;ashe_warren
http://www.meetup.com/cities/gb/f2/ashfield/;Ashfield;ashfield
http://www.meetup.com/cities/gb/f2/ashford_hill/;Ashford Hill;ashford_hill
http://www.meetup.com/cities/gb/f2/ashley/;Ashley;ashley
http://www.meetup.com/cities/gb/f2/ashley_warren/;Ashley Warren;ashley_warren
http://www.meetup.com/cities/gb/f2/ashmansworth/;Ashmansworth;ashmansworth
http://www.meetup.com/cities/gb/f2/ashurst/;Ashurst;ashurst
http://www.meetup.com/cities/gb/f2/avington/;Avington;avington
http://www.meetup.com/cities/gb/f2/avon/;Avon;avon
http://www.meetup.com/cities/gb/f2/avon_tyrrell/;Avon Tyrrell;avon_tyrrell
http://www.meetup.com/cities/gb/f2/awbridge/;Awbridge;awbridge
http://www.meetup.com/cities/gb/f2/axford/;Axford;axford
http://www.meetup.com/cities/gb/f2/axmansford/;Axmansford;axmansford
http://www.meetup.com/cities/gb/f2/bagnum/;Bagnum;bagnum
http://www.meetup.com/cities/gb/f2/ball_hill/;Ball Hill;ball_hill
http://www.meetup.com/cities/gb/f2/bank/;Bank;bank
http://www.meetup.com/cities/gb/f2/bartley/;Bartley;bartley
http://www.meetup.com/cities/gb/f2/barton_on_sea/;Barton on Sea;barton_on_sea
http://www.meetup.com/cities/gb/f2/barton_stacey/;Barton Stacey;barton_stacey
http://www.meetup.com/cities/gb/f2/basingstoke/;Basingstoke;basingstoke
http://www.meetup.com/cities/gb/f2/baughurst/;Baughurst;baughurst
http://www.meetup.com/cities/gb/f2/beaulieu/;Beaulieu;beaulieu
http://www.meetup.com/cities/gb/f2/beauworth/;Beauworth;beauworth
http://www.meetup.com/cities/gb/f2/beckley/;Beckley;beckley
http://www.meetup.com/cities/gb/f2/bedhampton/;Bedhampton;bedhampton
http://www.meetup.com/cities/gb/f2/beech/;Beech;beech
http://www.meetup.com/cities/gb/f2/beggarwood/;Beggarwood;beggarwood
http://www.meetup.com/cities/gb/f2/bentley/;Bentley;bentley
http://www.meetup.com/cities/gb/f2/bentworth/;Bentworth;bentworth
http://www.meetup.com/cities/gb/f2/bickton/;Bickton;bickton
http://www.meetup.com/cities/gb/f2/biddesden/;Biddesden;biddesden
http://www.meetup.com/cities/gb/f2/bighton/;Bighton;bighton
http://www.meetup.com/cities/gb/f2/binley/;Binley;binley
http://www.meetup.com/cities/gb/f2/binsted/;Binsted;binsted
http://www.meetup.com/cities/gb/f2/bishop%27s_sutton/;Bishop's Sutton;bishop%27s_sutton
http://www.meetup.com/cities/gb/f2/bishops_green/;Bishops Green;bishops_green
http://www.meetup.com/cities/gb/f2/bishops_waltham/;Bishops Waltham;bishops_waltham
http://www.meetup.com/cities/gb/f2/bisterne/;Bisterne;bisterne
http://www.meetup.com/cities/gb/f2/blackbushe_airport/;Blackbushe Airport;blackbushe_airport
http://www.meetup.com/cities/gb/f2/blackfield/;Blackfield;blackfield
http://www.meetup.com/cities/gb/f2/blackmoor/;Blackmoor;blackmoor
http://www.meetup.com/cities/gb/f2/blacknest/;Blacknest;blacknest
http://www.meetup.com/cities/gb/f2/blackwater/;Blackwater;blackwater
http://www.meetup.com/cities/gb/f2/blashford/;Blashford;blashford
http://www.meetup.com/cities/gb/f2/blendworth/;Blendworth;blendworth
http://www.meetup.com/cities/gb/f2/blissford/;Blissford;blissford
http://www.meetup.com/cities/gb/f2/bockhampton/;Bockhampton;bockhampton
http://www.meetup.com/cities/gb/f2/boldre/;Boldre;boldre
http://www.meetup.com/cities/gb/f2/bordean/;Bordean;bordean
http://www.meetup.com/cities/gb/f2/bordon/;Bordon;bordon
http://www.meetup.com/cities/gb/f2/botley/;Botley;botley
http://www.meetup.com/cities/gb/f2/bradley/;Bradley;bradley
http://www.meetup.com/cities/gb/f2/braishfield/;Braishfield;braishfield
http://www.meetup.com/cities/gb/f2/brambridge/;Brambridge;brambridge
http://www.meetup.com/cities/gb/f2/bramdean/;Bramdean;bramdean
http://www.meetup.com/cities/gb/f2/bramley/;Bramley;bramley
http://www.meetup.com/cities/gb/f2/bramley_green/;Bramley Green;bramley_green
http://www.meetup.com/cities/gb/f2/bramshaw/;Bramshaw;bramshaw
http://www.meetup.com/cities/gb/f2/bramshill/;Bramshill;bramshill
http://www.meetup.com/cities/gb/f2/bramshott/;Bramshott;bramshott
http://www.meetup.com/cities/gb/f2/bransgore/;Bransgore;bransgore
http://www.meetup.com/cities/gb/f2/breamore/;Breamore;breamore
http://www.meetup.com/cities/gb/f2/brimpton_common/;Brimpton Common;brimpton_common
http://www.meetup.com/cities/gb/f2/brockenhurst/;Brockenhurst;brockenhurst
http://www.meetup.com/cities/gb/f2/brook/;Brook;brook
http://www.meetup.com/cities/gb/f2/brookheath/;Brookheath;brookheath
http://www.meetup.com/cities/gb/f2/broughton/;Broughton;broughton
http://www.meetup.com/cities/gb/f2/brown_candover/;Brown Candover;brown_candover
http://www.meetup.com/cities/gb/f2/bucks_horn_oak/;Bucks Horn Oak;bucks_horn_oak
http://www.meetup.com/cities/gb/f2/burgate/;Burgate;burgate
http://www.meetup.com/cities/gb/f2/burghclere/;Burghclere;burghclere
http://www.meetup.com/cities/gb/f2/buriton/;Buriton;buriton
http://www.meetup.com/cities/gb/f2/burkham/;Burkham;burkham
http://www.meetup.com/cities/gb/f2/burley/;Burley;burley
http://www.meetup.com/cities/gb/f2/burridge/;Burridge;burridge
http://www.meetup.com/cities/gb/f2/bursledon/;Bursledon;bursledon
http://www.meetup.com/cities/gb/f2/butlocks_heath/;Butlocks Heath;butlocks_heath
http://www.meetup.com/cities/gb/f2/cadnam/;Cadnam;cadnam
http://www.meetup.com/cities/gb/f2/calmore/;Calmore;calmore
http://www.meetup.com/cities/gb/f2/calshot/;Calshot;calshot
http://www.meetup.com/cities/gb/f2/camberley/;Camberley;camberley
http://www.meetup.com/cities/gb/f2/catherington/;Catherington;catherington
http://www.meetup.com/cities/gb/f2/chalton/;Chalton;chalton
http://www.meetup.com/cities/gb/f2/chandler%27s_ford/;Chandler's Ford;chandler%27s_ford
http://www.meetup.com/cities/gb/f2/charlton/;Charlton;charlton
http://www.meetup.com/cities/gb/f2/charlton_down/;Charlton Down;charlton_down
http://www.meetup.com/cities/gb/f2/charter_alley/;Charter Alley;charter_alley
http://www.meetup.com/cities/gb/f2/chattis_hill/;Chattis Hill;chattis_hill
http://www.meetup.com/cities/gb/f2/chawton/;Chawton;chawton
http://www.meetup.com/cities/gb/f2/cheriton/;Cheriton;cheriton
http://www.meetup.com/cities/gb/f2/chilbolton/;Chilbolton;chilbolton
http://www.meetup.com/cities/gb/f2/chilbolton_down/;Chilbolton Down;chilbolton_down
http://www.meetup.com/cities/gb/f2/chilcomb/;Chilcomb;chilcomb
http://www.meetup.com/cities/gb/f2/chilton_candover/;Chilton Candover;chilton_candover
http://www.meetup.com/cities/gb/f2/chilworth/;Chilworth;chilworth
http://www.meetup.com/cities/gb/f2/chilworth_science_park/;Chilworth Science Park;chilworth_science_park
http://www.meetup.com/cities/gb/f2/chineham/;Chineham;chineham
http://www.meetup.com/cities/gb/f2/chineham_business_park/;Chineham Business Park;chineham_business_park
http://www.meetup.com/cities/gb/f2/christchurch/;Christchurch;christchurch
http://www.meetup.com/cities/gb/f2/church_crookham/;Church Crookham;church_crookham
http://www.meetup.com/cities/gb/f2/chute_cadley/;Chute Cadley;chute_cadley
http://www.meetup.com/cities/gb/f2/chute_forest/;Chute Forest;chute_forest
http://www.meetup.com/cities/gb/f2/chute_standen/;Chute Standen;chute_standen
http://www.meetup.com/cities/gb/f2/clanfield/;Clanfield;clanfield
http://www.meetup.com/cities/gb/f2/clanville/;Clanville;clanville
http://www.meetup.com/cities/gb/f2/cliddesden/;Cliddesden;cliddesden
http://www.meetup.com/cities/gb/f2/colden_common/;Colden Common;colden_common
http://www.meetup.com/cities/gb/f2/cole_henley/;Cole Henley;cole_henley
http://www.meetup.com/cities/gb/f2/colemore/;Colemore;colemore
http://www.meetup.com/cities/gb/f2/compton/;Compton;compton
http://www.meetup.com/cities/gb/f2/conford/;Conford;conford
http://www.meetup.com/cities/gb/f2/conholt/;Conholt;conholt
http://www.meetup.com/cities/gb/f2/copythorne/;Copythorne;copythorne
http://www.meetup.com/cities/gb/f2/corhampton/;Corhampton;corhampton
http://www.meetup.com/cities/gb/f2/cosham/;Cosham;cosham
http://www.meetup.com/cities/gb/f2/cottonworth/;Cottonworth;cottonworth
http://www.meetup.com/cities/gb/f2/cowplain/;Cowplain;cowplain
http://www.meetup.com/cities/gb/f2/crampmoor/;Crampmoor;crampmoor
http://www.meetup.com/cities/gb/f2/crawley/;Crawley;crawley
http://www.meetup.com/cities/gb/f2/crondall/;Crondall;crondall
http://www.meetup.com/cities/gb/f2/crookham_village/;Crookham Village;crookham_village
http://www.meetup.com/cities/gb/f2/crow/;Crow;crow
http://www.meetup.com/cities/gb/f2/crux_easton/;Crux Easton;crux_easton
http://www.meetup.com/cities/gb/f2/curdridge/;Curdridge;curdridge
http://www.meetup.com/cities/gb/f2/damerham/;Damerham;damerham
http://www.meetup.com/cities/gb/f2/deane/;Deane;deane
http://www.meetup.com/cities/gb/f2/denmead/;Denmead;denmead
http://www.meetup.com/cities/gb/f2/dibden/;Dibden;dibden
http://www.meetup.com/cities/gb/f2/dibden_purlieu/;Dibden Purlieu;dibden_purlieu
http://www.meetup.com/cities/gb/f2/dogmersfield/;Dogmersfield;dogmersfield
http://www.meetup.com/cities/gb/f2/downton/;Downton;downton
http://www.meetup.com/cities/gb/f2/drayton/;Drayton;drayton
http://www.meetup.com/cities/gb/f2/droxford/;Droxford;droxford
http://www.meetup.com/cities/gb/f2/dummer/;Dummer;dummer
http://www.meetup.com/cities/gb/f2/dunbridge/;Dunbridge;dunbridge
http://www.meetup.com/cities/gb/f2/dunley/;Dunley;dunley
http://www.meetup.com/cities/gb/f2/durley/;Durley;durley
http://www.meetup.com/cities/gb/f2/east_anton/;East Anton;east_anton
http://www.meetup.com/cities/gb/f2/east_boldre/;East Boldre;east_boldre
http://www.meetup.com/cities/gb/f2/east_cholderton/;East Cholderton;east_cholderton
http://www.meetup.com/cities/gb/f2/east_dean/;East Dean;east_dean
http://www.meetup.com/cities/gb/f2/east_end/;East End;east_end
http://www.meetup.com/cities/gb/f2/eastern_docks/;Eastern Docks;eastern_docks
http://www.meetup.com/cities/gb/f2/eastleigh/;Eastleigh;eastleigh
http://www.meetup.com/cities/gb/f2/east_martin/;East Martin;east_martin
http://www.meetup.com/cities/gb/f2/east_meon/;East Meon;east_meon
http://www.meetup.com/cities/gb/f2/east_mills/;East Mills;east_mills
http://www.meetup.com/cities/gb/f2/easton/;Easton;easton
http://www.meetup.com/cities/gb/f2/east_stratton/;East Stratton;east_stratton
http://www.meetup.com/cities/gb/f2/east_tisted/;East Tisted;east_tisted
http://www.meetup.com/cities/gb/f2/east_tytherley/;East Tytherley;east_tytherley
http://www.meetup.com/cities/gb/f2/east_wellow/;East Wellow;east_wellow
http://www.meetup.com/cities/gb/f2/east_woodhay/;East Woodhay;east_woodhay
http://www.meetup.com/cities/gb/f2/east_worldham/;East Worldham;east_worldham
http://www.meetup.com/cities/gb/f2/ecchinswell/;Ecchinswell;ecchinswell
http://www.meetup.com/cities/gb/f2/eling/;Eling;eling
http://www.meetup.com/cities/gb/f2/ellingham/;Ellingham;ellingham
http://www.meetup.com/cities/gb/f2/ellisfield/;Ellisfield;ellisfield
http://www.meetup.com/cities/gb/f2/elvetham/;Elvetham;elvetham
http://www.meetup.com/cities/gb/f2/emery_down/;Emery Down;emery_down
http://www.meetup.com/cities/gb/f2/empshott/;Empshott;empshott
http://www.meetup.com/cities/gb/f2/enham_alamein/;Enham Alamein;enham_alamein
http://www.meetup.com/cities/gb/f2/eversley/;Eversley;eversley
http://www.meetup.com/cities/gb/f2/eversley_centre/;Eversley Centre;eversley_centre
http://www.meetup.com/cities/gb/f2/eversley_cross/;Eversley Cross;eversley_cross
http://www.meetup.com/cities/gb/f2/everton/;Everton;everton
http://www.meetup.com/cities/gb/f2/ewshot/;Ewshot;ewshot
http://www.meetup.com/cities/gb/f2/exbury/;Exbury;exbury
http://www.meetup.com/cities/gb/f2/exton/;Exton;exton
http://www.meetup.com/cities/gb/f2/faberstown/;Faberstown;faberstown
http://www.meetup.com/cities/gb/f2/faccombe/;Faccombe;faccombe
http://www.meetup.com/cities/gb/f2/fair_oak/;Fair Oak;fair_oak
http://www.meetup.com/cities/gb/f2/fareham/;Fareham;fareham
http://www.meetup.com/cities/gb/f2/fareham_common/;Fareham Common;fareham_common
http://www.meetup.com/cities/gb/f2/farleigh_wallop/;Farleigh Wallop;farleigh_wallop
http://www.meetup.com/cities/gb/f2/farlington/;Farlington;farlington
http://www.meetup.com/cities/gb/f2/farnborough/;Farnborough;farnborough
http://www.meetup.com/cities/gb/f2/farringdon/;Farringdon;farringdon
http://www.meetup.com/cities/gb/f2/fawley/;Fawley;fawley
http://www.meetup.com/cities/gb/f2/finchdean/;Finchdean;finchdean
http://www.meetup.com/cities/gb/f2/finkley/;Finkley;finkley
http://www.meetup.com/cities/gb/f2/finkley_down/;Finkley Down;finkley_down
http://www.meetup.com/cities/gb/f2/fishers_pond/;Fishers Pond;fishers_pond
http://www.meetup.com/cities/gb/f2/fleet/;Fleet;fleet
http://www.meetup.com/cities/gb/f2/flexcombe/;Flexcombe;flexcombe
http://www.meetup.com/cities/gb/f2/fobdown/;Fobdown;fobdown
http://www.meetup.com/cities/gb/f2/fordingbridge/;Fordingbridge;fordingbridge
http://www.meetup.com/cities/gb/f2/forest_corner/;Forest Corner;forest_corner
http://www.meetup.com/cities/gb/f2/forton/;Forton;forton
http://www.meetup.com/cities/gb/f2/four_marks/;Four Marks;four_marks
http://www.meetup.com/cities/gb/f2/fox_amport/;Fox Amport;fox_amport
http://www.meetup.com/cities/gb/f2/foxcotte/;Foxcotte;foxcotte
http://www.meetup.com/cities/gb/f2/freefolk/;Freefolk;freefolk
http://www.meetup.com/cities/gb/f2/fritham/;Fritham;fritham
http://www.meetup.com/cities/gb/f2/frogham/;Frogham;frogham
http://www.meetup.com/cities/gb/f2/frogmore/;Frogmore;frogmore
http://www.meetup.com/cities/gb/f2/froxfield/;Froxfield;froxfield
http://www.meetup.com/cities/gb/f2/froyle/;Froyle;froyle
http://www.meetup.com/cities/gb/f2/fullerton/;Fullerton;fullerton
http://www.meetup.com/cities/gb/f2/furze_hill/;Furze Hill;furze_hill
http://www.meetup.com/cities/gb/f2/fyfield/;Fyfield;fyfield
http://www.meetup.com/cities/gb/f2/godshill/;Godshill;godshill
http://www.meetup.com/cities/gb/f2/godshill_green/;Godshill Green;godshill_green
http://www.meetup.com/cities/gb/f2/godshill_wood/;Godshill Wood;godshill_wood
http://www.meetup.com/cities/gb/f2/goodworth_clatford/;Goodworth Clatford;goodworth_clatford
http://www.meetup.com/cities/gb/f2/gore_end/;Gore End;gore_end
http://www.meetup.com/cities/gb/f2/gorley_lynch/;Gorley Lynch;gorley_lynch
http://www.meetup.com/cities/gb/f2/gosport/;Gosport;gosport
http://www.meetup.com/cities/gb/f2/grateley/;Grateley;grateley
http://www.meetup.com/cities/gb/f2/greatham/;Greatham;greatham
http://www.meetup.com/cities/gb/f2/great_shoddesden/;Great Shoddesden;great_shoddesden
http://www.meetup.com/cities/gb/f2/greywell/;Greywell;greywell
http://www.meetup.com/cities/gb/f2/gundleton/;Gundleton;gundleton
http://www.meetup.com/cities/gb/f2/hale/;Hale;hale
http://www.meetup.com/cities/gb/f2/hale_park/;Hale Park;hale_park
http://www.meetup.com/cities/gb/f2/hale_purlieu/;Hale Purlieu;hale_purlieu
http://www.meetup.com/cities/gb/f2/hamble/;Hamble;hamble
http://www.meetup.com/cities/gb/f2/hambledon/;Hambledon;hambledon
http://www.meetup.com/cities/gb/f2/hampshire_int_business_park/;Hampshire Int Business Park;hampshire_int_business_park
http://www.meetup.com/cities/gb/f2/hangersley/;Hangersley;hangersley
http://www.meetup.com/cities/gb/f2/hannington/;Hannington;hannington
http://www.meetup.com/cities/gb/f2/harbridge/;Harbridge;harbridge
http://www.meetup.com/cities/gb/f2/hardley/;Hardley;hardley
http://www.meetup.com/cities/gb/f2/hardway/;Hardway;hardway
http://www.meetup.com/cities/gb/f2/hare_warren/;Hare Warren;hare_warren
http://www.meetup.com/cities/gb/f2/hartford_bridge/;Hartford Bridge;hartford_bridge
http://www.meetup.com/cities/gb/f2/hartley_mauditt/;Hartley Mauditt;hartley_mauditt
http://www.meetup.com/cities/gb/f2/hartley_wespall/;Hartley Wespall;hartley_wespall
http://www.meetup.com/cities/gb/f2/hartley_wintney/;Hartley Wintney;hartley_wintney
http://www.meetup.com/cities/gb/f2/hatch_warren/;Hatch Warren;hatch_warren
http://www.meetup.com/cities/gb/f2/hatherden/;Hatherden;hatherden
http://www.meetup.com/cities/gb/f2/havant/;Havant;havant
http://www.meetup.com/cities/gb/f2/hawkley/;Hawkley;hawkley
http://www.meetup.com/cities/gb/f2/hayling_island/;Hayling Island;hayling_island
http://www.meetup.com/cities/gb/f2/hazeley_heath/;Hazeley Heath;hazeley_heath
http://www.meetup.com/cities/gb/f2/headbourne_worthy/;Headbourne Worthy;headbourne_worthy
http://www.meetup.com/cities/gb/f2/headley/;Headley;headley
http://www.meetup.com/cities/gb/f2/headley_down/;Headley Down;headley_down
http://www.meetup.com/cities/gb/f2/heath_end/;Heath End;heath_end
http://www.meetup.com/cities/gb/f2/heath_house/;Heath House;heath_house
http://www.meetup.com/cities/gb/f2/heckfield/;Heckfield;heckfield
http://www.meetup.com/cities/gb/f2/heckfield_heath/;Heckfield Heath;heckfield_heath
http://www.meetup.com/cities/gb/f2/hedge_end/;Hedge End;hedge_end
http://www.meetup.com/cities/gb/f2/herriard/;Herriard;herriard
http://www.meetup.com/cities/gb/f2/highbridge/;Highbridge;highbridge
http://www.meetup.com/cities/gb/f2/highclere/;Highclere;highclere
http://www.meetup.com/cities/gb/f2/hightown/;Hightown;hightown
http://www.meetup.com/cities/gb/f2/hightown_hill/;Hightown Hill;hightown_hill
http://www.meetup.com/cities/gb/f2/highwood/;Highwood;highwood
http://www.meetup.com/cities/gb/f2/hilsea/;Hilsea;hilsea
http://www.meetup.com/cities/gb/f2/hinton/;Hinton;hinton
http://www.meetup.com/cities/gb/f2/hinton_ampner/;Hinton Ampner;hinton_ampner
http://www.meetup.com/cities/gb/f2/h_m_naval_base/;H M Naval Base;h_m_naval_base
http://www.meetup.com/cities/gb/f2/holbury/;Holbury;holbury
http://www.meetup.com/cities/gb/f2/hollywater/;Hollywater;hollywater
http://www.meetup.com/cities/gb/f2/holmsley/;Holmsley;holmsley
http://www.meetup.com/cities/gb/f2/holt_pound/;Holt Pound;holt_pound
http://www.meetup.com/cities/gb/f2/holybourne/;Holybourne;holybourne
http://www.meetup.com/cities/gb/f2/hook/;Hook;hook
http://www.meetup.com/cities/gb/f2/hook_common/;Hook Common;hook_common
http://www.meetup.com/cities/gb/f2/hordle/;Hordle;hordle
http://www.meetup.com/cities/gb/f2/horndean/;Horndean;horndean
http://www.meetup.com/cities/gb/f2/horsebridge/;Horsebridge;horsebridge
http://www.meetup.com/cities/gb/f2/horton_heath/;Horton Heath;horton_heath
http://www.meetup.com/cities/gb/f2/houghton/;Houghton;houghton
http://www.meetup.com/cities/gb/f2/houghton_down/;Houghton Down;houghton_down
http://www.meetup.com/cities/gb/f2/hound_green/;Hound Green;hound_green
http://www.meetup.com/cities/gb/f2/hungerford/;Hungerford;hungerford
http://www.meetup.com/cities/gb/f2/hursley/;Hursley;hursley
http://www.meetup.com/cities/gb/f2/hurstbourne_priors/;Hurstbourne Priors;hurstbourne_priors
http://www.meetup.com/cities/gb/f2/hurstbourne_tarrant/;Hurstbourne Tarrant;hurstbourne_tarrant
http://www.meetup.com/cities/gb/f2/hyde/;Hyde;hyde
http://www.meetup.com/cities/gb/f2/hythe/;Hythe;hythe
http://www.meetup.com/cities/gb/f2/hythe_marina_village/;Hythe Marina Village;hythe_marina_village
http://www.meetup.com/cities/gb/f2/ibsley/;Ibsley;ibsley
http://www.meetup.com/cities/gb/f2/ibthorpe/;Ibthorpe;ibthorpe
http://www.meetup.com/cities/gb/f2/ibworth/;Ibworth;ibworth
http://www.meetup.com/cities/gb/f2/idsworth/;Idsworth;idsworth
http://www.meetup.com/cities/gb/f2/invincible_road_industrial_estate/;Invincible Road Industrial Estate;invincible_road_industrial_estate
http://www.meetup.com/cities/gb/f2/isington/;Isington;isington
http://www.meetup.com/cities/gb/f2/itchen_abbas/;Itchen Abbas;itchen_abbas
http://www.meetup.com/cities/gb/f2/itchen_stoke/;Itchen Stoke;itchen_stoke
http://www.meetup.com/cities/gb/f2/kempshott/;Kempshott;kempshott
http://www.meetup.com/cities/gb/f2/keyhaven/;Keyhaven;keyhaven
http://www.meetup.com/cities/gb/f2/kilmeston/;Kilmeston;kilmeston
http://www.meetup.com/cities/gb/f2/kimbridge/;Kimbridge;kimbridge
http://www.meetup.com/cities/gb/f2/kimpton/;Kimpton;kimpton
http://www.meetup.com/cities/gb/f2/kimpton_down/;Kimpton Down;kimpton_down
http://www.meetup.com/cities/gb/f2/kingsclere/;Kingsclere;kingsclere
http://www.meetup.com/cities/gb/f2/kingsley/;Kingsley;kingsley
http://www.meetup.com/cities/gb/f2/kings_somborne/;Kings Somborne;kings_somborne
http://www.meetup.com/cities/gb/f2/kingston/;Kingston;kingston
http://www.meetup.com/cities/gb/f2/kings_worthy/;Kings Worthy;kings_worthy
http://www.meetup.com/cities/gb/f2/knights_enham/;Knights Enham;knights_enham
http://www.meetup.com/cities/gb/f2/knowle/;Knowle;knowle
http://www.meetup.com/cities/gb/f2/langrish/;Langrish;langrish
http://www.meetup.com/cities/gb/f2/langstone/;Langstone;langstone
http://www.meetup.com/cities/gb/f2/lasham/;Lasham;lasham
http://www.meetup.com/cities/gb/f2/lasham_airfield/;Lasham Airfield;lasham_airfield
http://www.meetup.com/cities/gb/f2/laverstoke/;Laverstoke;laverstoke
http://www.meetup.com/cities/gb/f2/leckford/;Leckford;leckford
http://www.meetup.com/cities/gb/f2/lee/;Lee;lee
http://www.meetup.com/cities/gb/f2/lee-on-the-solent/;Lee-on-the-Solent;lee-on-the-solent
http://www.meetup.com/cities/gb/f2/linbrook/;Linbrook;linbrook
http://www.meetup.com/cities/gb/f2/lindford/;Lindford;lindford
http://www.meetup.com/cities/gb/f2/linford/;Linford;linford
http://www.meetup.com/cities/gb/f2/linkenholt/;Linkenholt;linkenholt
http://www.meetup.com/cities/gb/f2/linwood/;Linwood;linwood
http://www.meetup.com/cities/gb/f2/liss/;Liss;liss
http://www.meetup.com/cities/gb/f2/litchfield/;Litchfield;litchfield
http://www.meetup.com/cities/gb/f2/little_ann/;Little Ann;little_ann
http://www.meetup.com/cities/gb/f2/little_down/;Little Down;little_down
http://www.meetup.com/cities/gb/f2/little_hatherden/;Little Hatherden;little_hatherden
http://www.meetup.com/cities/gb/f2/little_london/;Little London;little_london
http://www.meetup.com/cities/gb/f2/little_park/;Little Park;little_park
http://www.meetup.com/cities/gb/f2/little_shoddesden/;Little Shoddesden;little_shoddesden
http://www.meetup.com/cities/gb/f2/little_somborne/;Little Somborne;little_somborne
http://www.meetup.com/cities/gb/f2/littleton/;Littleton;littleton
http://www.meetup.com/cities/gb/f2/lockerley/;Lockerley;lockerley
http://www.meetup.com/cities/gb/f2/locks_heath/;Locks Heath;locks_heath
http://www.meetup.com/cities/gb/f2/longmoor/;Longmoor;longmoor
http://www.meetup.com/cities/gb/f2/longparish/;Longparish;longparish
http://www.meetup.com/cities/gb/f2/longstock/;Longstock;longstock
http://www.meetup.com/cities/gb/f2/longstock_park/;Longstock Park;longstock_park
http://www.meetup.com/cities/gb/f2/long_sutton/;Long Sutton;long_sutton
http://www.meetup.com/cities/gb/f2/lopshill/;Lopshill;lopshill
http://www.meetup.com/cities/gb/f2/lovedean/;Lovedean;lovedean
http://www.meetup.com/cities/gb/f2/lower_chute/;Lower Chute;lower_chute
http://www.meetup.com/cities/gb/f2/lower_daggons/;Lower Daggons;lower_daggons
http://www.meetup.com/cities/gb/f2/lower_farringdon/;Lower Farringdon;lower_farringdon
http://www.meetup.com/cities/gb/f2/lower_froyle/;Lower Froyle;lower_froyle
http://www.meetup.com/cities/gb/f2/lower_swanwick/;Lower Swanwick;lower_swanwick
http://www.meetup.com/cities/gb/f2/lower_upham/;Lower Upham;lower_upham
http://www.meetup.com/cities/gb/f2/lower_wield/;Lower Wield;lower_wield
http://www.meetup.com/cities/gb/f2/lower_woodcott/;Lower Woodcott;lower_woodcott
http://www.meetup.com/cities/gb/f2/lower_wyke/;Lower Wyke;lower_wyke
http://www.meetup.com/cities/gb/f2/ludgershall/;Ludgershall;ludgershall
http://www.meetup.com/cities/gb/f2/lychpit/;Lychpit;lychpit
http://www.meetup.com/cities/gb/f2/lymington/;Lymington;lymington
http://www.meetup.com/cities/gb/f2/lyndhurst/;Lyndhurst;lyndhurst
http://www.meetup.com/cities/gb/f2/malshanger/;Malshanger;malshanger
http://www.meetup.com/cities/gb/f2/mapledurwell/;Mapledurwell;mapledurwell
http://www.meetup.com/cities/gb/f2/marchwood/;Marchwood;marchwood
http://www.meetup.com/cities/gb/f2/marsh_court/;Marsh Court;marsh_court
http://www.meetup.com/cities/gb/f2/martin/;Martin;martin
http://www.meetup.com/cities/gb/f2/martyr_worthy/;Martyr Worthy;martyr_worthy
http://www.meetup.com/cities/gb/f2/mattingley/;Mattingley;mattingley
http://www.meetup.com/cities/gb/f2/medstead/;Medstead;medstead
http://www.meetup.com/cities/gb/f2/meonstoke/;Meonstoke;meonstoke
http://www.meetup.com/cities/gb/f2/micheldever/;Micheldever;micheldever
http://www.meetup.com/cities/gb/f2/micheldever_station/;Micheldever Station;micheldever_station
http://www.meetup.com/cities/gb/f2/michelmersh/;Michelmersh;michelmersh
http://www.meetup.com/cities/gb/f2/middle_wallop/;Middle Wallop;middle_wallop
http://www.meetup.com/cities/gb/f2/middle_wyke/;Middle Wyke;middle_wyke
http://www.meetup.com/cities/gb/f2/midgham/;Midgham;midgham
http://www.meetup.com/cities/gb/f2/milford_on_sea/;Milford on Sea;milford_on_sea
http://www.meetup.com/cities/gb/f2/minstead/;Minstead;minstead
http://www.meetup.com/cities/gb/f2/mislingford/;Mislingford;mislingford
http://www.meetup.com/cities/gb/f2/mockbeggar/;Mockbeggar;mockbeggar
http://www.meetup.com/cities/gb/f2/monk_sherborne/;Monk Sherborne;monk_sherborne
http://www.meetup.com/cities/gb/f2/monkwood/;Monkwood;monkwood
http://www.meetup.com/cities/gb/f2/monxton/;Monxton;monxton
http://www.meetup.com/cities/gb/f2/morestead/;Morestead;morestead
http://www.meetup.com/cities/gb/f2/mortimer/;Mortimer;mortimer
http://www.meetup.com/cities/gb/f2/mortimer_common/;Mortimer Common;mortimer_common
http://www.meetup.com/cities/gb/f2/mortimer_west_end/;Mortimer West End;mortimer_west_end
http://www.meetup.com/cities/gb/f2/mottisfont/;Mottisfont;mottisfont
http://www.meetup.com/cities/gb/f2/moundsmere/;Moundsmere;moundsmere
http://www.meetup.com/cities/gb/f2/nately_scures/;Nately Scures;nately_scures
http://www.meetup.com/cities/gb/f2/neacroft/;Neacroft;neacroft
http://www.meetup.com/cities/gb/f2/neatham/;Neatham;neatham
http://www.meetup.com/cities/gb/f2/netherton/;Netherton;netherton
http://www.meetup.com/cities/gb/f2/nether_wallop/;Nether Wallop;nether_wallop
http://www.meetup.com/cities/gb/f2/netley_abbey/;Netley Abbey;netley_abbey
http://www.meetup.com/cities/gb/f2/newbury/;Newbury;newbury
http://www.meetup.com/cities/gb/f2/newfound/;Newfound;newfound
http://www.meetup.com/cities/gb/f2/new_milton/;New Milton;new_milton
http://www.meetup.com/cities/gb/f2/newnham/;Newnham;newnham
http://www.meetup.com/cities/gb/f2/newton_stacey/;Newton Stacey;newton_stacey
http://www.meetup.com/cities/gb/f2/newton_valence/;Newton Valence;newton_valence
http://www.meetup.com/cities/gb/f2/newtown/;Newtown;newtown
http://www.meetup.com/cities/gb/f2/newtown_common/;Newtown Common;newtown_common
http://www.meetup.com/cities/gb/f2/norley_wood/;Norley Wood;norley_wood
http://www.meetup.com/cities/gb/f2/north_baddesley/;North Baddesley;north_baddesley
http://www.meetup.com/cities/gb/f2/north_boarhunt/;North Boarhunt;north_boarhunt
http://www.meetup.com/cities/gb/f2/north_end/;North End;north_end
http://www.meetup.com/cities/gb/f2/north_gorley/;North Gorley;north_gorley
http://www.meetup.com/cities/gb/f2/north_houghton/;North Houghton;north_houghton
http://www.meetup.com/cities/gb/f2/northington/;Northington;northington
http://www.meetup.com/cities/gb/f2/northington_down/;Northington Down;northington_down
http://www.meetup.com/cities/gb/f2/north_oakley/;North Oakley;north_oakley
http://www.meetup.com/cities/gb/f2/north_ripley/;North Ripley;north_ripley
http://www.meetup.com/cities/gb/f2/north_sydmonton/;North Sydmonton;north_sydmonton
http://www.meetup.com/cities/gb/f2/north_waltham/;North Waltham;north_waltham
http://www.meetup.com/cities/gb/f2/north_warnborough/;North Warnborough;north_warnborough
http://www.meetup.com/cities/gb/f2/nursling/;Nursling;nursling
http://www.meetup.com/cities/gb/f2/nursted/;Nursted;nursted
http://www.meetup.com/cities/gb/f2/nutley/;Nutley;nutley
http://www.meetup.com/cities/gb/f2/oakhanger/;Oakhanger;oakhanger
http://www.meetup.com/cities/gb/f2/oakley/;Oakley;oakley
http://www.meetup.com/cities/gb/f2/ocean_village/;Ocean Village;ocean_village
http://www.meetup.com/cities/gb/f2/odiham/;Odiham;odiham
http://www.meetup.com/cities/gb/f2/ogdens/;Ogdens;ogdens
http://www.meetup.com/cities/gb/f2/old_alresford/;Old Alresford;old_alresford
http://www.meetup.com/cities/gb/f2/old_basing/;Old Basing;old_basing
http://www.meetup.com/cities/gb/f2/old_burghclere/;Old Burghclere;old_burghclere
http://www.meetup.com/cities/gb/f2/ossemsley/;Ossemsley;ossemsley
http://www.meetup.com/cities/gb/f2/otterbourne/;Otterbourne;otterbourne
http://www.meetup.com/cities/gb/f2/overton/;Overton;overton
http://www.meetup.com/cities/gb/f2/over_wallop/;Over Wallop;over_wallop
http://www.meetup.com/cities/gb/f2/ovington/;Ovington;ovington
http://www.meetup.com/cities/gb/f2/ower/;Ower;ower
http://www.meetup.com/cities/gb/f2/owslebury/;Owslebury;owslebury
http://www.meetup.com/cities/gb/f2/owslebury_bottom/;Owslebury Bottom;owslebury_bottom
http://www.meetup.com/cities/gb/f2/padworth_common/;Padworth Common;padworth_common
http://www.meetup.com/cities/gb/f2/palestine/;Palestine;palestine
http://www.meetup.com/cities/gb/f2/pamber_end/;Pamber End;pamber_end
http://www.meetup.com/cities/gb/f2/pamber_green/;Pamber Green;pamber_green
http://www.meetup.com/cities/gb/f2/pamber_heath/;Pamber Heath;pamber_heath
http://www.meetup.com/cities/gb/f2/park_gate/;Park Gate;park_gate
http://www.meetup.com/cities/gb/f2/passfield/;Passfield;passfield
http://www.meetup.com/cities/gb/f2/pennington/;Pennington;pennington
http://www.meetup.com/cities/gb/f2/penton_corner/;Penton Corner;penton_corner
http://www.meetup.com/cities/gb/f2/penton_grafton/;Penton Grafton;penton_grafton
http://www.meetup.com/cities/gb/f2/penton_harroway/;Penton Harroway;penton_harroway
http://www.meetup.com/cities/gb/f2/penton_mewsey/;Penton Mewsey;penton_mewsey
http://www.meetup.com/cities/gb/f2/penwood/;Penwood;penwood
http://www.meetup.com/cities/gb/f2/perham_down/;Perham Down;perham_down
http://www.meetup.com/cities/gb/f2/petersfield/;Petersfield;petersfield
http://www.meetup.com/cities/gb/f2/picket_hill/;Picket Hill;picket_hill
http://www.meetup.com/cities/gb/f2/picket_piece/;Picket Piece;picket_piece
http://www.meetup.com/cities/gb/f2/picket_post/;Picket Post;picket_post
http://www.meetup.com/cities/gb/f2/picket_twenty/;Picket Twenty;picket_twenty
http://www.meetup.com/cities/gb/f2/pilley/;Pilley;pilley
http://www.meetup.com/cities/gb/f2/pill_heath/;Pill Heath;pill_heath
http://www.meetup.com/cities/gb/f2/pitt/;Pitt;pitt
http://www.meetup.com/cities/gb/f2/plaitford/;Plaitford;plaitford
http://www.meetup.com/cities/gb/f2/plumley/;Plumley;plumley
http://www.meetup.com/cities/gb/f2/portchester/;Portchester;portchester
http://www.meetup.com/cities/gb/f2/portmore/;Portmore;portmore
http://www.meetup.com/cities/gb/f2/portsmouth/;Portsmouth;portsmouth
http://www.meetup.com/cities/gb/f2/port_solent/;Port Solent;port_solent
http://www.meetup.com/cities/gb/f2/poulner/;Poulner;poulner
http://www.meetup.com/cities/gb/f2/preston_candover/;Preston Candover;preston_candover
http://www.meetup.com/cities/gb/f2/priors_dean/;Priors Dean;priors_dean
http://www.meetup.com/cities/gb/f2/privett/;Privett;privett
http://www.meetup.com/cities/gb/f2/purbrook/;Purbrook;purbrook
http://www.meetup.com/cities/gb/f2/purbrook_heath/;Purbrook Heath;purbrook_heath
http://www.meetup.com/cities/gb/f2/quarley/;Quarley;quarley
http://www.meetup.com/cities/gb/f2/ragged_appleshaw/;Ragged Appleshaw;ragged_appleshaw
http://www.meetup.com/cities/gb/f2/ramridge_park/;Ramridge Park;ramridge_park
http://www.meetup.com/cities/gb/f2/ramsdean/;Ramsdean;ramsdean
http://www.meetup.com/cities/gb/f2/ramsdell/;Ramsdell;ramsdell
http://www.meetup.com/cities/gb/f2/redenham/;Redenham;redenham
http://www.meetup.com/cities/gb/f2/redenham_park/;Redenham Park;redenham_park
http://www.meetup.com/cities/gb/f2/red_post_bridge/;Red Post Bridge;red_post_bridge
http://www.meetup.com/cities/gb/f2/red_rice/;Red Rice;red_rice
http://www.meetup.com/cities/gb/f2/ringwood/;Ringwood;ringwood
http://www.meetup.com/cities/gb/f2/ripley/;Ripley;ripley
http://www.meetup.com/cities/gb/f2/rockford/;Rockford;rockford
http://www.meetup.com/cities/gb/f2/romsey/;Romsey;romsey
http://www.meetup.com/cities/gb/f2/ropley/;Ropley;ropley
http://www.meetup.com/cities/gb/f2/rotherwick/;Rotherwick;rotherwick
http://www.meetup.com/cities/gb/f2/rownhams/;Rownhams;rownhams
http://www.meetup.com/cities/gb/f2/sandford/;Sandford;sandford
http://www.meetup.com/cities/gb/f2/sandleheath/;Sandleheath;sandleheath
http://www.meetup.com/cities/gb/f2/sarisbury_green/;Sarisbury Green;sarisbury_green
http://www.meetup.com/cities/gb/f2/segensworth_west/;Segensworth West;segensworth_west
http://www.meetup.com/cities/gb/f2/selborne/;Selborne;selborne
http://www.meetup.com/cities/gb/f2/shalden/;Shalden;shalden
http://www.meetup.com/cities/gb/f2/shawford/;Shawford;shawford
http://www.meetup.com/cities/gb/f2/shedfield/;Shedfield;shedfield
http://www.meetup.com/cities/gb/f2/sherborne_st_john/;Sherborne St John;sherborne_st_john
http://www.meetup.com/cities/gb/f2/sherfield_english/;Sherfield English;sherfield_english
http://www.meetup.com/cities/gb/f2/sherfield-on-loddon/;Sherfield-on-Loddon;sherfield-on-loddon
http://www.meetup.com/cities/gb/f2/shirrell_heath/;Shirrell Heath;shirrell_heath
http://www.meetup.com/cities/gb/f2/shobley/;Shobley;shobley
http://www.meetup.com/cities/gb/f2/shootash/;Shootash;shootash
http://www.meetup.com/cities/gb/f2/silchester/;Silchester;silchester
http://www.meetup.com/cities/gb/f2/sleaford/;Sleaford;sleaford
http://www.meetup.com/cities/gb/f2/smannell/;Smannell;smannell
http://www.meetup.com/cities/gb/f2/soberton/;Soberton;soberton
http://www.meetup.com/cities/gb/f2/somerley/;Somerley;somerley
http://www.meetup.com/cities/gb/f2/sopley/;Sopley;sopley
http://www.meetup.com/cities/gb/f2/southampton/;Southampton;southampton
http://www.meetup.com/cities/gb/f2/southampton_international_airport/;Southampton International Airport;southampton_international_airport
http://www.meetup.com/cities/gb/f2/south_baddesley/;South Baddesley;south_baddesley
http://www.meetup.com/cities/gb/f2/south_boarhunt/;South Boarhunt;south_boarhunt
http://www.meetup.com/cities/gb/f2/south_gorley/;South Gorley;south_gorley
http://www.meetup.com/cities/gb/f2/south_harewood/;South Harewood;south_harewood
http://www.meetup.com/cities/gb/f2/south_litchfield/;South Litchfield;south_litchfield
http://www.meetup.com/cities/gb/f2/south_ripley/;South Ripley;south_ripley
http://www.meetup.com/cities/gb/f2/southsea/;Southsea;southsea
http://www.meetup.com/cities/gb/f2/south_warnborough/;South Warnborough;south_warnborough
http://www.meetup.com/cities/gb/f2/southwick/;Southwick;southwick
http://www.meetup.com/cities/gb/f2/south_wonston/;South Wonston;south_wonston
http://www.meetup.com/cities/gb/f2/southwood_business_park/;Southwood Business Park;southwood_business_park
http://www.meetup.com/cities/gb/f2/sparsholt/;Sparsholt;sparsholt
http://www.meetup.com/cities/gb/f2/standford/;Standford;standford
http://www.meetup.com/cities/gb/f2/st_cross/;St Cross;st_cross
http://www.meetup.com/cities/gb/f2/steep/;Steep;steep
http://www.meetup.com/cities/gb/f2/steep_marsh/;Steep Marsh;steep_marsh
http://www.meetup.com/cities/gb/f2/steventon/;Steventon;steventon
http://www.meetup.com/cities/gb/f2/st_mary_bourne/;St Mary Bourne;st_mary_bourne
http://www.meetup.com/cities/gb/f2/stockbridge/;Stockbridge;stockbridge
http://www.meetup.com/cities/gb/f2/stoke/;Stoke;stoke
http://www.meetup.com/cities/gb/f2/stoke_charity/;Stoke Charity;stoke_charity
http://www.meetup.com/cities/gb/f2/stoney_cross/;Stoney Cross;stoney_cross
http://www.meetup.com/cities/gb/f2/stratfield_saye/;Stratfield Saye;stratfield_saye
http://www.meetup.com/cities/gb/f2/stratfield_turgis/;Stratfield Turgis;stratfield_turgis
http://www.meetup.com/cities/gb/f2/stroud/;Stroud;stroud
http://www.meetup.com/cities/gb/f2/stubbington/;Stubbington;stubbington
http://www.meetup.com/cities/gb/f2/stuckton/;Stuckton;stuckton
http://www.meetup.com/cities/gb/f2/sutton_scotney/;Sutton Scotney;sutton_scotney
http://www.meetup.com/cities/gb/f2/swanmore/;Swanmore;swanmore
http://www.meetup.com/cities/gb/f2/swanwick/;Swanwick;swanwick
http://www.meetup.com/cities/gb/f2/swarraton/;Swarraton;swarraton
http://www.meetup.com/cities/gb/f2/sway/;Sway;sway
http://www.meetup.com/cities/gb/f2/tadley/;Tadley;tadley
http://www.meetup.com/cities/gb/f2/tangley/;Tangley;tangley
http://www.meetup.com/cities/gb/f2/temple_valley/;Temple Valley;temple_valley
http://www.meetup.com/cities/gb/f2/thedden/;Thedden;thedden
http://www.meetup.com/cities/gb/f2/thorney_hill/;Thorney Hill;thorney_hill
http://www.meetup.com/cities/gb/f2/thruxton/;Thruxton;thruxton
http://www.meetup.com/cities/gb/f2/thruxton_airport/;Thruxton Airport;thruxton_airport
http://www.meetup.com/cities/gb/f2/thruxton_down/;Thruxton Down;thruxton_down
http://www.meetup.com/cities/gb/f2/tichborne/;Tichborne;tichborne
http://www.meetup.com/cities/gb/f2/tile_barn/;Tile Barn;tile_barn
http://www.meetup.com/cities/gb/f2/timsbury/;Timsbury;timsbury
http://www.meetup.com/cities/gb/f2/tinkers_cross/;Tinkers Cross;tinkers_cross
http://www.meetup.com/cities/gb/f2/tiptoe/;Tiptoe;tiptoe
http://www.meetup.com/cities/gb/f2/titchfield/;Titchfield;titchfield
http://www.meetup.com/cities/gb/f2/totton/;Totton;totton
http://www.meetup.com/cities/gb/f2/tufton/;Tufton;tufton
http://www.meetup.com/cities/gb/f2/tufton_warren/;Tufton Warren;tufton_warren
http://www.meetup.com/cities/gb/f2/tunworth/;Tunworth;tunworth
http://www.meetup.com/cities/gb/f2/turgis_green/;Turgis Green;turgis_green
http://www.meetup.com/cities/gb/f2/twyford/;Twyford;twyford
http://www.meetup.com/cities/gb/f2/twyford_moors/;Twyford Moors;twyford_moors
http://www.meetup.com/cities/gb/f2/upham/;Upham;upham
http://www.meetup.com/cities/gb/f2/up_nately/;Up Nately;up_nately
http://www.meetup.com/cities/gb/f2/upper_chute/;Upper Chute;upper_chute
http://www.meetup.com/cities/gb/f2/upper_clatford/;Upper Clatford;upper_clatford
http://www.meetup.com/cities/gb/f2/upper_enham/;Upper Enham;upper_enham
http://www.meetup.com/cities/gb/f2/upper_farringdon/;Upper Farringdon;upper_farringdon
http://www.meetup.com/cities/gb/f2/upper_froyle/;Upper Froyle;upper_froyle
http://www.meetup.com/cities/gb/f2/upper_wield/;Upper Wield;upper_wield
http://www.meetup.com/cities/gb/f2/upper_woodcott/;Upper Woodcott;upper_woodcott
http://www.meetup.com/cities/gb/f2/upper_wootton/;Upper Wootton;upper_wootton
http://www.meetup.com/cities/gb/f2/up_somborne/;Up Somborne;up_somborne
http://www.meetup.com/cities/gb/f2/upton/;Upton;upton
http://www.meetup.com/cities/gb/f2/upton_grey/;Upton Grey;upton_grey
http://www.meetup.com/cities/gb/f2/vernham_dean/;Vernham Dean;vernham_dean
http://www.meetup.com/cities/gb/f2/vernham_street/;Vernham Street;vernham_street
http://www.meetup.com/cities/gb/f2/verwood/;Verwood;verwood
http://www.meetup.com/cities/gb/f2/wadwick/;Wadwick;wadwick
http://www.meetup.com/cities/gb/f2/walhampton/;Walhampton;walhampton
http://www.meetup.com/cities/gb/f2/walkford/;Walkford;walkford
http://www.meetup.com/cities/gb/f2/waltham_chase/;Waltham Chase;waltham_chase
http://www.meetup.com/cities/gb/f2/walworth_industrial_estate/;Walworth Industrial Estate;walworth_industrial_estate
http://www.meetup.com/cities/gb/f2/warnford/;Warnford;warnford
http://www.meetup.com/cities/gb/f2/warsash/;Warsash;warsash
http://www.meetup.com/cities/gb/f2/wash_water/;Wash Water;wash_water
http://www.meetup.com/cities/gb/f2/waterlooville/;Waterlooville;waterlooville
http://www.meetup.com/cities/gb/f2/well/;Well;well
http://www.meetup.com/cities/gb/f2/wells-in-the-field/;Wells-in-the-Field;wells-in-the-field
http://www.meetup.com/cities/gb/f2/west_end/;West End;west_end
http://www.meetup.com/cities/gb/f2/western_docks/;Western Docks;western_docks
http://www.meetup.com/cities/gb/f2/west_heath/;West Heath;west_heath
http://www.meetup.com/cities/gb/f2/west_meon/;West Meon;west_meon
http://www.meetup.com/cities/gb/f2/weston/;Weston;weston
http://www.meetup.com/cities/gb/f2/weston_colley/;Weston Colley;weston_colley
http://www.meetup.com/cities/gb/f2/weston_corbett/;Weston Corbett;weston_corbett
http://www.meetup.com/cities/gb/f2/weston_patrick/;Weston Patrick;weston_patrick
http://www.meetup.com/cities/gb/f2/west_stratton/;West Stratton;west_stratton
http://www.meetup.com/cities/gb/f2/west_tisted/;West Tisted;west_tisted
http://www.meetup.com/cities/gb/f2/west_wellow/;West Wellow;west_wellow
http://www.meetup.com/cities/gb/f2/west_woodhay/;West Woodhay;west_woodhay
http://www.meetup.com/cities/gb/f2/west_worldham/;West Worldham;west_worldham
http://www.meetup.com/cities/gb/f2/weyhill/;Weyhill;weyhill
http://www.meetup.com/cities/gb/f2/wherwell/;Wherwell;wherwell
http://www.meetup.com/cities/gb/f2/wherwell_wood/;Wherwell Wood;wherwell_wood
http://www.meetup.com/cities/gb/f2/whitchurch/;Whitchurch;whitchurch
http://www.meetup.com/cities/gb/f2/whitehill/;Whitehill;whitehill
http://www.meetup.com/cities/gb/f2/whiteley/;Whiteley;whiteley
http://www.meetup.com/cities/gb/f2/whitnal/;Whitnal;whitnal
http://www.meetup.com/cities/gb/f2/whitsbury/;Whitsbury;whitsbury
http://www.meetup.com/cities/gb/f2/whitsbury_common/;Whitsbury Common;whitsbury_common
http://www.meetup.com/cities/gb/f2/whitsbury_cross/;Whitsbury Cross;whitsbury_cross
http://www.meetup.com/cities/gb/f2/whitway/;Whitway;whitway
http://www.meetup.com/cities/gb/f2/wickham/;Wickham;wickham
http://www.meetup.com/cities/gb/f2/wickham_common/;Wickham Common;wickham_common
http://www.meetup.com/cities/gb/f2/widley/;Widley;widley
http://www.meetup.com/cities/gb/f2/wildhern/;Wildhern;wildhern
http://www.meetup.com/cities/gb/f2/winchester/;Winchester;winchester
http://www.meetup.com/cities/gb/f2/winchfield/;Winchfield;winchfield
http://www.meetup.com/cities/gb/f2/winslade/;Winslade;winslade
http://www.meetup.com/cities/gb/f2/winsor/;Winsor;winsor
http://www.meetup.com/cities/gb/f2/wivelrod/;Wivelrod;wivelrod
http://www.meetup.com/cities/gb/f2/wolverton/;Wolverton;wolverton
http://www.meetup.com/cities/gb/f2/wolverton_common/;Wolverton Common;wolverton_common
http://www.meetup.com/cities/gb/f2/wonston/;Wonston;wonston
http://www.meetup.com/cities/gb/f2/wood_end/;Wood End;wood_end
http://www.meetup.com/cities/gb/f2/woodgreen/;Woodgreen;woodgreen
http://www.meetup.com/cities/gb/f2/woodlands/;Woodlands;woodlands
http://www.meetup.com/cities/gb/f2/woodmancott/;Woodmancott;woodmancott
http://www.meetup.com/cities/gb/f2/woolton_hill/;Woolton Hill;woolton_hill
http://www.meetup.com/cities/gb/f2/wootton_st_lawrence/;Wootton St Lawrence;wootton_st_lawrence
http://www.meetup.com/cities/gb/f2/worlds_end/;Worlds End;worlds_end
http://www.meetup.com/cities/gb/f2/worthy_down/;Worthy Down;worthy_down
http://www.meetup.com/cities/gb/f2/worting/;Worting;worting
http://www.meetup.com/cities/gb/f2/wyck/;Wyck;wyck
http://www.meetup.com/cities/gb/f2/yateley/;Yateley;yateley
http://www.meetup.com/cities/gb/f2/abbotstone/;Abbotstone;abbotstone
http://www.meetup.com/cities/gb/f2/abbots_worthy/;Abbots Worthy;abbots_worthy
http://www.meetup.com/cities/gb/f2/abbotts_ann/;Abbotts Ann;abbotts_ann
http://www.meetup.com/cities/gb/f2/abbotts_ann_down/;Abbotts Ann Down;abbotts_ann_down
http://www.meetup.com/cities/gb/f2/abbotts_barton/;Abbotts Barton;abbotts_barton
http://www.meetup.com/cities/gb/f2/adbury/;Adbury;adbury
http://www.meetup.com/cities/gb/f2/alderholt/;Alderholt;alderholt
http://www.meetup.com/cities/gb/f2/aldern_bridge/;Aldern Bridge;aldern_bridge
http://www.meetup.com/cities/gb/f2/aldershot/;Aldershot;aldershot
http://www.meetup.com/cities/gb/f2/alresford/;Alresford;alresford
http://www.meetup.com/cities/gb/f2/alton/;Alton;alton
http://www.meetup.com/cities/gb/f2/alverstoke/;Alverstoke;alverstoke
http://www.meetup.com/cities/gb/f2/ampfield/;Ampfield;ampfield
http://www.meetup.com/cities/gb/f2/amport/;Amport;amport
http://www.meetup.com/cities/gb/f2/andover/;Andover;andover
http://www.meetup.com/cities/gb/f2/andover_down/;Andover Down;andover_down
http://www.meetup.com/cities/gb/f2/andwell/;Andwell;andwell
http://www.meetup.com/cities/gb/f2/anna_valley/;Anna Valley;anna_valley
http://www.meetup.com/cities/gb/f2/appleshaw/;Appleshaw;appleshaw
http://www.meetup.com/cities/gb/f2/ashe/;Ashe;ashe
http://www.meetup.com/cities/gb/f2/ashe_warren/;Ashe Warren;ashe_warren
http://www.meetup.com/cities/gb/f2/ashfield/;Ashfield;ashfield
http://www.meetup.com/cities/gb/f2/ashford_hill/;Ashford Hill;ashford_hill
http://www.meetup.com/cities/gb/f2/ashley/;Ashley;ashley
http://www.meetup.com/cities/gb/f2/ashley_warren/;Ashley Warren;ashley_warren
http://www.meetup.com/cities/gb/f2/ashmansworth/;Ashmansworth;ashmansworth
http://www.meetup.com/cities/gb/f2/ashurst/;Ashurst;ashurst
http://www.meetup.com/cities/gb/f2/avington/;Avington;avington
http://www.meetup.com/cities/gb/f2/avon/;Avon;avon
http://www.meetup.com/cities/gb/f2/avon_tyrrell/;Avon Tyrrell;avon_tyrrell
http://www.meetup.com/cities/gb/f2/awbridge/;Awbridge;awbridge
http://www.meetup.com/cities/gb/f2/axford/;Axford;axford
http://www.meetup.com/cities/gb/f2/axmansford/;Axmansford;axmansford
http://www.meetup.com/cities/gb/f2/bagnum/;Bagnum;bagnum
http://www.meetup.com/cities/gb/f2/ball_hill/;Ball Hill;ball_hill
http://www.meetup.com/cities/gb/f2/bank/;Bank;bank
http://www.meetup.com/cities/gb/f2/bartley/;Bartley;bartley
http://www.meetup.com/cities/gb/f2/barton_on_sea/;Barton on Sea;barton_on_sea
http://www.meetup.com/cities/gb/f2/barton_stacey/;Barton Stacey;barton_stacey
http://www.meetup.com/cities/gb/f2/basingstoke/;Basingstoke;basingstoke
http://www.meetup.com/cities/gb/f2/baughurst/;Baughurst;baughurst
http://www.meetup.com/cities/gb/f2/beaulieu/;Beaulieu;beaulieu
http://www.meetup.com/cities/gb/f2/beauworth/;Beauworth;beauworth
http://www.meetup.com/cities/gb/f2/beckley/;Beckley;beckley
http://www.meetup.com/cities/gb/f2/bedhampton/;Bedhampton;bedhampton
http://www.meetup.com/cities/gb/f2/beech/;Beech;beech
http://www.meetup.com/cities/gb/f2/beggarwood/;Beggarwood;beggarwood
http://www.meetup.com/cities/gb/f2/bentley/;Bentley;bentley
http://www.meetup.com/cities/gb/f2/bentworth/;Bentworth;bentworth
http://www.meetup.com/cities/gb/f2/bickton/;Bickton;bickton
http://www.meetup.com/cities/gb/f2/biddesden/;Biddesden;biddesden
http://www.meetup.com/cities/gb/f2/bighton/;Bighton;bighton
http://www.meetup.com/cities/gb/f2/binley/;Binley;binley
http://www.meetup.com/cities/gb/f2/binsted/;Binsted;binsted
http://www.meetup.com/cities/gb/f2/bishop%27s_sutton/;Bishop's Sutton;bishop%27s_sutton
http://www.meetup.com/cities/gb/f2/bishops_green/;Bishops Green;bishops_green
http://www.meetup.com/cities/gb/f2/bishops_waltham/;Bishops Waltham;bishops_waltham
http://www.meetup.com/cities/gb/f2/bisterne/;Bisterne;bisterne
http://www.meetup.com/cities/gb/f2/blackbushe_airport/;Blackbushe Airport;blackbushe_airport
http://www.meetup.com/cities/gb/f2/blackfield/;Blackfield;blackfield
http://www.meetup.com/cities/gb/f2/blackmoor/;Blackmoor;blackmoor
http://www.meetup.com/cities/gb/f2/blacknest/;Blacknest;blacknest
http://www.meetup.com/cities/gb/f2/blackwater/;Blackwater;blackwater
http://www.meetup.com/cities/gb/f2/blashford/;Blashford;blashford
http://www.meetup.com/cities/gb/f2/blendworth/;Blendworth;blendworth
http://www.meetup.com/cities/gb/f2/blissford/;Blissford;blissford
http://www.meetup.com/cities/gb/f2/bockhampton/;Bockhampton;bockhampton
http://www.meetup.com/cities/gb/f2/boldre/;Boldre;boldre
http://www.meetup.com/cities/gb/f2/bordean/;Bordean;bordean
http://www.meetup.com/cities/gb/f2/bordon/;Bordon;bordon
http://www.meetup.com/cities/gb/f2/botley/;Botley;botley
http://www.meetup.com/cities/gb/f2/bradley/;Bradley;bradley
http://www.meetup.com/cities/gb/f2/braishfield/;Braishfield;braishfield
http://www.meetup.com/cities/gb/f2/brambridge/;Brambridge;brambridge
http://www.meetup.com/cities/gb/f2/bramdean/;Bramdean;bramdean
http://www.meetup.com/cities/gb/f2/bramley/;Bramley;bramley
http://www.meetup.com/cities/gb/f2/bramley_green/;Bramley Green;bramley_green
http://www.meetup.com/cities/gb/f2/bramshaw/;Bramshaw;bramshaw
http://www.meetup.com/cities/gb/f2/bramshill/;Bramshill;bramshill
http://www.meetup.com/cities/gb/f2/bramshott/;Bramshott;bramshott
http://www.meetup.com/cities/gb/f2/bransgore/;Bransgore;bransgore
http://www.meetup.com/cities/gb/f2/breamore/;Breamore;breamore
http://www.meetup.com/cities/gb/f2/brimpton_common/;Brimpton Common;brimpton_common
http://www.meetup.com/cities/gb/f2/brockenhurst/;Brockenhurst;brockenhurst
http://www.meetup.com/cities/gb/f2/brook/;Brook;brook
http://www.meetup.com/cities/gb/f2/brookheath/;Brookheath;brookheath
http://www.meetup.com/cities/gb/f2/broughton/;Broughton;broughton
http://www.meetup.com/cities/gb/f2/brown_candover/;Brown Candover;brown_candover
http://www.meetup.com/cities/gb/f2/bucks_horn_oak/;Bucks Horn Oak;bucks_horn_oak
http://www.meetup.com/cities/gb/f2/burgate/;Burgate;burgate
http://www.meetup.com/cities/gb/f2/burghclere/;Burghclere;burghclere
http://www.meetup.com/cities/gb/f2/buriton/;Buriton;buriton
http://www.meetup.com/cities/gb/f2/burkham/;Burkham;burkham
http://www.meetup.com/cities/gb/f2/burley/;Burley;burley
http://www.meetup.com/cities/gb/f2/burridge/;Burridge;burridge
http://www.meetup.com/cities/gb/f2/bursledon/;Bursledon;bursledon
http://www.meetup.com/cities/gb/f2/butlocks_heath/;Butlocks Heath;butlocks_heath
http://www.meetup.com/cities/gb/f2/cadnam/;Cadnam;cadnam
http://www.meetup.com/cities/gb/f2/calmore/;Calmore;calmore
http://www.meetup.com/cities/gb/f2/calshot/;Calshot;calshot
http://www.meetup.com/cities/gb/f2/camberley/;Camberley;camberley
http://www.meetup.com/cities/gb/f2/catherington/;Catherington;catherington
http://www.meetup.com/cities/gb/f2/chalton/;Chalton;chalton
http://www.meetup.com/cities/gb/f2/chandler%27s_ford/;Chandler's Ford;chandler%27s_ford
http://www.meetup.com/cities/gb/f2/charlton/;Charlton;charlton
http://www.meetup.com/cities/gb/f2/charlton_down/;Charlton Down;charlton_down
http://www.meetup.com/cities/gb/f2/charter_alley/;Charter Alley;charter_alley
http://www.meetup.com/cities/gb/f2/chattis_hill/;Chattis Hill;chattis_hill
http://www.meetup.com/cities/gb/f2/chawton/;Chawton;chawton
http://www.meetup.com/cities/gb/f2/cheriton/;Cheriton;cheriton
http://www.meetup.com/cities/gb/f2/chilbolton/;Chilbolton;chilbolton
http://www.meetup.com/cities/gb/f2/chilbolton_down/;Chilbolton Down;chilbolton_down
http://www.meetup.com/cities/gb/f2/chilcomb/;Chilcomb;chilcomb
http://www.meetup.com/cities/gb/f2/chilton_candover/;Chilton Candover;chilton_candover
http://www.meetup.com/cities/gb/f2/chilworth/;Chilworth;chilworth
http://www.meetup.com/cities/gb/f2/chilworth_science_park/;Chilworth Science Park;chilworth_science_park
http://www.meetup.com/cities/gb/f2/chineham/;Chineham;chineham
http://www.meetup.com/cities/gb/f2/chineham_business_park/;Chineham Business Park;chineham_business_park
http://www.meetup.com/cities/gb/f2/christchurch/;Christchurch;christchurch
http://www.meetup.com/cities/gb/f2/church_crookham/;Church Crookham;church_crookham
http://www.meetup.com/cities/gb/f2/chute_cadley/;Chute Cadley;chute_cadley
http://www.meetup.com/cities/gb/f2/chute_forest/;Chute Forest;chute_forest
http://www.meetup.com/cities/gb/f2/chute_standen/;Chute Standen;chute_standen
http://www.meetup.com/cities/gb/f2/clanfield/;Clanfield;clanfield
http://www.meetup.com/cities/gb/f2/clanville/;Clanville;clanville
http://www.meetup.com/cities/gb/f2/cliddesden/;Cliddesden;cliddesden
http://www.meetup.com/cities/gb/f2/colden_common/;Colden Common;colden_common
http://www.meetup.com/cities/gb/f2/cole_henley/;Cole Henley;cole_henley
http://www.meetup.com/cities/gb/f2/colemore/;Colemore;colemore
http://www.meetup.com/cities/gb/f2/compton/;Compton;compton
http://www.meetup.com/cities/gb/f2/conford/;Conford;conford
http://www.meetup.com/cities/gb/f2/conholt/;Conholt;conholt
http://www.meetup.com/cities/gb/f2/copythorne/;Copythorne;copythorne
http://www.meetup.com/cities/gb/f2/corhampton/;Corhampton;corhampton
http://www.meetup.com/cities/gb/f2/cosham/;Cosham;cosham
http://www.meetup.com/cities/gb/f2/cottonworth/;Cottonworth;cottonworth
http://www.meetup.com/cities/gb/f2/cowplain/;Cowplain;cowplain
http://www.meetup.com/cities/gb/f2/crampmoor/;Crampmoor;crampmoor
http://www.meetup.com/cities/gb/f2/crawley/;Crawley;crawley
http://www.meetup.com/cities/gb/f2/crondall/;Crondall;crondall
http://www.meetup.com/cities/gb/f2/crookham_village/;Crookham Village;crookham_village
http://www.meetup.com/cities/gb/f2/crow/;Crow;crow
http://www.meetup.com/cities/gb/f2/crux_easton/;Crux Easton;crux_easton
http://www.meetup.com/cities/gb/f2/curdridge/;Curdridge;curdridge
http://www.meetup.com/cities/gb/f2/damerham/;Damerham;damerham
http://www.meetup.com/cities/gb/f2/deane/;Deane;deane
http://www.meetup.com/cities/gb/f2/denmead/;Denmead;denmead
http://www.meetup.com/cities/gb/f2/dibden/;Dibden;dibden
http://www.meetup.com/cities/gb/f2/dibden_purlieu/;Dibden Purlieu;dibden_purlieu
http://www.meetup.com/cities/gb/f2/dogmersfield/;Dogmersfield;dogmersfield
http://www.meetup.com/cities/gb/f2/downton/;Downton;downton
http://www.meetup.com/cities/gb/f2/drayton/;Drayton;drayton
http://www.meetup.com/cities/gb/f2/droxford/;Droxford;droxford
http://www.meetup.com/cities/gb/f2/dummer/;Dummer;dummer
http://www.meetup.com/cities/gb/f2/dunbridge/;Dunbridge;dunbridge
http://www.meetup.com/cities/gb/f2/dunley/;Dunley;dunley
http://www.meetup.com/cities/gb/f2/durley/;Durley;durley
http://www.meetup.com/cities/gb/f2/east_anton/;East Anton;east_anton
http://www.meetup.com/cities/gb/f2/east_boldre/;East Boldre;east_boldre
http://www.meetup.com/cities/gb/f2/east_cholderton/;East Cholderton;east_cholderton
http://www.meetup.com/cities/gb/f2/east_dean/;East Dean;east_dean
http://www.meetup.com/cities/gb/f2/east_end/;East End;east_end
http://www.meetup.com/cities/gb/f2/eastern_docks/;Eastern Docks;eastern_docks
http://www.meetup.com/cities/gb/f2/eastleigh/;Eastleigh;eastleigh
http://www.meetup.com/cities/gb/f2/east_martin/;East Martin;east_martin
http://www.meetup.com/cities/gb/f2/east_meon/;East Meon;east_meon
http://www.meetup.com/cities/gb/f2/east_mills/;East Mills;east_mills
http://www.meetup.com/cities/gb/f2/easton/;Easton;easton
http://www.meetup.com/cities/gb/f2/east_stratton/;East Stratton;east_stratton
http://www.meetup.com/cities/gb/f2/east_tisted/;East Tisted;east_tisted
http://www.meetup.com/cities/gb/f2/east_tytherley/;East Tytherley;east_tytherley
http://www.meetup.com/cities/gb/f2/east_wellow/;East Wellow;east_wellow
http://www.meetup.com/cities/gb/f2/east_woodhay/;East Woodhay;east_woodhay
http://www.meetup.com/cities/gb/f2/east_worldham/;East Worldham;east_worldham
http://www.meetup.com/cities/gb/f2/ecchinswell/;Ecchinswell;ecchinswell
http://www.meetup.com/cities/gb/f2/eling/;Eling;eling
http://www.meetup.com/cities/gb/f2/ellingham/;Ellingham;ellingham
http://www.meetup.com/cities/gb/f2/ellisfield/;Ellisfield;ellisfield
http://www.meetup.com/cities/gb/f2/elvetham/;Elvetham;elvetham
http://www.meetup.com/cities/gb/f2/emery_down/;Emery Down;emery_down
http://www.meetup.com/cities/gb/f2/empshott/;Empshott;empshott
http://www.meetup.com/cities/gb/f2/enham_alamein/;Enham Alamein;enham_alamein
http://www.meetup.com/cities/gb/f2/eversley/;Eversley;eversley
http://www.meetup.com/cities/gb/f2/eversley_centre/;Eversley Centre;eversley_centre
http://www.meetup.com/cities/gb/f2/eversley_cross/;Eversley Cross;eversley_cross
http://www.meetup.com/cities/gb/f2/everton/;Everton;everton
http://www.meetup.com/cities/gb/f2/ewshot/;Ewshot;ewshot
http://www.meetup.com/cities/gb/f2/exbury/;Exbury;exbury
http://www.meetup.com/cities/gb/f2/exton/;Exton;exton
http://www.meetup.com/cities/gb/f2/faberstown/;Faberstown;faberstown
http://www.meetup.com/cities/gb/f2/faccombe/;Faccombe;faccombe
http://www.meetup.com/cities/gb/f2/fair_oak/;Fair Oak;fair_oak
http://www.meetup.com/cities/gb/f2/fareham/;Fareham;fareham
http://www.meetup.com/cities/gb/f2/fareham_common/;Fareham Common;fareham_common
http://www.meetup.com/cities/gb/f2/farleigh_wallop/;Farleigh Wallop;farleigh_wallop
http://www.meetup.com/cities/gb/f2/farlington/;Farlington;farlington
http://www.meetup.com/cities/gb/f2/farnborough/;Farnborough;farnborough
http://www.meetup.com/cities/gb/f2/farringdon/;Farringdon;farringdon
http://www.meetup.com/cities/gb/f2/fawley/;Fawley;fawley
http://www.meetup.com/cities/gb/f2/finchdean/;Finchdean;finchdean
http://www.meetup.com/cities/gb/f2/finkley/;Finkley;finkley
http://www.meetup.com/cities/gb/f2/finkley_down/;Finkley Down;finkley_down
http://www.meetup.com/cities/gb/f2/fishers_pond/;Fishers Pond;fishers_pond
http://www.meetup.com/cities/gb/f2/fleet/;Fleet;fleet
http://www.meetup.com/cities/gb/f2/flexcombe/;Flexcombe;flexcombe
http://www.meetup.com/cities/gb/f2/fobdown/;Fobdown;fobdown
http://www.meetup.com/cities/gb/f2/fordingbridge/;Fordingbridge;fordingbridge
http://www.meetup.com/cities/gb/f2/forest_corner/;Forest Corner;forest_corner
http://www.meetup.com/cities/gb/f2/forton/;Forton;forton
http://www.meetup.com/cities/gb/f2/four_marks/;Four Marks;four_marks
http://www.meetup.com/cities/gb/f2/fox_amport/;Fox Amport;fox_amport
http://www.meetup.com/cities/gb/f2/foxcotte/;Foxcotte;foxcotte
http://www.meetup.com/cities/gb/f2/freefolk/;Freefolk;freefolk
http://www.meetup.com/cities/gb/f2/fritham/;Fritham;fritham
http://www.meetup.com/cities/gb/f2/frogham/;Frogham;frogham
http://www.meetup.com/cities/gb/f2/frogmore/;Frogmore;frogmore
http://www.meetup.com/cities/gb/f2/froxfield/;Froxfield;froxfield
http://www.meetup.com/cities/gb/f2/froyle/;Froyle;froyle
http://www.meetup.com/cities/gb/f2/fullerton/;Fullerton;fullerton
http://www.meetup.com/cities/gb/f2/furze_hill/;Furze Hill;furze_hill
http://www.meetup.com/cities/gb/f2/fyfield/;Fyfield;fyfield
http://www.meetup.com/cities/gb/f2/godshill/;Godshill;godshill
http://www.meetup.com/cities/gb/f2/godshill_green/;Godshill Green;godshill_green
http://www.meetup.com/cities/gb/f2/godshill_wood/;Godshill Wood;godshill_wood
http://www.meetup.com/cities/gb/f2/goodworth_clatford/;Goodworth Clatford;goodworth_clatford
http://www.meetup.com/cities/gb/f2/gore_end/;Gore End;gore_end
http://www.meetup.com/cities/gb/f2/gorley_lynch/;Gorley Lynch;gorley_lynch
http://www.meetup.com/cities/gb/f2/gosport/;Gosport;gosport
http://www.meetup.com/cities/gb/f2/grateley/;Grateley;grateley
http://www.meetup.com/cities/gb/f2/greatham/;Greatham;greatham
http://www.meetup.com/cities/gb/f2/great_shoddesden/;Great Shoddesden;great_shoddesden
http://www.meetup.com/cities/gb/f2/greywell/;Greywell;greywell
http://www.meetup.com/cities/gb/f2/gundleton/;Gundleton;gundleton
http://www.meetup.com/cities/gb/f2/hale/;Hale;hale
http://www.meetup.com/cities/gb/f2/hale_park/;Hale Park;hale_park
http://www.meetup.com/cities/gb/f2/hale_purlieu/;Hale Purlieu;hale_purlieu
http://www.meetup.com/cities/gb/f2/hamble/;Hamble;hamble
http://www.meetup.com/cities/gb/f2/hambledon/;Hambledon;hambledon
http://www.meetup.com/cities/gb/f2/hampshire_int_business_park/;Hampshire Int Business Park;hampshire_int_business_park
http://www.meetup.com/cities/gb/f2/hangersley/;Hangersley;hangersley
http://www.meetup.com/cities/gb/f2/hannington/;Hannington;hannington
http://www.meetup.com/cities/gb/f2/harbridge/;Harbridge;harbridge
http://www.meetup.com/cities/gb/f2/hardley/;Hardley;hardley
http://www.meetup.com/cities/gb/f2/hardway/;Hardway;hardway
http://www.meetup.com/cities/gb/f2/hare_warren/;Hare Warren;hare_warren
http://www.meetup.com/cities/gb/f2/hartford_bridge/;Hartford Bridge;hartford_bridge
http://www.meetup.com/cities/gb/f2/hartley_mauditt/;Hartley Mauditt;hartley_mauditt
http://www.meetup.com/cities/gb/f2/hartley_wespall/;Hartley Wespall;hartley_wespall
http://www.meetup.com/cities/gb/f2/hartley_wintney/;Hartley Wintney;hartley_wintney
http://www.meetup.com/cities/gb/f2/hatch_warren/;Hatch Warren;hatch_warren
http://www.meetup.com/cities/gb/f2/hatherden/;Hatherden;hatherden
http://www.meetup.com/cities/gb/f2/havant/;Havant;havant
http://www.meetup.com/cities/gb/f2/hawkley/;Hawkley;hawkley
http://www.meetup.com/cities/gb/f2/hayling_island/;Hayling Island;hayling_island
http://www.meetup.com/cities/gb/f2/hazeley_heath/;Hazeley Heath;hazeley_heath
http://www.meetup.com/cities/gb/f2/headbourne_worthy/;Headbourne Worthy;headbourne_worthy
http://www.meetup.com/cities/gb/f2/headley/;Headley;headley
http://www.meetup.com/cities/gb/f2/headley_down/;Headley Down;headley_down
http://www.meetup.com/cities/gb/f2/heath_end/;Heath End;heath_end
http://www.meetup.com/cities/gb/f2/heath_house/;Heath House;heath_house
http://www.meetup.com/cities/gb/f2/heckfield/;Heckfield;heckfield
http://www.meetup.com/cities/gb/f2/heckfield_heath/;Heckfield Heath;heckfield_heath
http://www.meetup.com/cities/gb/f2/hedge_end/;Hedge End;hedge_end
http://www.meetup.com/cities/gb/f2/herriard/;Herriard;herriard
http://www.meetup.com/cities/gb/f2/highbridge/;Highbridge;highbridge
http://www.meetup.com/cities/gb/f2/highclere/;Highclere;highclere
http://www.meetup.com/cities/gb/f2/hightown/;Hightown;hightown
http://www.meetup.com/cities/gb/f2/hightown_hill/;Hightown Hill;hightown_hill
http://www.meetup.com/cities/gb/f2/highwood/;Highwood;highwood
http://www.meetup.com/cities/gb/f2/hilsea/;Hilsea;hilsea
http://www.meetup.com/cities/gb/f2/hinton/;Hinton;hinton
http://www.meetup.com/cities/gb/f2/hinton_ampner/;Hinton Ampner;hinton_ampner
http://www.meetup.com/cities/gb/f2/h_m_naval_base/;H M Naval Base;h_m_naval_base
http://www.meetup.com/cities/gb/f2/holbury/;Holbury;holbury
http://www.meetup.com/cities/gb/f2/hollywater/;Hollywater;hollywater
http://www.meetup.com/cities/gb/f2/holmsley/;Holmsley;holmsley
http://www.meetup.com/cities/gb/f2/holt_pound/;Holt Pound;holt_pound
http://www.meetup.com/cities/gb/f2/holybourne/;Holybourne;holybourne
http://www.meetup.com/cities/gb/f2/hook/;Hook;hook
http://www.meetup.com/cities/gb/f2/hook_common/;Hook Common;hook_common
http://www.meetup.com/cities/gb/f2/hordle/;Hordle;hordle
http://www.meetup.com/cities/gb/f2/horndean/;Horndean;horndean
http://www.meetup.com/cities/gb/f2/horsebridge/;Horsebridge;horsebridge
http://www.meetup.com/cities/gb/f2/horton_heath/;Horton Heath;horton_heath
http://www.meetup.com/cities/gb/f2/houghton/;Houghton;houghton
http://www.meetup.com/cities/gb/f2/houghton_down/;Houghton Down;houghton_down
http://www.meetup.com/cities/gb/f2/hound_green/;Hound Green;hound_green
http://www.meetup.com/cities/gb/f2/hungerford/;Hungerford;hungerford
http://www.meetup.com/cities/gb/f2/hursley/;Hursley;hursley
http://www.meetup.com/cities/gb/f2/hurstbourne_priors/;Hurstbourne Priors;hurstbourne_priors
http://www.meetup.com/cities/gb/f2/hurstbourne_tarrant/;Hurstbourne Tarrant;hurstbourne_tarrant
http://www.meetup.com/cities/gb/f2/hyde/;Hyde;hyde
http://www.meetup.com/cities/gb/f2/hythe/;Hythe;hythe
http://www.meetup.com/cities/gb/f2/hythe_marina_village/;Hythe Marina Village;hythe_marina_village
http://www.meetup.com/cities/gb/f2/ibsley/;Ibsley;ibsley
http://www.meetup.com/cities/gb/f2/ibthorpe/;Ibthorpe;ibthorpe
http://www.meetup.com/cities/gb/f2/ibworth/;Ibworth;ibworth
http://www.meetup.com/cities/gb/f2/idsworth/;Idsworth;idsworth
http://www.meetup.com/cities/gb/f2/invincible_road_industrial_estate/;Invincible Road Industrial Estate;invincible_road_industrial_estate
http://www.meetup.com/cities/gb/f2/isington/;Isington;isington
http://www.meetup.com/cities/gb/f2/itchen_abbas/;Itchen Abbas;itchen_abbas
http://www.meetup.com/cities/gb/f2/itchen_stoke/;Itchen Stoke;itchen_stoke
http://www.meetup.com/cities/gb/f2/kempshott/;Kempshott;kempshott
http://www.meetup.com/cities/gb/f2/keyhaven/;Keyhaven;keyhaven
http://www.meetup.com/cities/gb/f2/kilmeston/;Kilmeston;kilmeston
http://www.meetup.com/cities/gb/f2/kimbridge/;Kimbridge;kimbridge
http://www.meetup.com/cities/gb/f2/kimpton/;Kimpton;kimpton
http://www.meetup.com/cities/gb/f2/kimpton_down/;Kimpton Down;kimpton_down
http://www.meetup.com/cities/gb/f2/kingsclere/;Kingsclere;kingsclere
http://www.meetup.com/cities/gb/f2/kingsley/;Kingsley;kingsley
http://www.meetup.com/cities/gb/f2/kings_somborne/;Kings Somborne;kings_somborne
http://www.meetup.com/cities/gb/f2/kingston/;Kingston;kingston
http://www.meetup.com/cities/gb/f2/kings_worthy/;Kings Worthy;kings_worthy
http://www.meetup.com/cities/gb/f2/knights_enham/;Knights Enham;knights_enham
http://www.meetup.com/cities/gb/f2/knowle/;Knowle;knowle
http://www.meetup.com/cities/gb/f2/langrish/;Langrish;langrish
http://www.meetup.com/cities/gb/f2/langstone/;Langstone;langstone
http://www.meetup.com/cities/gb/f2/lasham/;Lasham;lasham
http://www.meetup.com/cities/gb/f2/lasham_airfield/;Lasham Airfield;lasham_airfield
http://www.meetup.com/cities/gb/f2/laverstoke/;Laverstoke;laverstoke
http://www.meetup.com/cities/gb/f2/leckford/;Leckford;leckford
http://www.meetup.com/cities/gb/f2/lee/;Lee;lee
http://www.meetup.com/cities/gb/f2/lee-on-the-solent/;Lee-on-the-Solent;lee-on-the-solent
http://www.meetup.com/cities/gb/f2/linbrook/;Linbrook;linbrook
http://www.meetup.com/cities/gb/f2/lindford/;Lindford;lindford
http://www.meetup.com/cities/gb/f2/linford/;Linford;linford
http://www.meetup.com/cities/gb/f2/linkenholt/;Linkenholt;linkenholt
http://www.meetup.com/cities/gb/f2/linwood/;Linwood;linwood
http://www.meetup.com/cities/gb/f2/liss/;Liss;liss
http://www.meetup.com/cities/gb/f2/litchfield/;Litchfield;litchfield
http://www.meetup.com/cities/gb/f2/little_ann/;Little Ann;little_ann
http://www.meetup.com/cities/gb/f2/little_down/;Little Down;little_down
http://www.meetup.com/cities/gb/f2/little_hatherden/;Little Hatherden;little_hatherden
http://www.meetup.com/cities/gb/f2/little_london/;Little London;little_london
http://www.meetup.com/cities/gb/f2/little_park/;Little Park;little_park
http://www.meetup.com/cities/gb/f2/little_shoddesden/;Little Shoddesden;little_shoddesden
http://www.meetup.com/cities/gb/f2/little_somborne/;Little Somborne;little_somborne
http://www.meetup.com/cities/gb/f2/littleton/;Littleton;littleton
http://www.meetup.com/cities/gb/f2/lockerley/;Lockerley;lockerley
http://www.meetup.com/cities/gb/f2/locks_heath/;Locks Heath;locks_heath
http://www.meetup.com/cities/gb/f2/longmoor/;Longmoor;longmoor
http://www.meetup.com/cities/gb/f2/longparish/;Longparish;longparish
http://www.meetup.com/cities/gb/f2/longstock/;Longstock;longstock
http://www.meetup.com/cities/gb/f2/longstock_park/;Longstock Park;longstock_park
http://www.meetup.com/cities/gb/f2/long_sutton/;Long Sutton;long_sutton
http://www.meetup.com/cities/gb/f2/lopshill/;Lopshill;lopshill
http://www.meetup.com/cities/gb/f2/lovedean/;Lovedean;lovedean
http://www.meetup.com/cities/gb/f2/lower_chute/;Lower Chute;lower_chute
http://www.meetup.com/cities/gb/f2/lower_daggons/;Lower Daggons;lower_daggons
http://www.meetup.com/cities/gb/f2/lower_farringdon/;Lower Farringdon;lower_farringdon
http://www.meetup.com/cities/gb/f2/lower_froyle/;Lower Froyle;lower_froyle
http://www.meetup.com/cities/gb/f2/lower_swanwick/;Lower Swanwick;lower_swanwick
http://www.meetup.com/cities/gb/f2/lower_upham/;Lower Upham;lower_upham
http://www.meetup.com/cities/gb/f2/lower_wield/;Lower Wield;lower_wield
http://www.meetup.com/cities/gb/f2/lower_woodcott/;Lower Woodcott;lower_woodcott
http://www.meetup.com/cities/gb/f2/lower_wyke/;Lower Wyke;lower_wyke
http://www.meetup.com/cities/gb/f2/ludgershall/;Ludgershall;ludgershall
http://www.meetup.com/cities/gb/f2/lychpit/;Lychpit;lychpit
http://www.meetup.com/cities/gb/f2/lymington/;Lymington;lymington
http://www.meetup.com/cities/gb/f2/lyndhurst/;Lyndhurst;lyndhurst
http://www.meetup.com/cities/gb/f2/malshanger/;Malshanger;malshanger
http://www.meetup.com/cities/gb/f2/mapledurwell/;Mapledurwell;mapledurwell
http://www.meetup.com/cities/gb/f2/marchwood/;Marchwood;marchwood
http://www.meetup.com/cities/gb/f2/marsh_court/;Marsh Court;marsh_court
http://www.meetup.com/cities/gb/f2/martin/;Martin;martin
http://www.meetup.com/cities/gb/f2/martyr_worthy/;Martyr Worthy;martyr_worthy
http://www.meetup.com/cities/gb/f2/mattingley/;Mattingley;mattingley
http://www.meetup.com/cities/gb/f2/medstead/;Medstead;medstead
http://www.meetup.com/cities/gb/f2/meonstoke/;Meonstoke;meonstoke
http://www.meetup.com/cities/gb/f2/micheldever/;Micheldever;micheldever
http://www.meetup.com/cities/gb/f2/micheldever_station/;Micheldever Station;micheldever_station
http://www.meetup.com/cities/gb/f2/michelmersh/;Michelmersh;michelmersh
http://www.meetup.com/cities/gb/f2/middle_wallop/;Middle Wallop;middle_wallop
http://www.meetup.com/cities/gb/f2/middle_wyke/;Middle Wyke;middle_wyke
http://www.meetup.com/cities/gb/f2/midgham/;Midgham;midgham
http://www.meetup.com/cities/gb/f2/milford_on_sea/;Milford on Sea;milford_on_sea
http://www.meetup.com/cities/gb/f2/minstead/;Minstead;minstead
http://www.meetup.com/cities/gb/f2/mislingford/;Mislingford;mislingford
http://www.meetup.com/cities/gb/f2/mockbeggar/;Mockbeggar;mockbeggar
http://www.meetup.com/cities/gb/f2/monk_sherborne/;Monk Sherborne;monk_sherborne
http://www.meetup.com/cities/gb/f2/monkwood/;Monkwood;monkwood
http://www.meetup.com/cities/gb/f2/monxton/;Monxton;monxton
http://www.meetup.com/cities/gb/f2/morestead/;Morestead;morestead
http://www.meetup.com/cities/gb/f2/mortimer/;Mortimer;mortimer
http://www.meetup.com/cities/gb/f2/mortimer_common/;Mortimer Common;mortimer_common
http://www.meetup.com/cities/gb/f2/mortimer_west_end/;Mortimer West End;mortimer_west_end
http://www.meetup.com/cities/gb/f2/mottisfont/;Mottisfont;mottisfont
http://www.meetup.com/cities/gb/f2/moundsmere/;Moundsmere;moundsmere
http://www.meetup.com/cities/gb/f2/nately_scures/;Nately Scures;nately_scures
http://www.meetup.com/cities/gb/f2/neacroft/;Neacroft;neacroft
http://www.meetup.com/cities/gb/f2/neatham/;Neatham;neatham
http://www.meetup.com/cities/gb/f2/netherton/;Netherton;netherton
http://www.meetup.com/cities/gb/f2/nether_wallop/;Nether Wallop;nether_wallop
http://www.meetup.com/cities/gb/f2/netley_abbey/;Netley Abbey;netley_abbey
http://www.meetup.com/cities/gb/f2/newbury/;Newbury;newbury
http://www.meetup.com/cities/gb/f2/newfound/;Newfound;newfound
http://www.meetup.com/cities/gb/f2/new_milton/;New Milton;new_milton
http://www.meetup.com/cities/gb/f2/newnham/;Newnham;newnham
http://www.meetup.com/cities/gb/f2/newton_stacey/;Newton Stacey;newton_stacey
http://www.meetup.com/cities/gb/f2/newton_valence/;Newton Valence;newton_valence
http://www.meetup.com/cities/gb/f2/newtown/;Newtown;newtown
http://www.meetup.com/cities/gb/f2/newtown_common/;Newtown Common;newtown_common
http://www.meetup.com/cities/gb/f2/norley_wood/;Norley Wood;norley_wood
http://www.meetup.com/cities/gb/f2/north_baddesley/;North Baddesley;north_baddesley
http://www.meetup.com/cities/gb/f2/north_boarhunt/;North Boarhunt;north_boarhunt
http://www.meetup.com/cities/gb/f2/north_end/;North End;north_end
http://www.meetup.com/cities/gb/f2/north_gorley/;North Gorley;north_gorley
http://www.meetup.com/cities/gb/f2/north_houghton/;North Houghton;north_houghton
http://www.meetup.com/cities/gb/f2/northington/;Northington;northington
http://www.meetup.com/cities/gb/f2/northington_down/;Northington Down;northington_down
http://www.meetup.com/cities/gb/f2/north_oakley/;North Oakley;north_oakley
http://www.meetup.com/cities/gb/f2/north_ripley/;North Ripley;north_ripley
http://www.meetup.com/cities/gb/f2/north_sydmonton/;North Sydmonton;north_sydmonton
http://www.meetup.com/cities/gb/f2/north_waltham/;North Waltham;north_waltham
http://www.meetup.com/cities/gb/f2/north_warnborough/;North Warnborough;north_warnborough
http://www.meetup.com/cities/gb/f2/nursling/;Nursling;nursling
http://www.meetup.com/cities/gb/f2/nursted/;Nursted;nursted
http://www.meetup.com/cities/gb/f2/nutley/;Nutley;nutley
http://www.meetup.com/cities/gb/f2/oakhanger/;Oakhanger;oakhanger
http://www.meetup.com/cities/gb/f2/oakley/;Oakley;oakley
http://www.meetup.com/cities/gb/f2/ocean_village/;Ocean Village;ocean_village
http://www.meetup.com/cities/gb/f2/odiham/;Odiham;odiham
http://www.meetup.com/cities/gb/f2/ogdens/;Ogdens;ogdens
http://www.meetup.com/cities/gb/f2/old_alresford/;Old Alresford;old_alresford
http://www.meetup.com/cities/gb/f2/old_basing/;Old Basing;old_basing
http://www.meetup.com/cities/gb/f2/old_burghclere/;Old Burghclere;old_burghclere
http://www.meetup.com/cities/gb/f2/ossemsley/;Ossemsley;ossemsley
http://www.meetup.com/cities/gb/f2/otterbourne/;Otterbourne;otterbourne
http://www.meetup.com/cities/gb/f2/overton/;Overton;overton
http://www.meetup.com/cities/gb/f2/over_wallop/;Over Wallop;over_wallop
http://www.meetup.com/cities/gb/f2/ovington/;Ovington;ovington
http://www.meetup.com/cities/gb/f2/ower/;Ower;ower
http://www.meetup.com/cities/gb/f2/owslebury/;Owslebury;owslebury
http://www.meetup.com/cities/gb/f2/owslebury_bottom/;Owslebury Bottom;owslebury_bottom
http://www.meetup.com/cities/gb/f2/padworth_common/;Padworth Common;padworth_common
http://www.meetup.com/cities/gb/f2/palestine/;Palestine;palestine
http://www.meetup.com/cities/gb/f2/pamber_end/;Pamber End;pamber_end
http://www.meetup.com/cities/gb/f2/pamber_green/;Pamber Green;pamber_green
http://www.meetup.com/cities/gb/f2/pamber_heath/;Pamber Heath;pamber_heath
http://www.meetup.com/cities/gb/f2/park_gate/;Park Gate;park_gate
http://www.meetup.com/cities/gb/f2/passfield/;Passfield;passfield
http://www.meetup.com/cities/gb/f2/pennington/;Pennington;pennington
http://www.meetup.com/cities/gb/f2/penton_corner/;Penton Corner;penton_corner
http://www.meetup.com/cities/gb/f2/penton_grafton/;Penton Grafton;penton_grafton
http://www.meetup.com/cities/gb/f2/penton_harroway/;Penton Harroway;penton_harroway
http://www.meetup.com/cities/gb/f2/penton_mewsey/;Penton Mewsey;penton_mewsey
http://www.meetup.com/cities/gb/f2/penwood/;Penwood;penwood
http://www.meetup.com/cities/gb/f2/perham_down/;Perham Down;perham_down
http://www.meetup.com/cities/gb/f2/petersfield/;Petersfield;petersfield
http://www.meetup.com/cities/gb/f2/picket_hill/;Picket Hill;picket_hill
http://www.meetup.com/cities/gb/f2/picket_piece/;Picket Piece;picket_piece
http://www.meetup.com/cities/gb/f2/picket_post/;Picket Post;picket_post
http://www.meetup.com/cities/gb/f2/picket_twenty/;Picket Twenty;picket_twenty
http://www.meetup.com/cities/gb/f2/pilley/;Pilley;pilley
http://www.meetup.com/cities/gb/f2/pill_heath/;Pill Heath;pill_heath
http://www.meetup.com/cities/gb/f2/pitt/;Pitt;pitt
http://www.meetup.com/cities/gb/f2/plaitford/;Plaitford;plaitford
http://www.meetup.com/cities/gb/f2/plumley/;Plumley;plumley
http://www.meetup.com/cities/gb/f2/portchester/;Portchester;portchester
http://www.meetup.com/cities/gb/f2/portmore/;Portmore;portmore
http://www.meetup.com/cities/gb/f2/portsmouth/;Portsmouth;portsmouth
http://www.meetup.com/cities/gb/f2/port_solent/;Port Solent;port_solent
http://www.meetup.com/cities/gb/f2/poulner/;Poulner;poulner
http://www.meetup.com/cities/gb/f2/preston_candover/;Preston Candover;preston_candover
http://www.meetup.com/cities/gb/f2/priors_dean/;Priors Dean;priors_dean
http://www.meetup.com/cities/gb/f2/privett/;Privett;privett
http://www.meetup.com/cities/gb/f2/purbrook/;Purbrook;purbrook
http://www.meetup.com/cities/gb/f2/purbrook_heath/;Purbrook Heath;purbrook_heath
http://www.meetup.com/cities/gb/f2/quarley/;Quarley;quarley
http://www.meetup.com/cities/gb/f2/ragged_appleshaw/;Ragged Appleshaw;ragged_appleshaw
http://www.meetup.com/cities/gb/f2/ramridge_park/;Ramridge Park;ramridge_park
http://www.meetup.com/cities/gb/f2/ramsdean/;Ramsdean;ramsdean
http://www.meetup.com/cities/gb/f2/ramsdell/;Ramsdell;ramsdell
http://www.meetup.com/cities/gb/f2/redenham/;Redenham;redenham
http://www.meetup.com/cities/gb/f2/redenham_park/;Redenham Park;redenham_park
http://www.meetup.com/cities/gb/f2/red_post_bridge/;Red Post Bridge;red_post_bridge
http://www.meetup.com/cities/gb/f2/red_rice/;Red Rice;red_rice
http://www.meetup.com/cities/gb/f2/ringwood/;Ringwood;ringwood
http://www.meetup.com/cities/gb/f2/ripley/;Ripley;ripley
http://www.meetup.com/cities/gb/f2/rockford/;Rockford;rockford
http://www.meetup.com/cities/gb/f2/romsey/;Romsey;romsey
http://www.meetup.com/cities/gb/f2/ropley/;Ropley;ropley
http://www.meetup.com/cities/gb/f2/rotherwick/;Rotherwick;rotherwick
http://www.meetup.com/cities/gb/f2/rownhams/;Rownhams;rownhams
http://www.meetup.com/cities/gb/f2/sandford/;Sandford;sandford
http://www.meetup.com/cities/gb/f2/sandleheath/;Sandleheath;sandleheath
http://www.meetup.com/cities/gb/f2/sarisbury_green/;Sarisbury Green;sarisbury_green
http://www.meetup.com/cities/gb/f2/segensworth_west/;Segensworth West;segensworth_west
http://www.meetup.com/cities/gb/f2/selborne/;Selborne;selborne
http://www.meetup.com/cities/gb/f2/shalden/;Shalden;shalden
http://www.meetup.com/cities/gb/f2/shawford/;Shawford;shawford
http://www.meetup.com/cities/gb/f2/shedfield/;Shedfield;shedfield
http://www.meetup.com/cities/gb/f2/sherborne_st_john/;Sherborne St John;sherborne_st_john
http://www.meetup.com/cities/gb/f2/sherfield_english/;Sherfield English;sherfield_english
http://www.meetup.com/cities/gb/f2/sherfield-on-loddon/;Sherfield-on-Loddon;sherfield-on-loddon
http://www.meetup.com/cities/gb/f2/shirrell_heath/;Shirrell Heath;shirrell_heath
http://www.meetup.com/cities/gb/f2/shobley/;Shobley;shobley
http://www.meetup.com/cities/gb/f2/shootash/;Shootash;shootash
http://www.meetup.com/cities/gb/f2/silchester/;Silchester;silchester
http://www.meetup.com/cities/gb/f2/sleaford/;Sleaford;sleaford
http://www.meetup.com/cities/gb/f2/smannell/;Smannell;smannell
http://www.meetup.com/cities/gb/f2/soberton/;Soberton;soberton
http://www.meetup.com/cities/gb/f2/somerley/;Somerley;somerley
http://www.meetup.com/cities/gb/f2/sopley/;Sopley;sopley
http://www.meetup.com/cities/gb/f2/southampton/;Southampton;southampton
http://www.meetup.com/cities/gb/f2/southampton_international_airport/;Southampton International Airport;southampton_international_airport
http://www.meetup.com/cities/gb/f2/south_baddesley/;South Baddesley;south_baddesley
http://www.meetup.com/cities/gb/f2/south_boarhunt/;South Boarhunt;south_boarhunt
http://www.meetup.com/cities/gb/f2/south_gorley/;South Gorley;south_gorley
http://www.meetup.com/cities/gb/f2/south_harewood/;South Harewood;south_harewood
http://www.meetup.com/cities/gb/f2/south_litchfield/;South Litchfield;south_litchfield
http://www.meetup.com/cities/gb/f2/south_ripley/;South Ripley;south_ripley
http://www.meetup.com/cities/gb/f2/southsea/;Southsea;southsea
http://www.meetup.com/cities/gb/f2/south_warnborough/;South Warnborough;south_warnborough
http://www.meetup.com/cities/gb/f2/southwick/;Southwick;southwick
http://www.meetup.com/cities/gb/f2/south_wonston/;South Wonston;south_wonston
http://www.meetup.com/cities/gb/f2/southwood_business_park/;Southwood Business Park;southwood_business_park
http://www.meetup.com/cities/gb/f2/sparsholt/;Sparsholt;sparsholt
http://www.meetup.com/cities/gb/f2/standford/;Standford;standford
http://www.meetup.com/cities/gb/f2/st_cross/;St Cross;st_cross
http://www.meetup.com/cities/gb/f2/steep/;Steep;steep
http://www.meetup.com/cities/gb/f2/steep_marsh/;Steep Marsh;steep_marsh
http://www.meetup.com/cities/gb/f2/steventon/;Steventon;steventon
http://www.meetup.com/cities/gb/f2/st_mary_bourne/;St Mary Bourne;st_mary_bourne
http://www.meetup.com/cities/gb/f2/stockbridge/;Stockbridge;stockbridge
http://www.meetup.com/cities/gb/f2/stoke/;Stoke;stoke
http://www.meetup.com/cities/gb/f2/stoke_charity/;Stoke Charity;stoke_charity
http://www.meetup.com/cities/gb/f2/stoney_cross/;Stoney Cross;stoney_cross
http://www.meetup.com/cities/gb/f2/stratfield_saye/;Stratfield Saye;stratfield_saye
http://www.meetup.com/cities/gb/f2/stratfield_turgis/;Stratfield Turgis;stratfield_turgis
http://www.meetup.com/cities/gb/f2/stroud/;Stroud;stroud
http://www.meetup.com/cities/gb/f2/stubbington/;Stubbington;stubbington
http://www.meetup.com/cities/gb/f2/stuckton/;Stuckton;stuckton
http://www.meetup.com/cities/gb/f2/sutton_scotney/;Sutton Scotney;sutton_scotney
http://www.meetup.com/cities/gb/f2/swanmore/;Swanmore;swanmore
http://www.meetup.com/cities/gb/f2/swanwick/;Swanwick;swanwick
http://www.meetup.com/cities/gb/f2/swarraton/;Swarraton;swarraton
http://www.meetup.com/cities/gb/f2/sway/;Sway;sway
http://www.meetup.com/cities/gb/f2/tadley/;Tadley;tadley
http://www.meetup.com/cities/gb/f2/tangley/;Tangley;tangley
http://www.meetup.com/cities/gb/f2/temple_valley/;Temple Valley;temple_valley
http://www.meetup.com/cities/gb/f2/thedden/;Thedden;thedden
http://www.meetup.com/cities/gb/f2/thorney_hill/;Thorney Hill;thorney_hill
http://www.meetup.com/cities/gb/f2/thruxton/;Thruxton;thruxton
http://www.meetup.com/cities/gb/f2/thruxton_airport/;Thruxton Airport;thruxton_airport
http://www.meetup.com/cities/gb/f2/thruxton_down/;Thruxton Down;thruxton_down
http://www.meetup.com/cities/gb/f2/tichborne/;Tichborne;tichborne
http://www.meetup.com/cities/gb/f2/tile_barn/;Tile Barn;tile_barn
http://www.meetup.com/cities/gb/f2/timsbury/;Timsbury;timsbury
http://www.meetup.com/cities/gb/f2/tinkers_cross/;Tinkers Cross;tinkers_cross
http://www.meetup.com/cities/gb/f2/tiptoe/;Tiptoe;tiptoe
http://www.meetup.com/cities/gb/f2/titchfield/;Titchfield;titchfield
http://www.meetup.com/cities/gb/f2/totton/;Totton;totton
http://www.meetup.com/cities/gb/f2/tufton/;Tufton;tufton
http://www.meetup.com/cities/gb/f2/tufton_warren/;Tufton Warren;tufton_warren
http://www.meetup.com/cities/gb/f2/tunworth/;Tunworth;tunworth
http://www.meetup.com/cities/gb/f2/turgis_green/;Turgis Green;turgis_green
http://www.meetup.com/cities/gb/f2/twyford/;Twyford;twyford
http://www.meetup.com/cities/gb/f2/twyford_moors/;Twyford Moors;twyford_moors
http://www.meetup.com/cities/gb/f2/upham/;Upham;upham
http://www.meetup.com/cities/gb/f2/up_nately/;Up Nately;up_nately
http://www.meetup.com/cities/gb/f2/upper_chute/;Upper Chute;upper_chute
http://www.meetup.com/cities/gb/f2/upper_clatford/;Upper Clatford;upper_clatford
http://www.meetup.com/cities/gb/f2/upper_enham/;Upper Enham;upper_enham
http://www.meetup.com/cities/gb/f2/upper_farringdon/;Upper Farringdon;upper_farringdon
http://www.meetup.com/cities/gb/f2/upper_froyle/;Upper Froyle;upper_froyle
http://www.meetup.com/cities/gb/f2/upper_wield/;Upper Wield;upper_wield
http://www.meetup.com/cities/gb/f2/upper_woodcott/;Upper Woodcott;upper_woodcott
http://www.meetup.com/cities/gb/f2/upper_wootton/;Upper Wootton;upper_wootton
http://www.meetup.com/cities/gb/f2/up_somborne/;Up Somborne;up_somborne
http://www.meetup.com/cities/gb/f2/upton/;Upton;upton
http://www.meetup.com/cities/gb/f2/upton_grey/;Upton Grey;upton_grey
http://www.meetup.com/cities/gb/f2/vernham_dean/;Vernham Dean;vernham_dean
http://www.meetup.com/cities/gb/f2/vernham_street/;Vernham Street;vernham_street
http://www.meetup.com/cities/gb/f2/verwood/;Verwood;verwood
http://www.meetup.com/cities/gb/f2/wadwick/;Wadwick;wadwick
http://www.meetup.com/cities/gb/f2/walhampton/;Walhampton;walhampton
http://www.meetup.com/cities/gb/f2/walkford/;Walkford;walkford
http://www.meetup.com/cities/gb/f2/waltham_chase/;Waltham Chase;waltham_chase
http://www.meetup.com/cities/gb/f2/walworth_industrial_estate/;Walworth Industrial Estate;walworth_industrial_estate
http://www.meetup.com/cities/gb/f2/warnford/;Warnford;warnford
http://www.meetup.com/cities/gb/f2/warsash/;Warsash;warsash
http://www.meetup.com/cities/gb/f2/wash_water/;Wash Water;wash_water
http://www.meetup.com/cities/gb/f2/waterlooville/;Waterlooville;waterlooville
http://www.meetup.com/cities/gb/f2/well/;Well;well
http://www.meetup.com/cities/gb/f2/wells-in-the-field/;Wells-in-the-Field;wells-in-the-field
http://www.meetup.com/cities/gb/f2/west_end/;West End;west_end
http://www.meetup.com/cities/gb/f2/western_docks/;Western Docks;western_docks
http://www.meetup.com/cities/gb/f2/west_heath/;West Heath;west_heath
http://www.meetup.com/cities/gb/f2/west_meon/;West Meon;west_meon
http://www.meetup.com/cities/gb/f2/weston/;Weston;weston
http://www.meetup.com/cities/gb/f2/weston_colley/;Weston Colley;weston_colley
http://www.meetup.com/cities/gb/f2/weston_corbett/;Weston Corbett;weston_corbett
http://www.meetup.com/cities/gb/f2/weston_patrick/;Weston Patrick;weston_patrick
http://www.meetup.com/cities/gb/f2/west_stratton/;West Stratton;west_stratton
http://www.meetup.com/cities/gb/f2/west_tisted/;West Tisted;west_tisted
http://www.meetup.com/cities/gb/f2/west_wellow/;West Wellow;west_wellow
http://www.meetup.com/cities/gb/f2/west_woodhay/;West Woodhay;west_woodhay
http://www.meetup.com/cities/gb/f2/west_worldham/;West Worldham;west_worldham
http://www.meetup.com/cities/gb/f2/weyhill/;Weyhill;weyhill
http://www.meetup.com/cities/gb/f2/wherwell/;Wherwell;wherwell
http://www.meetup.com/cities/gb/f2/wherwell_wood/;Wherwell Wood;wherwell_wood
http://www.meetup.com/cities/gb/f2/whitchurch/;Whitchurch;whitchurch
http://www.meetup.com/cities/gb/f2/whitehill/;Whitehill;whitehill
http://www.meetup.com/cities/gb/f2/whiteley/;Whiteley;whiteley
http://www.meetup.com/cities/gb/f2/whitnal/;Whitnal;whitnal
http://www.meetup.com/cities/gb/f2/whitsbury/;Whitsbury;whitsbury
http://www.meetup.com/cities/gb/f2/whitsbury_common/;Whitsbury Common;whitsbury_common
http://www.meetup.com/cities/gb/f2/whitsbury_cross/;Whitsbury Cross;whitsbury_cross
http://www.meetup.com/cities/gb/f2/whitway/;Whitway;whitway
http://www.meetup.com/cities/gb/f2/wickham/;Wickham;wickham
http://www.meetup.com/cities/gb/f2/wickham_common/;Wickham Common;wickham_common
http://www.meetup.com/cities/gb/f2/widley/;Widley;widley
http://www.meetup.com/cities/gb/f2/wildhern/;Wildhern;wildhern
http://www.meetup.com/cities/gb/f2/winchester/;Winchester;winchester
http://www.meetup.com/cities/gb/f2/winchfield/;Winchfield;winchfield
http://www.meetup.com/cities/gb/f2/winslade/;Winslade;winslade
http://www.meetup.com/cities/gb/f2/winsor/;Winsor;winsor
http://www.meetup.com/cities/gb/f2/wivelrod/;Wivelrod;wivelrod
http://www.meetup.com/cities/gb/f2/wolverton/;Wolverton;wolverton
http://www.meetup.com/cities/gb/f2/wolverton_common/;Wolverton Common;wolverton_common
http://www.meetup.com/cities/gb/f2/wonston/;Wonston;wonston
http://www.meetup.com/cities/gb/f2/wood_end/;Wood End;wood_end
http://www.meetup.com/cities/gb/f2/woodgreen/;Woodgreen;woodgreen
http://www.meetup.com/cities/gb/f2/woodlands/;Woodlands;woodlands
http://www.meetup.com/cities/gb/f2/woodmancott/;Woodmancott;woodmancott
http://www.meetup.com/cities/gb/f2/woolton_hill/;Woolton Hill;woolton_hill
http://www.meetup.com/cities/gb/f2/wootton_st_lawrence/;Wootton St Lawrence;wootton_st_lawrence
http://www.meetup.com/cities/gb/f2/worlds_end/;Worlds End;worlds_end
http://www.meetup.com/cities/gb/f2/worthy_down/;Worthy Down;worthy_down
http://www.meetup.com/cities/gb/f2/worting/;Worting;worting
http://www.meetup.com/cities/gb/f2/wyck/;Wyck;wyck
http://www.meetup.com/cities/gb/f2/yateley/;Yateley;yateley
