http://www.meetup.com/cities/gb/c5/ackers_crossing/;Ackers Crossing;ackers_crossing
http://www.meetup.com/cities/gb/c5/acton/;Acton;acton
http://www.meetup.com/cities/gb/c5/acton_bridge/;Acton Bridge;acton_bridge
http://www.meetup.com/cities/gb/c5/adlington/;Adlington;adlington
http://www.meetup.com/cities/gb/c5/agden/;Agden;agden
http://www.meetup.com/cities/gb/c5/alderley_edge/;Alderley Edge;alderley_edge
http://www.meetup.com/cities/gb/c5/aldford/;Aldford;aldford
http://www.meetup.com/cities/gb/c5/allgreave/;Allgreave;allgreave
http://www.meetup.com/cities/gb/c5/allostock/;Allostock;allostock
http://www.meetup.com/cities/gb/c5/alpraham/;Alpraham;alpraham
http://www.meetup.com/cities/gb/c5/alsager/;Alsager;alsager
http://www.meetup.com/cities/gb/c5/altrincham/;Altrincham;altrincham
http://www.meetup.com/cities/gb/c5/alvanley/;Alvanley;alvanley
http://www.meetup.com/cities/gb/c5/alvaston/;Alvaston;alvaston
http://www.meetup.com/cities/gb/c5/anderton/;Anderton;anderton
http://www.meetup.com/cities/gb/c5/antrobus/;Antrobus;antrobus
http://www.meetup.com/cities/gb/c5/appleton/;Appleton;appleton
http://www.meetup.com/cities/gb/c5/appleton_thorn/;Appleton Thorn;appleton_thorn
http://www.meetup.com/cities/gb/c5/arclid/;Arclid;arclid
http://www.meetup.com/cities/gb/c5/arley/;Arley;arley
http://www.meetup.com/cities/gb/c5/ashbrook/;Ashbrook;ashbrook
http://www.meetup.com/cities/gb/c5/ashley/;Ashley;ashley
http://www.meetup.com/cities/gb/c5/ashton/;Ashton;ashton
http://www.meetup.com/cities/gb/c5/astbury/;Astbury;astbury
http://www.meetup.com/cities/gb/c5/astmoor/;Astmoor;astmoor
http://www.meetup.com/cities/gb/c5/astmoor_bridge/;Astmoor Bridge;astmoor_bridge
http://www.meetup.com/cities/gb/c5/astmoor_industrial_estate/;Astmoor Industrial Estate;astmoor_industrial_estate
http://www.meetup.com/cities/gb/c5/aston/;Aston;aston
http://www.meetup.com/cities/gb/c5/aston_by_budworth/;Aston by Budworth;aston_by_budworth
http://www.meetup.com/cities/gb/c5/aston_juxta_mondrum/;Aston Juxta Mondrum;aston_juxta_mondrum
http://www.meetup.com/cities/gb/c5/audlem/;Audlem;audlem
http://www.meetup.com/cities/gb/c5/austerson/;Austerson;austerson
http://www.meetup.com/cities/gb/c5/backford/;Backford;backford
http://www.meetup.com/cities/gb/c5/baddiley/;Baddiley;baddiley
http://www.meetup.com/cities/gb/c5/baddington/;Baddington;baddington
http://www.meetup.com/cities/gb/c5/balderton/;Balderton;balderton
http://www.meetup.com/cities/gb/c5/barbridge/;Barbridge;barbridge
http://www.meetup.com/cities/gb/c5/barnton/;Barnton;barnton
http://www.meetup.com/cities/gb/c5/barthomley/;Barthomley;barthomley
http://www.meetup.com/cities/gb/c5/bartington/;Bartington;bartington
http://www.meetup.com/cities/gb/c5/barton/;Barton;barton
http://www.meetup.com/cities/gb/c5/basford/;Basford;basford
http://www.meetup.com/cities/gb/c5/batherton/;Batherton;batherton
http://www.meetup.com/cities/gb/c5/beechwood/;Beechwood;beechwood
http://www.meetup.com/cities/gb/c5/beeston/;Beeston;beeston
http://www.meetup.com/cities/gb/c5/beeston_castle/;Beeston Castle;beeston_castle
http://www.meetup.com/cities/gb/c5/belgrave/;Belgrave;belgrave
http://www.meetup.com/cities/gb/c5/betchton/;Betchton;betchton
http://www.meetup.com/cities/gb/c5/bewsey/;Bewsey;bewsey
http://www.meetup.com/cities/gb/c5/bickerton/;Bickerton;bickerton
http://www.meetup.com/cities/gb/c5/bickley/;Bickley;bickley
http://www.meetup.com/cities/gb/c5/bickley_moss/;Bickley Moss;bickley_moss
http://www.meetup.com/cities/gb/c5/bickley_town/;Bickley Town;bickley_town
http://www.meetup.com/cities/gb/c5/bickley_wood/;Bickley Wood;bickley_wood
http://www.meetup.com/cities/gb/c5/birchwood/;Birchwood;birchwood
http://www.meetup.com/cities/gb/c5/birchwood_park/;Birchwood Park;birchwood_park
http://www.meetup.com/cities/gb/c5/blacon/;Blacon;blacon
http://www.meetup.com/cities/gb/c5/blakelow/;Blakelow;blakelow
http://www.meetup.com/cities/gb/c5/blakenhall/;Blakenhall;blakenhall
http://www.meetup.com/cities/gb/c5/bollington/;Bollington;bollington
http://www.meetup.com/cities/gb/c5/bosley/;Bosley;bosley
http://www.meetup.com/cities/gb/c5/bostock/;Bostock;bostock
http://www.meetup.com/cities/gb/c5/bowdon/;Bowdon;bowdon
http://www.meetup.com/cities/gb/c5/bradeley_green/;Bradeley Green;bradeley_green
http://www.meetup.com/cities/gb/c5/bradfield_green/;Bradfield Green;bradfield_green
http://www.meetup.com/cities/gb/c5/bradley/;Bradley;bradley
http://www.meetup.com/cities/gb/c5/bradley_brook/;Bradley Brook;bradley_brook
http://www.meetup.com/cities/gb/c5/bradley_common/;Bradley Common;bradley_common
http://www.meetup.com/cities/gb/c5/bradwall/;Bradwall;bradwall
http://www.meetup.com/cities/gb/c5/bramhall/;Bramhall;bramhall
http://www.meetup.com/cities/gb/c5/brassey_green/;Brassey Green;brassey_green
http://www.meetup.com/cities/gb/c5/bredbury/;Bredbury;bredbury
http://www.meetup.com/cities/gb/c5/bredbury_park_industrial_estate/;Bredbury Park Industrial Estate;bredbury_park_industrial_estate
http://www.meetup.com/cities/gb/c5/brereton/;Brereton;brereton
http://www.meetup.com/cities/gb/c5/brereton_heath/;Brereton Heath;brereton_heath
http://www.meetup.com/cities/gb/c5/bridgemere/;Bridgemere;bridgemere
http://www.meetup.com/cities/gb/c5/bridge_trafford/;Bridge Trafford;bridge_trafford
http://www.meetup.com/cities/gb/c5/brindley/;Brindley;brindley
http://www.meetup.com/cities/gb/c5/broadheath/;Broadheath;broadheath
http://www.meetup.com/cities/gb/c5/brookvale/;Brookvale;brookvale
http://www.meetup.com/cities/gb/c5/broomhall/;Broomhall;broomhall
http://www.meetup.com/cities/gb/c5/brown_knowl/;Brown Knowl;brown_knowl
http://www.meetup.com/cities/gb/c5/brownlow/;Brownlow;brownlow
http://www.meetup.com/cities/gb/c5/broxton/;Broxton;broxton
http://www.meetup.com/cities/gb/c5/bruera/;Bruera;bruera
http://www.meetup.com/cities/gb/c5/bucklow_hill/;Bucklow Hill;bucklow_hill
http://www.meetup.com/cities/gb/c5/budworth_heath/;Budworth Heath;budworth_heath
http://www.meetup.com/cities/gb/c5/buerton/;Buerton;buerton
http://www.meetup.com/cities/gb/c5/buglawton/;Buglawton;buglawton
http://www.meetup.com/cities/gb/c5/bulkeley/;Bulkeley;bulkeley
http://www.meetup.com/cities/gb/c5/bunbury/;Bunbury;bunbury
http://www.meetup.com/cities/gb/c5/bunbury_heath/;Bunbury Heath;bunbury_heath
http://www.meetup.com/cities/gb/c5/burland/;Burland;burland
http://www.meetup.com/cities/gb/c5/burton/;Burton;burton
http://www.meetup.com/cities/gb/c5/burtonwood/;Burtonwood;burtonwood
http://www.meetup.com/cities/gb/c5/burwardsley/;Burwardsley;burwardsley
http://www.meetup.com/cities/gb/c5/byley/;Byley;byley
http://www.meetup.com/cities/gb/c5/callands/;Callands;callands
http://www.meetup.com/cities/gb/c5/calveley/;Calveley;calveley
http://www.meetup.com/cities/gb/c5/capenhurst/;Capenhurst;capenhurst
http://www.meetup.com/cities/gb/c5/capesthorne/;Capesthorne;capesthorne
http://www.meetup.com/cities/gb/c5/carrington/;Carrington;carrington
http://www.meetup.com/cities/gb/c5/castlefields/;Castlefields;castlefields
http://www.meetup.com/cities/gb/c5/castletown/;Castletown;castletown
http://www.meetup.com/cities/gb/c5/caughall/;Caughall;caughall
http://www.meetup.com/cities/gb/c5/cheadle/;Cheadle;cheadle
http://www.meetup.com/cities/gb/c5/cheadle_hulme/;Cheadle Hulme;cheadle_hulme
http://www.meetup.com/cities/gb/c5/checkley/;Checkley;checkley
http://www.meetup.com/cities/gb/c5/chelford/;Chelford;chelford
http://www.meetup.com/cities/gb/c5/chester/;Chester;chester
http://www.meetup.com/cities/gb/c5/chester_business_park/;Chester Business Park;chester_business_park
http://www.meetup.com/cities/gb/c5/chidlow/;Chidlow;chidlow
http://www.meetup.com/cities/gb/c5/childer_thornton/;Childer Thornton;childer_thornton
http://www.meetup.com/cities/gb/c5/cholmondeley/;Cholmondeley;cholmondeley
http://www.meetup.com/cities/gb/c5/cholmondeston/;Cholmondeston;cholmondeston
http://www.meetup.com/cities/gb/c5/chorley/;Chorley;chorley
http://www.meetup.com/cities/gb/c5/chorlton/;Chorlton;chorlton
http://www.meetup.com/cities/gb/c5/chorlton-by-backford/;Chorlton-by-Backford;chorlton-by-backford
http://www.meetup.com/cities/gb/c5/christleton/;Christleton;christleton
http://www.meetup.com/cities/gb/c5/church_minshull/;Church Minshull;church_minshull
http://www.meetup.com/cities/gb/c5/churton/;Churton;churton
http://www.meetup.com/cities/gb/c5/churton_heath/;Churton Heath;churton_heath
http://www.meetup.com/cities/gb/c5/clayhill_light_industrial_park/;Clayhill Light Industrial Park;clayhill_light_industrial_park
http://www.meetup.com/cities/gb/c5/clifton/;Clifton;clifton
http://www.meetup.com/cities/gb/c5/clotton/;Clotton;clotton
http://www.meetup.com/cities/gb/c5/clotton_hoofield/;Clotton Hoofield;clotton_hoofield
http://www.meetup.com/cities/gb/c5/clutton/;Clutton;clutton
http://www.meetup.com/cities/gb/c5/coddington/;Coddington;coddington
http://www.meetup.com/cities/gb/c5/collins_green/;Collins Green;collins_green
http://www.meetup.com/cities/gb/c5/comberbach/;Comberbach;comberbach
http://www.meetup.com/cities/gb/c5/combermere/;Combermere;combermere
http://www.meetup.com/cities/gb/c5/compstall/;Compstall;compstall
http://www.meetup.com/cities/gb/c5/coole_pilate/;Coole Pilate;coole_pilate
http://www.meetup.com/cities/gb/c5/cotebrook/;Cotebrook;cotebrook
http://www.meetup.com/cities/gb/c5/cotton_edmunds/;Cotton Edmunds;cotton_edmunds
http://www.meetup.com/cities/gb/c5/cox_bank/;Cox Bank;cox_bank
http://www.meetup.com/cities/gb/c5/cranage/;Cranage;cranage
http://www.meetup.com/cities/gb/c5/crewe/;Crewe;crewe
http://www.meetup.com/cities/gb/c5/crewe_by_farndon/;Crewe by Farndon;crewe_by_farndon
http://www.meetup.com/cities/gb/c5/crewe_green/;Crewe Green;crewe_green
http://www.meetup.com/cities/gb/c5/croft/;Croft;croft
http://www.meetup.com/cities/gb/c5/croughton/;Croughton;croughton
http://www.meetup.com/cities/gb/c5/crowley/;Crowley;crowley
http://www.meetup.com/cities/gb/c5/crowton/;Crowton;crowton
http://www.meetup.com/cities/gb/c5/croxton_green/;Croxton Green;croxton_green
http://www.meetup.com/cities/gb/c5/cuddington/;Cuddington;cuddington
http://www.meetup.com/cities/gb/c5/cuerdley/;Cuerdley;cuerdley
http://www.meetup.com/cities/gb/c5/daresbury/;Daresbury;daresbury
http://www.meetup.com/cities/gb/c5/darnhall/;Darnhall;darnhall
http://www.meetup.com/cities/gb/c5/davenham/;Davenham;davenham
http://www.meetup.com/cities/gb/c5/davenport/;Davenport;davenport
http://www.meetup.com/cities/gb/c5/delamere/;Delamere;delamere
http://www.meetup.com/cities/gb/c5/demmings_industrial_estate/;Demmings Industrial Estate;demmings_industrial_estate
http://www.meetup.com/cities/gb/c5/disley/;Disley;disley
http://www.meetup.com/cities/gb/c5/doddington/;Doddington;doddington
http://www.meetup.com/cities/gb/c5/dodleston/;Dodleston;dodleston
http://www.meetup.com/cities/gb/c5/duckington/;Duckington;duckington
http://www.meetup.com/cities/gb/c5/duddon/;Duddon;duddon
http://www.meetup.com/cities/gb/c5/dunham_massey/;Dunham Massey;dunham_massey
http://www.meetup.com/cities/gb/c5/dunham_on_the_hill/;Dunham on the Hill;dunham_on_the_hill
http://www.meetup.com/cities/gb/c5/dunham_town/;Dunham Town;dunham_town
http://www.meetup.com/cities/gb/c5/dunkirk/;Dunkirk;dunkirk
http://www.meetup.com/cities/gb/c5/dutton/;Dutton;dutton
http://www.meetup.com/cities/gb/c5/eaton/;Eaton;eaton
http://www.meetup.com/cities/gb/c5/eaton_bank_trading_estate/;Eaton Bank Trading Estate;eaton_bank_trading_estate
http://www.meetup.com/cities/gb/c5/ebnal/;Ebnal;ebnal
http://www.meetup.com/cities/gb/c5/eccleston/;Eccleston;eccleston
http://www.meetup.com/cities/gb/c5/edge/;Edge;edge
http://www.meetup.com/cities/gb/c5/edleston/;Edleston;edleston
http://www.meetup.com/cities/gb/c5/egerton/;Egerton;egerton
http://www.meetup.com/cities/gb/c5/ellesmere_port/;Ellesmere Port;ellesmere_port
http://www.meetup.com/cities/gb/c5/elton/;Elton;elton
http://www.meetup.com/cities/gb/c5/elworth/;Elworth;elworth
http://www.meetup.com/cities/gb/c5/englesea_brook/;Englesea Brook;englesea_brook
http://www.meetup.com/cities/gb/c5/ettiley_heath/;Ettiley Heath;ettiley_heath
http://www.meetup.com/cities/gb/c5/faddiley/;Faddiley;faddiley
http://www.meetup.com/cities/gb/c5/farndon/;Farndon;farndon
http://www.meetup.com/cities/gb/c5/fearnhead/;Fearnhead;fearnhead
http://www.meetup.com/cities/gb/c5/firswood/;Firswood;firswood
http://www.meetup.com/cities/gb/c5/frodsham/;Frodsham;frodsham
http://www.meetup.com/cities/gb/c5/gatley/;Gatley;gatley
http://www.meetup.com/cities/gb/c5/gawsworth/;Gawsworth;gawsworth
http://www.meetup.com/cities/gb/c5/glazebrook/;Glazebrook;glazebrook
http://www.meetup.com/cities/gb/c5/goostrey/;Goostrey;goostrey
http://www.meetup.com/cities/gb/c5/gorstage/;Gorstage;gorstage
http://www.meetup.com/cities/gb/c5/grappenhall/;Grappenhall;grappenhall
http://www.meetup.com/cities/gb/c5/great_barrow/;Great Barrow;great_barrow
http://www.meetup.com/cities/gb/c5/great_boughton/;Great Boughton;great_boughton
http://www.meetup.com/cities/gb/c5/great_budworth/;Great Budworth;great_budworth
http://www.meetup.com/cities/gb/c5/great_sutton/;Great Sutton;great_sutton
http://www.meetup.com/cities/gb/c5/great_warford/;Great Warford;great_warford
http://www.meetup.com/cities/gb/c5/guilden_sutton/;Guilden Sutton;guilden_sutton
http://www.meetup.com/cities/gb/c5/hale/;Hale;hale
http://www.meetup.com/cities/gb/c5/halebank/;Halebank;halebank
http://www.meetup.com/cities/gb/c5/hale_barns/;Hale Barns;hale_barns
http://www.meetup.com/cities/gb/c5/hallwood_park/;Hallwood Park;hallwood_park
http://www.meetup.com/cities/gb/c5/halton/;Halton;halton
http://www.meetup.com/cities/gb/c5/halton_brook/;Halton Brook;halton_brook
http://www.meetup.com/cities/gb/c5/halton_lodge/;Halton Lodge;halton_lodge
http://www.meetup.com/cities/gb/c5/hampton/;Hampton;hampton
http://www.meetup.com/cities/gb/c5/hampton_green/;Hampton Green;hampton_green
http://www.meetup.com/cities/gb/c5/handbridge/;Handbridge;handbridge
http://www.meetup.com/cities/gb/c5/handforth/;Handforth;handforth
http://www.meetup.com/cities/gb/c5/handley/;Handley;handley
http://www.meetup.com/cities/gb/c5/hankelow/;Hankelow;hankelow
http://www.meetup.com/cities/gb/c5/hapsford/;Hapsford;hapsford
http://www.meetup.com/cities/gb/c5/hargrave/;Hargrave;hargrave
http://www.meetup.com/cities/gb/c5/hartford/;Hartford;hartford
http://www.meetup.com/cities/gb/c5/harthill/;Harthill;harthill
http://www.meetup.com/cities/gb/c5/haslington/;Haslington;haslington
http://www.meetup.com/cities/gb/c5/hassall/;Hassall;hassall
http://www.meetup.com/cities/gb/c5/hassall_green/;Hassall Green;hassall_green
http://www.meetup.com/cities/gb/c5/hatherton/;Hatherton;hatherton
http://www.meetup.com/cities/gb/c5/hatton/;Hatton;hatton
http://www.meetup.com/cities/gb/c5/hatton_heath/;Hatton Heath;hatton_heath
http://www.meetup.com/cities/gb/c5/haughton/;Haughton;haughton
http://www.meetup.com/cities/gb/c5/havannah/;Havannah;havannah
http://www.meetup.com/cities/gb/c5/hazel_grove/;Hazel Grove;hazel_grove
http://www.meetup.com/cities/gb/c5/heald_green/;Heald Green;heald_green
http://www.meetup.com/cities/gb/c5/heaton_chapel/;Heaton Chapel;heaton_chapel
http://www.meetup.com/cities/gb/c5/heaton_mersey/;Heaton Mersey;heaton_mersey
http://www.meetup.com/cities/gb/c5/helsby/;Helsby;helsby
http://www.meetup.com/cities/gb/c5/henbury/;Henbury;henbury
http://www.meetup.com/cities/gb/c5/henhull/;Henhull;henhull
http://www.meetup.com/cities/gb/c5/hetherson_green/;Hetherson Green;hetherson_green
http://www.meetup.com/cities/gb/c5/higher_walton/;Higher Walton;higher_walton
http://www.meetup.com/cities/gb/c5/higher_whitley/;Higher Whitley;higher_whitley
http://www.meetup.com/cities/gb/c5/high_lane/;High Lane;high_lane
http://www.meetup.com/cities/gb/c5/high_legh/;High Legh;high_legh
http://www.meetup.com/cities/gb/c5/hockenhull/;Hockenhull;hockenhull
http://www.meetup.com/cities/gb/c5/holmes_chapel/;Holmes Chapel;holmes_chapel
http://www.meetup.com/cities/gb/c5/hoole/;Hoole;hoole
http://www.meetup.com/cities/gb/c5/hoole_village/;Hoole Village;hoole_village
http://www.meetup.com/cities/gb/c5/hooton/;Hooton;hooton
http://www.meetup.com/cities/gb/c5/hough/;Hough;hough
http://www.meetup.com/cities/gb/c5/houghton_green/;Houghton Green;houghton_green
http://www.meetup.com/cities/gb/c5/howbeck/;Howbeck;howbeck
http://www.meetup.com/cities/gb/c5/hulme_walfield/;Hulme Walfield;hulme_walfield
http://www.meetup.com/cities/gb/c5/hunsterson/;Hunsterson;hunsterson
http://www.meetup.com/cities/gb/c5/huntington/;Huntington;huntington
http://www.meetup.com/cities/gb/c5/hurleston/;Hurleston;hurleston
http://www.meetup.com/cities/gb/c5/huxley/;Huxley;huxley
http://www.meetup.com/cities/gb/c5/iddenshall/;Iddenshall;iddenshall
http://www.meetup.com/cities/gb/c5/ince/;Ince;ince
http://www.meetup.com/cities/gb/c5/kelsall/;Kelsall;kelsall
http://www.meetup.com/cities/gb/c5/kenyon/;Kenyon;kenyon
http://www.meetup.com/cities/gb/c5/kermincham/;Kermincham;kermincham
http://www.meetup.com/cities/gb/c5/kerridge/;Kerridge;kerridge
http://www.meetup.com/cities/gb/c5/kettleshulme/;Kettleshulme;kettleshulme
http://www.meetup.com/cities/gb/c5/kidnal/;Kidnal;kidnal
http://www.meetup.com/cities/gb/c5/kinderton/;Kinderton;kinderton
http://www.meetup.com/cities/gb/c5/kingsley/;Kingsley;kingsley
http://www.meetup.com/cities/gb/c5/kingswood/;Kingswood;kingswood
http://www.meetup.com/cities/gb/c5/knolls_green_village/;Knolls Green Village;knolls_green_village
http://www.meetup.com/cities/gb/c5/knutsford/;Knutsford;knutsford
http://www.meetup.com/cities/gb/c5/knutsford_business_park/;Knutsford Business Park;knutsford_business_park
http://www.meetup.com/cities/gb/c5/lach_dennis/;Lach Dennis;lach_dennis
http://www.meetup.com/cities/gb/c5/lache/;Lache;lache
http://www.meetup.com/cities/gb/c5/langley/;Langley;langley
http://www.meetup.com/cities/gb/c5/larkton/;Larkton;larkton
http://www.meetup.com/cities/gb/c5/latchford/;Latchford;latchford
http://www.meetup.com/cities/gb/c5/ledsham/;Ledsham;ledsham
http://www.meetup.com/cities/gb/c5/leighton/;Leighton;leighton
http://www.meetup.com/cities/gb/c5/lingley_mere_business_park/;Lingley Mere Business Park;lingley_mere_business_park
http://www.meetup.com/cities/gb/c5/little_bollington/;Little Bollington;little_bollington
http://www.meetup.com/cities/gb/c5/little_budworth/;Little Budworth;little_budworth
http://www.meetup.com/cities/gb/c5/little_leigh/;Little Leigh;little_leigh
http://www.meetup.com/cities/gb/c5/little_neston/;Little Neston;little_neston
http://www.meetup.com/cities/gb/c5/little_stanney/;Little Stanney;little_stanney
http://www.meetup.com/cities/gb/c5/little_sutton/;Little Sutton;little_sutton
http://www.meetup.com/cities/gb/c5/littleton/;Littleton;littleton
http://www.meetup.com/cities/gb/c5/lostock_gralam/;Lostock Gralam;lostock_gralam
http://www.meetup.com/cities/gb/c5/lostock_green/;Lostock Green;lostock_green
http://www.meetup.com/cities/gb/c5/lower_peover/;Lower Peover;lower_peover
http://www.meetup.com/cities/gb/c5/lower_stretton/;Lower Stretton;lower_stretton
http://www.meetup.com/cities/gb/c5/lower_whitley/;Lower Whitley;lower_whitley
http://www.meetup.com/cities/gb/c5/lower_withington/;Lower Withington;lower_withington
http://www.meetup.com/cities/gb/c5/ludworth/;Ludworth;ludworth
http://www.meetup.com/cities/gb/c5/lyme_green/;Lyme Green;lyme_green
http://www.meetup.com/cities/gb/c5/lyme_green_business_park/;Lyme Green Business Park;lyme_green_business_park
http://www.meetup.com/cities/gb/c5/lymm/;Lymm;lymm
http://www.meetup.com/cities/gb/c5/macclesfield/;Macclesfield;macclesfield
http://www.meetup.com/cities/gb/c5/macclesfield_forest/;Macclesfield Forest;macclesfield_forest
http://www.meetup.com/cities/gb/c5/maesfen/;Maesfen;maesfen
http://www.meetup.com/cities/gb/c5/malkins_bank/;Malkins Bank;malkins_bank
http://www.meetup.com/cities/gb/c5/malpas/;Malpas;malpas
http://www.meetup.com/cities/gb/c5/manchester/;Manchester;manchester
http://www.meetup.com/cities/gb/c5/manley/;Manley;manley
http://www.meetup.com/cities/gb/c5/manley_common/;Manley Common;manley_common
http://www.meetup.com/cities/gb/c5/manor_park/;Manor Park;manor_park
http://www.meetup.com/cities/gb/c5/marbury/;Marbury;marbury
http://www.meetup.com/cities/gb/c5/marlston-cum-lache/;Marlston-Cum-Lache;marlston-cum-lache
http://www.meetup.com/cities/gb/c5/marple/;Marple;marple
http://www.meetup.com/cities/gb/c5/marple_bridge/;Marple Bridge;marple_bridge
http://www.meetup.com/cities/gb/c5/marston/;Marston;marston
http://www.meetup.com/cities/gb/c5/marthall/;Marthall;marthall
http://www.meetup.com/cities/gb/c5/marton/;Marton;marton
http://www.meetup.com/cities/gb/c5/meadowbank/;Meadowbank;meadowbank
http://www.meetup.com/cities/gb/c5/medhurst_green/;Medhurst Green;medhurst_green
http://www.meetup.com/cities/gb/c5/mellor/;Mellor;mellor
http://www.meetup.com/cities/gb/c5/mere/;Mere;mere
http://www.meetup.com/cities/gb/c5/mickle_trafford/;Mickle Trafford;mickle_trafford
http://www.meetup.com/cities/gb/c5/middlewich/;Middlewich;middlewich
http://www.meetup.com/cities/gb/c5/millington/;Millington;millington
http://www.meetup.com/cities/gb/c5/milton_green/;Milton Green;milton_green
http://www.meetup.com/cities/gb/c5/minshull_vernon/;Minshull Vernon;minshull_vernon
http://www.meetup.com/cities/gb/c5/mobberley/;Mobberley;mobberley
http://www.meetup.com/cities/gb/c5/mollington/;Mollington;mollington
http://www.meetup.com/cities/gb/c5/moore/;Moore;moore
http://www.meetup.com/cities/gb/c5/moreton/;Moreton;moreton
http://www.meetup.com/cities/gb/c5/moreton_cum_alcumlow/;Moreton Cum Alcumlow;moreton_cum_alcumlow
http://www.meetup.com/cities/gb/c5/moston/;Moston;moston
http://www.meetup.com/cities/gb/c5/mottram_st_andrew/;Mottram St Andrew;mottram_st_andrew
http://www.meetup.com/cities/gb/c5/mouldsworth/;Mouldsworth;mouldsworth
http://www.meetup.com/cities/gb/c5/moulton/;Moulton;moulton
http://www.meetup.com/cities/gb/c5/murdishaw/;Murdishaw;murdishaw
http://www.meetup.com/cities/gb/c5/nantwich/;Nantwich;nantwich
http://www.meetup.com/cities/gb/c5/ness/;Ness;ness
http://www.meetup.com/cities/gb/c5/nether_alderley/;Nether Alderley;nether_alderley
http://www.meetup.com/cities/gb/c5/newbold_astbury/;Newbold Astbury;newbold_astbury
http://www.meetup.com/cities/gb/c5/newhall/;Newhall;newhall
http://www.meetup.com/cities/gb/c5/newton/;Newton;newton
http://www.meetup.com/cities/gb/c5/newton-by-tattenhall/;Newton-by-Tattenhall;newton-by-tattenhall
http://www.meetup.com/cities/gb/c5/newtown/;Newtown;newtown
http://www.meetup.com/cities/gb/c5/nomans_heath/;Nomans Heath;nomans_heath
http://www.meetup.com/cities/gb/c5/norbury/;Norbury;norbury
http://www.meetup.com/cities/gb/c5/norbury_common/;Norbury Common;norbury_common
http://www.meetup.com/cities/gb/c5/norcott_brook/;Norcott Brook;norcott_brook
http://www.meetup.com/cities/gb/c5/norley/;Norley;norley
http://www.meetup.com/cities/gb/c5/north_rode/;North Rode;north_rode
http://www.meetup.com/cities/gb/c5/northwich/;Northwich;northwich
http://www.meetup.com/cities/gb/c5/norton/;Norton;norton
http://www.meetup.com/cities/gb/c5/oakhanger/;Oakhanger;oakhanger
http://www.meetup.com/cities/gb/c5/oakmere/;Oakmere;oakmere
http://www.meetup.com/cities/gb/c5/oathills/;Oathills;oathills
http://www.meetup.com/cities/gb/c5/occleston/;Occleston;occleston
http://www.meetup.com/cities/gb/c5/oldcastle/;Oldcastle;oldcastle
http://www.meetup.com/cities/gb/c5/old_hall/;Old Hall;old_hall
http://www.meetup.com/cities/gb/c5/ollerton/;Ollerton;ollerton
http://www.meetup.com/cities/gb/c5/oscroft/;Oscroft;oscroft
http://www.meetup.com/cities/gb/c5/oulton/;Oulton;oulton
http://www.meetup.com/cities/gb/c5/over_alderley/;Over Alderley;over_alderley
http://www.meetup.com/cities/gb/c5/over_peover/;Over Peover;over_peover
http://www.meetup.com/cities/gb/c5/over_tabley/;Over Tabley;over_tabley
http://www.meetup.com/cities/gb/c5/overton_common/;Overton Common;overton_common
http://www.meetup.com/cities/gb/c5/paddington/;Paddington;paddington
http://www.meetup.com/cities/gb/c5/padgate/;Padgate;padgate
http://www.meetup.com/cities/gb/c5/palacefields/;Palacefields;palacefields
http://www.meetup.com/cities/gb/c5/parkgate_industrial_estate/;Parkgate Industrial Estate;parkgate_industrial_estate
http://www.meetup.com/cities/gb/c5/partington/;Partington;partington
http://www.meetup.com/cities/gb/c5/peckforton/;Peckforton;peckforton
http://www.meetup.com/cities/gb/c5/penketh/;Penketh;penketh
http://www.meetup.com/cities/gb/c5/pickmere/;Pickmere;pickmere
http://www.meetup.com/cities/gb/c5/picton/;Picton;picton
http://www.meetup.com/cities/gb/c5/plumley/;Plumley;plumley
http://www.meetup.com/cities/gb/c5/poole/;Poole;poole
http://www.meetup.com/cities/gb/c5/pott_shrigley/;Pott Shrigley;pott_shrigley
http://www.meetup.com/cities/gb/c5/poulton/;Poulton;poulton
http://www.meetup.com/cities/gb/c5/poynton/;Poynton;poynton
http://www.meetup.com/cities/gb/c5/poynton_industrial_estate/;Poynton Industrial Estate;poynton_industrial_estate
http://www.meetup.com/cities/gb/c5/prestbury/;Prestbury;prestbury
http://www.meetup.com/cities/gb/c5/preston_brook/;Preston Brook;preston_brook
http://www.meetup.com/cities/gb/c5/preston_on_the_hill/;Preston on the Hill;preston_on_the_hill
http://www.meetup.com/cities/gb/c5/puddington/;Puddington;puddington
http://www.meetup.com/cities/gb/c5/pulford/;Pulford;pulford
http://www.meetup.com/cities/gb/c5/quoisley/;Quoisley;quoisley
http://www.meetup.com/cities/gb/c5/quoisley_bridge/;Quoisley Bridge;quoisley_bridge
http://www.meetup.com/cities/gb/c5/radnor_park_industrial_estate/;Radnor Park Industrial Estate;radnor_park_industrial_estate
http://www.meetup.com/cities/gb/c5/radway_green/;Radway Green;radway_green
http://www.meetup.com/cities/gb/c5/rainow/;Rainow;rainow
http://www.meetup.com/cities/gb/c5/ravensmoor/;Ravensmoor;ravensmoor
http://www.meetup.com/cities/gb/c5/reaseheath/;Reaseheath;reaseheath
http://www.meetup.com/cities/gb/c5/reddish/;Reddish;reddish
http://www.meetup.com/cities/gb/c5/rhuddal_heath/;Rhuddal Heath;rhuddal_heath
http://www.meetup.com/cities/gb/c5/ridley/;Ridley;ridley
http://www.meetup.com/cities/gb/c5/ringway/;Ringway;ringway
http://www.meetup.com/cities/gb/c5/risley/;Risley;risley
http://www.meetup.com/cities/gb/c5/rixton/;Rixton;rixton
http://www.meetup.com/cities/gb/c5/rode_heath/;Rode Heath;rode_heath
http://www.meetup.com/cities/gb/c5/romiley/;Romiley;romiley
http://www.meetup.com/cities/gb/c5/rostherne/;Rostherne;rostherne
http://www.meetup.com/cities/gb/c5/rostherne_village/;Rostherne Village;rostherne_village
http://www.meetup.com/cities/gb/c5/rowton/;Rowton;rowton
http://www.meetup.com/cities/gb/c5/rudheath/;Rudheath;rudheath
http://www.meetup.com/cities/gb/c5/runcorn/;Runcorn;runcorn
http://www.meetup.com/cities/gb/c5/rushton/;Rushton;rushton
http://www.meetup.com/cities/gb/c5/saighton/;Saighton;saighton
http://www.meetup.com/cities/gb/c5/sandbach/;Sandbach;sandbach
http://www.meetup.com/cities/gb/c5/sandiway/;Sandiway;sandiway
http://www.meetup.com/cities/gb/c5/scholar_green/;Scholar Green;scholar_green
http://www.meetup.com/cities/gb/c5/shavington/;Shavington;shavington
http://www.meetup.com/cities/gb/c5/shocklach/;Shocklach;shocklach
http://www.meetup.com/cities/gb/c5/shotwick/;Shotwick;shotwick
http://www.meetup.com/cities/gb/c5/siddington/;Siddington;siddington
http://www.meetup.com/cities/gb/c5/smallwood/;Smallwood;smallwood
http://www.meetup.com/cities/gb/c5/snelson/;Snelson;snelson
http://www.meetup.com/cities/gb/c5/somerford/;Somerford;somerford
http://www.meetup.com/cities/gb/c5/somerford_booths/;Somerford Booths;somerford_booths
http://www.meetup.com/cities/gb/c5/sound/;Sound;sound
http://www.meetup.com/cities/gb/c5/sproston/;Sproston;sproston
http://www.meetup.com/cities/gb/c5/spurstow/;Spurstow;spurstow
http://www.meetup.com/cities/gb/c5/stamford_bridge/;Stamford Bridge;stamford_bridge
http://www.meetup.com/cities/gb/c5/stanley_green_trading_estate/;Stanley Green Trading Estate;stanley_green_trading_estate
http://www.meetup.com/cities/gb/c5/stanthorne/;Stanthorne;stanthorne
http://www.meetup.com/cities/gb/c5/stapeley/;Stapeley;stapeley
http://www.meetup.com/cities/gb/c5/stapleford/;Stapleford;stapleford
http://www.meetup.com/cities/gb/c5/stoak/;Stoak;stoak
http://www.meetup.com/cities/gb/c5/stockport/;Stockport;stockport
http://www.meetup.com/cities/gb/c5/stockton_heath/;Stockton Heath;stockton_heath
http://www.meetup.com/cities/gb/c5/stoke/;Stoke;stoke
http://www.meetup.com/cities/gb/c5/stretford/;Stretford;stretford
http://www.meetup.com/cities/gb/c5/stretton/;Stretton;stretton
http://www.meetup.com/cities/gb/c5/strines/;Strines;strines
http://www.meetup.com/cities/gb/c5/styal/;Styal;styal
http://www.meetup.com/cities/gb/c5/sutton/;Sutton;sutton
http://www.meetup.com/cities/gb/c5/sutton_weaver/;Sutton Weaver;sutton_weaver
http://www.meetup.com/cities/gb/c5/swettenham/;Swettenham;swettenham
http://www.meetup.com/cities/gb/c5/swettenham_heath/;Swettenham Heath;swettenham_heath
http://www.meetup.com/cities/gb/c5/tabley/;Tabley;tabley
http://www.meetup.com/cities/gb/c5/tarporley/;Tarporley;tarporley
http://www.meetup.com/cities/gb/c5/tarvin/;Tarvin;tarvin
http://www.meetup.com/cities/gb/c5/tarvin_sands/;Tarvin Sands;tarvin_sands
http://www.meetup.com/cities/gb/c5/tattenhall/;Tattenhall;tattenhall
http://www.meetup.com/cities/gb/c5/taylor_business_park/;Taylor Business Park;taylor_business_park
http://www.meetup.com/cities/gb/c5/the_embankment_business_park/;The Embankment Business Park;the_embankment_business_park
http://www.meetup.com/cities/gb/c5/thelwall/;Thelwall;thelwall
http://www.meetup.com/cities/gb/c5/the_trafford_centre/;The Trafford Centre;the_trafford_centre
http://www.meetup.com/cities/gb/c5/thornton-le-moors/;Thornton-le-Moors;thornton-le-moors
http://www.meetup.com/cities/gb/c5/tilston/;Tilston;tilston
http://www.meetup.com/cities/gb/c5/tilstone_fearnall/;Tilstone Fearnall;tilstone_fearnall
http://www.meetup.com/cities/gb/c5/timperley/;Timperley;timperley
http://www.meetup.com/cities/gb/c5/tiresford/;Tiresford;tiresford
http://www.meetup.com/cities/gb/c5/tiverton/;Tiverton;tiverton
http://www.meetup.com/cities/gb/c5/toft/;Toft;toft
http://www.meetup.com/cities/gb/c5/trafford_park/;Trafford Park;trafford_park
http://www.meetup.com/cities/gb/c5/tushingham/;Tushingham;tushingham
http://www.meetup.com/cities/gb/c5/tytherington_business_park/;Tytherington Business Park;tytherington_business_park
http://www.meetup.com/cities/gb/c5/upton/;Upton;upton
http://www.meetup.com/cities/gb/c5/urmston/;Urmston;urmston
http://www.meetup.com/cities/gb/c5/utkinton/;Utkinton;utkinton
http://www.meetup.com/cities/gb/c5/vicars_cross/;Vicars Cross;vicars_cross
http://www.meetup.com/cities/gb/c5/walgherton/;Walgherton;walgherton
http://www.meetup.com/cities/gb/c5/walker_barn/;Walker Barn;walker_barn
http://www.meetup.com/cities/gb/c5/wall_hill/;Wall Hill;wall_hill
http://www.meetup.com/cities/gb/c5/walton/;Walton;walton
http://www.meetup.com/cities/gb/c5/warburton/;Warburton;warburton
http://www.meetup.com/cities/gb/c5/wardle/;Wardle;wardle
http://www.meetup.com/cities/gb/c5/warmingham/;Warmingham;warmingham
http://www.meetup.com/cities/gb/c5/warrington/;Warrington;warrington
http://www.meetup.com/cities/gb/c5/waverton/;Waverton;waverton
http://www.meetup.com/cities/gb/c5/weaverham/;Weaverham;weaverham
http://www.meetup.com/cities/gb/c5/weetwood/;Weetwood;weetwood
http://www.meetup.com/cities/gb/c5/wervin/;Wervin;wervin
http://www.meetup.com/cities/gb/c5/westbrook/;Westbrook;westbrook
http://www.meetup.com/cities/gb/c5/weston/;Weston;weston
http://www.meetup.com/cities/gb/c5/weston_point/;Weston Point;weston_point
http://www.meetup.com/cities/gb/c5/west_timperley/;West Timperley;west_timperley
http://www.meetup.com/cities/gb/c5/wettenhall/;Wettenhall;wettenhall
http://www.meetup.com/cities/gb/c5/whatcroft/;Whatcroft;whatcroft
http://www.meetup.com/cities/gb/c5/wheelock/;Wheelock;wheelock
http://www.meetup.com/cities/gb/c5/whitby/;Whitby;whitby
http://www.meetup.com/cities/gb/c5/whitegate/;Whitegate;whitegate
http://www.meetup.com/cities/gb/c5/whitehall_industrial_estate/;Whitehall Industrial Estate;whitehall_industrial_estate
http://www.meetup.com/cities/gb/c5/whitehill_industrial_estate/;Whitehill Industrial Estate;whitehill_industrial_estate
http://www.meetup.com/cities/gb/c5/whitehouse_industrial_estate/;Whitehouse Industrial Estate;whitehouse_industrial_estate
http://www.meetup.com/cities/gb/c5/whiteley_green/;Whiteley Green;whiteley_green
http://www.meetup.com/cities/gb/c5/whitley/;Whitley;whitley
http://www.meetup.com/cities/gb/c5/widnes/;Widnes;widnes
http://www.meetup.com/cities/gb/c5/wigland/;Wigland;wigland
http://www.meetup.com/cities/gb/c5/wildboarclough/;Wildboarclough;wildboarclough
http://www.meetup.com/cities/gb/c5/wilkesley/;Wilkesley;wilkesley
http://www.meetup.com/cities/gb/c5/willaston/;Willaston;willaston
http://www.meetup.com/cities/gb/c5/willington/;Willington;willington
http://www.meetup.com/cities/gb/c5/wilmslow/;Wilmslow;wilmslow
http://www.meetup.com/cities/gb/c5/wimboldsley/;Wimboldsley;wimboldsley
http://www.meetup.com/cities/gb/c5/wimbolds_trafford/;Wimbolds Trafford;wimbolds_trafford
http://www.meetup.com/cities/gb/c5/wincham/;Wincham;wincham
http://www.meetup.com/cities/gb/c5/wincle/;Wincle;wincle
http://www.meetup.com/cities/gb/c5/windmill_hill/;Windmill Hill;windmill_hill
http://www.meetup.com/cities/gb/c5/winnington/;Winnington;winnington
http://www.meetup.com/cities/gb/c5/winsford/;Winsford;winsford
http://www.meetup.com/cities/gb/c5/winsford_industrial_estate/;Winsford Industrial Estate;winsford_industrial_estate
http://www.meetup.com/cities/gb/c5/winterley/;Winterley;winterley
http://www.meetup.com/cities/gb/c5/winwick_quay/;Winwick Quay;winwick_quay
http://www.meetup.com/cities/gb/c5/wirswall/;Wirswall;wirswall
http://www.meetup.com/cities/gb/c5/wistaston/;Wistaston;wistaston
http://www.meetup.com/cities/gb/c5/wolverham/;Wolverham;wolverham
http://www.meetup.com/cities/gb/c5/woodbank/;Woodbank;woodbank
http://www.meetup.com/cities/gb/c5/woodford/;Woodford;woodford
http://www.meetup.com/cities/gb/c5/woodford_park_industrial_estate/;Woodford Park Industrial Estate;woodford_park_industrial_estate
http://www.meetup.com/cities/gb/c5/woodley/;Woodley;woodley
http://www.meetup.com/cities/gb/c5/woolstanwood/;Woolstanwood;woolstanwood
http://www.meetup.com/cities/gb/c5/woolston/;Woolston;woolston
http://www.meetup.com/cities/gb/c5/worleston/;Worleston;worleston
http://www.meetup.com/cities/gb/c5/wrenbury/;Wrenbury;wrenbury
http://www.meetup.com/cities/gb/c5/wybunbury/;Wybunbury;wybunbury
http://www.meetup.com/cities/gb/c5/wychough/;Wychough;wychough
http://www.meetup.com/cities/gb/c5/ackers_crossing/;Ackers Crossing;ackers_crossing
http://www.meetup.com/cities/gb/c5/acton/;Acton;acton
http://www.meetup.com/cities/gb/c5/acton_bridge/;Acton Bridge;acton_bridge
http://www.meetup.com/cities/gb/c5/adlington/;Adlington;adlington
http://www.meetup.com/cities/gb/c5/agden/;Agden;agden
http://www.meetup.com/cities/gb/c5/alderley_edge/;Alderley Edge;alderley_edge
http://www.meetup.com/cities/gb/c5/aldford/;Aldford;aldford
http://www.meetup.com/cities/gb/c5/allgreave/;Allgreave;allgreave
http://www.meetup.com/cities/gb/c5/allostock/;Allostock;allostock
http://www.meetup.com/cities/gb/c5/alpraham/;Alpraham;alpraham
http://www.meetup.com/cities/gb/c5/alsager/;Alsager;alsager
http://www.meetup.com/cities/gb/c5/altrincham/;Altrincham;altrincham
http://www.meetup.com/cities/gb/c5/alvanley/;Alvanley;alvanley
http://www.meetup.com/cities/gb/c5/alvaston/;Alvaston;alvaston
http://www.meetup.com/cities/gb/c5/anderton/;Anderton;anderton
http://www.meetup.com/cities/gb/c5/antrobus/;Antrobus;antrobus
http://www.meetup.com/cities/gb/c5/appleton/;Appleton;appleton
http://www.meetup.com/cities/gb/c5/appleton_thorn/;Appleton Thorn;appleton_thorn
http://www.meetup.com/cities/gb/c5/arclid/;Arclid;arclid
http://www.meetup.com/cities/gb/c5/arley/;Arley;arley
http://www.meetup.com/cities/gb/c5/ashbrook/;Ashbrook;ashbrook
http://www.meetup.com/cities/gb/c5/ashley/;Ashley;ashley
http://www.meetup.com/cities/gb/c5/ashton/;Ashton;ashton
http://www.meetup.com/cities/gb/c5/astbury/;Astbury;astbury
http://www.meetup.com/cities/gb/c5/astmoor/;Astmoor;astmoor
http://www.meetup.com/cities/gb/c5/astmoor_bridge/;Astmoor Bridge;astmoor_bridge
http://www.meetup.com/cities/gb/c5/astmoor_industrial_estate/;Astmoor Industrial Estate;astmoor_industrial_estate
http://www.meetup.com/cities/gb/c5/aston/;Aston;aston
http://www.meetup.com/cities/gb/c5/aston_by_budworth/;Aston by Budworth;aston_by_budworth
http://www.meetup.com/cities/gb/c5/aston_juxta_mondrum/;Aston Juxta Mondrum;aston_juxta_mondrum
http://www.meetup.com/cities/gb/c5/audlem/;Audlem;audlem
http://www.meetup.com/cities/gb/c5/austerson/;Austerson;austerson
http://www.meetup.com/cities/gb/c5/backford/;Backford;backford
http://www.meetup.com/cities/gb/c5/baddiley/;Baddiley;baddiley
http://www.meetup.com/cities/gb/c5/baddington/;Baddington;baddington
http://www.meetup.com/cities/gb/c5/balderton/;Balderton;balderton
http://www.meetup.com/cities/gb/c5/barbridge/;Barbridge;barbridge
http://www.meetup.com/cities/gb/c5/barnton/;Barnton;barnton
http://www.meetup.com/cities/gb/c5/barthomley/;Barthomley;barthomley
http://www.meetup.com/cities/gb/c5/bartington/;Bartington;bartington
http://www.meetup.com/cities/gb/c5/barton/;Barton;barton
http://www.meetup.com/cities/gb/c5/basford/;Basford;basford
http://www.meetup.com/cities/gb/c5/batherton/;Batherton;batherton
http://www.meetup.com/cities/gb/c5/beechwood/;Beechwood;beechwood
http://www.meetup.com/cities/gb/c5/beeston/;Beeston;beeston
http://www.meetup.com/cities/gb/c5/beeston_castle/;Beeston Castle;beeston_castle
http://www.meetup.com/cities/gb/c5/belgrave/;Belgrave;belgrave
http://www.meetup.com/cities/gb/c5/betchton/;Betchton;betchton
http://www.meetup.com/cities/gb/c5/bewsey/;Bewsey;bewsey
http://www.meetup.com/cities/gb/c5/bickerton/;Bickerton;bickerton
http://www.meetup.com/cities/gb/c5/bickley/;Bickley;bickley
http://www.meetup.com/cities/gb/c5/bickley_moss/;Bickley Moss;bickley_moss
http://www.meetup.com/cities/gb/c5/bickley_town/;Bickley Town;bickley_town
http://www.meetup.com/cities/gb/c5/bickley_wood/;Bickley Wood;bickley_wood
http://www.meetup.com/cities/gb/c5/birchwood/;Birchwood;birchwood
http://www.meetup.com/cities/gb/c5/birchwood_park/;Birchwood Park;birchwood_park
http://www.meetup.com/cities/gb/c5/blacon/;Blacon;blacon
http://www.meetup.com/cities/gb/c5/blakelow/;Blakelow;blakelow
http://www.meetup.com/cities/gb/c5/blakenhall/;Blakenhall;blakenhall
http://www.meetup.com/cities/gb/c5/bollington/;Bollington;bollington
http://www.meetup.com/cities/gb/c5/bosley/;Bosley;bosley
http://www.meetup.com/cities/gb/c5/bostock/;Bostock;bostock
http://www.meetup.com/cities/gb/c5/bowdon/;Bowdon;bowdon
http://www.meetup.com/cities/gb/c5/bradeley_green/;Bradeley Green;bradeley_green
http://www.meetup.com/cities/gb/c5/bradfield_green/;Bradfield Green;bradfield_green
http://www.meetup.com/cities/gb/c5/bradley/;Bradley;bradley
http://www.meetup.com/cities/gb/c5/bradley_brook/;Bradley Brook;bradley_brook
http://www.meetup.com/cities/gb/c5/bradley_common/;Bradley Common;bradley_common
http://www.meetup.com/cities/gb/c5/bradwall/;Bradwall;bradwall
http://www.meetup.com/cities/gb/c5/bramhall/;Bramhall;bramhall
http://www.meetup.com/cities/gb/c5/brassey_green/;Brassey Green;brassey_green
http://www.meetup.com/cities/gb/c5/bredbury/;Bredbury;bredbury
http://www.meetup.com/cities/gb/c5/bredbury_park_industrial_estate/;Bredbury Park Industrial Estate;bredbury_park_industrial_estate
http://www.meetup.com/cities/gb/c5/brereton/;Brereton;brereton
http://www.meetup.com/cities/gb/c5/brereton_heath/;Brereton Heath;brereton_heath
http://www.meetup.com/cities/gb/c5/bridgemere/;Bridgemere;bridgemere
http://www.meetup.com/cities/gb/c5/bridge_trafford/;Bridge Trafford;bridge_trafford
http://www.meetup.com/cities/gb/c5/brindley/;Brindley;brindley
http://www.meetup.com/cities/gb/c5/broadheath/;Broadheath;broadheath
http://www.meetup.com/cities/gb/c5/brookvale/;Brookvale;brookvale
http://www.meetup.com/cities/gb/c5/broomhall/;Broomhall;broomhall
http://www.meetup.com/cities/gb/c5/brown_knowl/;Brown Knowl;brown_knowl
http://www.meetup.com/cities/gb/c5/brownlow/;Brownlow;brownlow
http://www.meetup.com/cities/gb/c5/broxton/;Broxton;broxton
http://www.meetup.com/cities/gb/c5/bruera/;Bruera;bruera
http://www.meetup.com/cities/gb/c5/bucklow_hill/;Bucklow Hill;bucklow_hill
http://www.meetup.com/cities/gb/c5/budworth_heath/;Budworth Heath;budworth_heath
http://www.meetup.com/cities/gb/c5/buerton/;Buerton;buerton
http://www.meetup.com/cities/gb/c5/buglawton/;Buglawton;buglawton
http://www.meetup.com/cities/gb/c5/bulkeley/;Bulkeley;bulkeley
http://www.meetup.com/cities/gb/c5/bunbury/;Bunbury;bunbury
http://www.meetup.com/cities/gb/c5/bunbury_heath/;Bunbury Heath;bunbury_heath
http://www.meetup.com/cities/gb/c5/burland/;Burland;burland
http://www.meetup.com/cities/gb/c5/burton/;Burton;burton
http://www.meetup.com/cities/gb/c5/burtonwood/;Burtonwood;burtonwood
http://www.meetup.com/cities/gb/c5/burwardsley/;Burwardsley;burwardsley
http://www.meetup.com/cities/gb/c5/byley/;Byley;byley
http://www.meetup.com/cities/gb/c5/callands/;Callands;callands
http://www.meetup.com/cities/gb/c5/calveley/;Calveley;calveley
http://www.meetup.com/cities/gb/c5/capenhurst/;Capenhurst;capenhurst
http://www.meetup.com/cities/gb/c5/capesthorne/;Capesthorne;capesthorne
http://www.meetup.com/cities/gb/c5/carrington/;Carrington;carrington
http://www.meetup.com/cities/gb/c5/castlefields/;Castlefields;castlefields
http://www.meetup.com/cities/gb/c5/castletown/;Castletown;castletown
http://www.meetup.com/cities/gb/c5/caughall/;Caughall;caughall
http://www.meetup.com/cities/gb/c5/cheadle/;Cheadle;cheadle
http://www.meetup.com/cities/gb/c5/cheadle_hulme/;Cheadle Hulme;cheadle_hulme
http://www.meetup.com/cities/gb/c5/checkley/;Checkley;checkley
http://www.meetup.com/cities/gb/c5/chelford/;Chelford;chelford
http://www.meetup.com/cities/gb/c5/chester/;Chester;chester
http://www.meetup.com/cities/gb/c5/chester_business_park/;Chester Business Park;chester_business_park
http://www.meetup.com/cities/gb/c5/chidlow/;Chidlow;chidlow
http://www.meetup.com/cities/gb/c5/childer_thornton/;Childer Thornton;childer_thornton
http://www.meetup.com/cities/gb/c5/cholmondeley/;Cholmondeley;cholmondeley
http://www.meetup.com/cities/gb/c5/cholmondeston/;Cholmondeston;cholmondeston
http://www.meetup.com/cities/gb/c5/chorley/;Chorley;chorley
http://www.meetup.com/cities/gb/c5/chorlton/;Chorlton;chorlton
http://www.meetup.com/cities/gb/c5/chorlton-by-backford/;Chorlton-by-Backford;chorlton-by-backford
http://www.meetup.com/cities/gb/c5/christleton/;Christleton;christleton
http://www.meetup.com/cities/gb/c5/church_minshull/;Church Minshull;church_minshull
http://www.meetup.com/cities/gb/c5/churton/;Churton;churton
http://www.meetup.com/cities/gb/c5/churton_heath/;Churton Heath;churton_heath
http://www.meetup.com/cities/gb/c5/clayhill_light_industrial_park/;Clayhill Light Industrial Park;clayhill_light_industrial_park
http://www.meetup.com/cities/gb/c5/clifton/;Clifton;clifton
http://www.meetup.com/cities/gb/c5/clotton/;Clotton;clotton
http://www.meetup.com/cities/gb/c5/clotton_hoofield/;Clotton Hoofield;clotton_hoofield
http://www.meetup.com/cities/gb/c5/clutton/;Clutton;clutton
http://www.meetup.com/cities/gb/c5/coddington/;Coddington;coddington
http://www.meetup.com/cities/gb/c5/collins_green/;Collins Green;collins_green
http://www.meetup.com/cities/gb/c5/comberbach/;Comberbach;comberbach
http://www.meetup.com/cities/gb/c5/combermere/;Combermere;combermere
http://www.meetup.com/cities/gb/c5/compstall/;Compstall;compstall
http://www.meetup.com/cities/gb/c5/coole_pilate/;Coole Pilate;coole_pilate
http://www.meetup.com/cities/gb/c5/cotebrook/;Cotebrook;cotebrook
http://www.meetup.com/cities/gb/c5/cotton_edmunds/;Cotton Edmunds;cotton_edmunds
http://www.meetup.com/cities/gb/c5/cox_bank/;Cox Bank;cox_bank
http://www.meetup.com/cities/gb/c5/cranage/;Cranage;cranage
http://www.meetup.com/cities/gb/c5/crewe/;Crewe;crewe
http://www.meetup.com/cities/gb/c5/crewe_by_farndon/;Crewe by Farndon;crewe_by_farndon
http://www.meetup.com/cities/gb/c5/crewe_green/;Crewe Green;crewe_green
http://www.meetup.com/cities/gb/c5/croft/;Croft;croft
http://www.meetup.com/cities/gb/c5/croughton/;Croughton;croughton
http://www.meetup.com/cities/gb/c5/crowley/;Crowley;crowley
http://www.meetup.com/cities/gb/c5/crowton/;Crowton;crowton
http://www.meetup.com/cities/gb/c5/croxton_green/;Croxton Green;croxton_green
http://www.meetup.com/cities/gb/c5/cuddington/;Cuddington;cuddington
http://www.meetup.com/cities/gb/c5/cuerdley/;Cuerdley;cuerdley
http://www.meetup.com/cities/gb/c5/daresbury/;Daresbury;daresbury
http://www.meetup.com/cities/gb/c5/darnhall/;Darnhall;darnhall
http://www.meetup.com/cities/gb/c5/davenham/;Davenham;davenham
http://www.meetup.com/cities/gb/c5/davenport/;Davenport;davenport
http://www.meetup.com/cities/gb/c5/delamere/;Delamere;delamere
http://www.meetup.com/cities/gb/c5/demmings_industrial_estate/;Demmings Industrial Estate;demmings_industrial_estate
http://www.meetup.com/cities/gb/c5/disley/;Disley;disley
http://www.meetup.com/cities/gb/c5/doddington/;Doddington;doddington
http://www.meetup.com/cities/gb/c5/dodleston/;Dodleston;dodleston
http://www.meetup.com/cities/gb/c5/duckington/;Duckington;duckington
http://www.meetup.com/cities/gb/c5/duddon/;Duddon;duddon
http://www.meetup.com/cities/gb/c5/dunham_massey/;Dunham Massey;dunham_massey
http://www.meetup.com/cities/gb/c5/dunham_on_the_hill/;Dunham on the Hill;dunham_on_the_hill
http://www.meetup.com/cities/gb/c5/dunham_town/;Dunham Town;dunham_town
http://www.meetup.com/cities/gb/c5/dunkirk/;Dunkirk;dunkirk
http://www.meetup.com/cities/gb/c5/dutton/;Dutton;dutton
http://www.meetup.com/cities/gb/c5/eaton/;Eaton;eaton
http://www.meetup.com/cities/gb/c5/eaton_bank_trading_estate/;Eaton Bank Trading Estate;eaton_bank_trading_estate
http://www.meetup.com/cities/gb/c5/ebnal/;Ebnal;ebnal
http://www.meetup.com/cities/gb/c5/eccleston/;Eccleston;eccleston
http://www.meetup.com/cities/gb/c5/edge/;Edge;edge
http://www.meetup.com/cities/gb/c5/edleston/;Edleston;edleston
http://www.meetup.com/cities/gb/c5/egerton/;Egerton;egerton
http://www.meetup.com/cities/gb/c5/ellesmere_port/;Ellesmere Port;ellesmere_port
http://www.meetup.com/cities/gb/c5/elton/;Elton;elton
http://www.meetup.com/cities/gb/c5/elworth/;Elworth;elworth
http://www.meetup.com/cities/gb/c5/englesea_brook/;Englesea Brook;englesea_brook
http://www.meetup.com/cities/gb/c5/ettiley_heath/;Ettiley Heath;ettiley_heath
http://www.meetup.com/cities/gb/c5/faddiley/;Faddiley;faddiley
http://www.meetup.com/cities/gb/c5/farndon/;Farndon;farndon
http://www.meetup.com/cities/gb/c5/fearnhead/;Fearnhead;fearnhead
http://www.meetup.com/cities/gb/c5/firswood/;Firswood;firswood
http://www.meetup.com/cities/gb/c5/frodsham/;Frodsham;frodsham
http://www.meetup.com/cities/gb/c5/gatley/;Gatley;gatley
http://www.meetup.com/cities/gb/c5/gawsworth/;Gawsworth;gawsworth
http://www.meetup.com/cities/gb/c5/glazebrook/;Glazebrook;glazebrook
http://www.meetup.com/cities/gb/c5/goostrey/;Goostrey;goostrey
http://www.meetup.com/cities/gb/c5/gorstage/;Gorstage;gorstage
http://www.meetup.com/cities/gb/c5/grappenhall/;Grappenhall;grappenhall
http://www.meetup.com/cities/gb/c5/great_barrow/;Great Barrow;great_barrow
http://www.meetup.com/cities/gb/c5/great_boughton/;Great Boughton;great_boughton
http://www.meetup.com/cities/gb/c5/great_budworth/;Great Budworth;great_budworth
http://www.meetup.com/cities/gb/c5/great_sutton/;Great Sutton;great_sutton
http://www.meetup.com/cities/gb/c5/great_warford/;Great Warford;great_warford
http://www.meetup.com/cities/gb/c5/guilden_sutton/;Guilden Sutton;guilden_sutton
http://www.meetup.com/cities/gb/c5/hale/;Hale;hale
http://www.meetup.com/cities/gb/c5/halebank/;Halebank;halebank
http://www.meetup.com/cities/gb/c5/hale_barns/;Hale Barns;hale_barns
http://www.meetup.com/cities/gb/c5/hallwood_park/;Hallwood Park;hallwood_park
http://www.meetup.com/cities/gb/c5/halton/;Halton;halton
http://www.meetup.com/cities/gb/c5/halton_brook/;Halton Brook;halton_brook
http://www.meetup.com/cities/gb/c5/halton_lodge/;Halton Lodge;halton_lodge
http://www.meetup.com/cities/gb/c5/hampton/;Hampton;hampton
http://www.meetup.com/cities/gb/c5/hampton_green/;Hampton Green;hampton_green
http://www.meetup.com/cities/gb/c5/handbridge/;Handbridge;handbridge
http://www.meetup.com/cities/gb/c5/handforth/;Handforth;handforth
http://www.meetup.com/cities/gb/c5/handley/;Handley;handley
http://www.meetup.com/cities/gb/c5/hankelow/;Hankelow;hankelow
http://www.meetup.com/cities/gb/c5/hapsford/;Hapsford;hapsford
http://www.meetup.com/cities/gb/c5/hargrave/;Hargrave;hargrave
http://www.meetup.com/cities/gb/c5/hartford/;Hartford;hartford
http://www.meetup.com/cities/gb/c5/harthill/;Harthill;harthill
http://www.meetup.com/cities/gb/c5/haslington/;Haslington;haslington
http://www.meetup.com/cities/gb/c5/hassall/;Hassall;hassall
http://www.meetup.com/cities/gb/c5/hassall_green/;Hassall Green;hassall_green
http://www.meetup.com/cities/gb/c5/hatherton/;Hatherton;hatherton
http://www.meetup.com/cities/gb/c5/hatton/;Hatton;hatton
http://www.meetup.com/cities/gb/c5/hatton_heath/;Hatton Heath;hatton_heath
http://www.meetup.com/cities/gb/c5/haughton/;Haughton;haughton
http://www.meetup.com/cities/gb/c5/havannah/;Havannah;havannah
http://www.meetup.com/cities/gb/c5/hazel_grove/;Hazel Grove;hazel_grove
http://www.meetup.com/cities/gb/c5/heald_green/;Heald Green;heald_green
http://www.meetup.com/cities/gb/c5/heaton_chapel/;Heaton Chapel;heaton_chapel
http://www.meetup.com/cities/gb/c5/heaton_mersey/;Heaton Mersey;heaton_mersey
http://www.meetup.com/cities/gb/c5/helsby/;Helsby;helsby
http://www.meetup.com/cities/gb/c5/henbury/;Henbury;henbury
http://www.meetup.com/cities/gb/c5/henhull/;Henhull;henhull
http://www.meetup.com/cities/gb/c5/hetherson_green/;Hetherson Green;hetherson_green
http://www.meetup.com/cities/gb/c5/higher_walton/;Higher Walton;higher_walton
http://www.meetup.com/cities/gb/c5/higher_whitley/;Higher Whitley;higher_whitley
http://www.meetup.com/cities/gb/c5/high_lane/;High Lane;high_lane
http://www.meetup.com/cities/gb/c5/high_legh/;High Legh;high_legh
http://www.meetup.com/cities/gb/c5/hockenhull/;Hockenhull;hockenhull
http://www.meetup.com/cities/gb/c5/holmes_chapel/;Holmes Chapel;holmes_chapel
http://www.meetup.com/cities/gb/c5/hoole/;Hoole;hoole
http://www.meetup.com/cities/gb/c5/hoole_village/;Hoole Village;hoole_village
http://www.meetup.com/cities/gb/c5/hooton/;Hooton;hooton
http://www.meetup.com/cities/gb/c5/hough/;Hough;hough
http://www.meetup.com/cities/gb/c5/houghton_green/;Houghton Green;houghton_green
http://www.meetup.com/cities/gb/c5/howbeck/;Howbeck;howbeck
http://www.meetup.com/cities/gb/c5/hulme_walfield/;Hulme Walfield;hulme_walfield
http://www.meetup.com/cities/gb/c5/hunsterson/;Hunsterson;hunsterson
http://www.meetup.com/cities/gb/c5/huntington/;Huntington;huntington
http://www.meetup.com/cities/gb/c5/hurleston/;Hurleston;hurleston
http://www.meetup.com/cities/gb/c5/huxley/;Huxley;huxley
http://www.meetup.com/cities/gb/c5/iddenshall/;Iddenshall;iddenshall
http://www.meetup.com/cities/gb/c5/ince/;Ince;ince
http://www.meetup.com/cities/gb/c5/kelsall/;Kelsall;kelsall
http://www.meetup.com/cities/gb/c5/kenyon/;Kenyon;kenyon
http://www.meetup.com/cities/gb/c5/kermincham/;Kermincham;kermincham
http://www.meetup.com/cities/gb/c5/kerridge/;Kerridge;kerridge
http://www.meetup.com/cities/gb/c5/kettleshulme/;Kettleshulme;kettleshulme
http://www.meetup.com/cities/gb/c5/kidnal/;Kidnal;kidnal
http://www.meetup.com/cities/gb/c5/kinderton/;Kinderton;kinderton
http://www.meetup.com/cities/gb/c5/kingsley/;Kingsley;kingsley
http://www.meetup.com/cities/gb/c5/kingswood/;Kingswood;kingswood
http://www.meetup.com/cities/gb/c5/knolls_green_village/;Knolls Green Village;knolls_green_village
http://www.meetup.com/cities/gb/c5/knutsford/;Knutsford;knutsford
http://www.meetup.com/cities/gb/c5/knutsford_business_park/;Knutsford Business Park;knutsford_business_park
http://www.meetup.com/cities/gb/c5/lach_dennis/;Lach Dennis;lach_dennis
http://www.meetup.com/cities/gb/c5/lache/;Lache;lache
http://www.meetup.com/cities/gb/c5/langley/;Langley;langley
http://www.meetup.com/cities/gb/c5/larkton/;Larkton;larkton
http://www.meetup.com/cities/gb/c5/latchford/;Latchford;latchford
http://www.meetup.com/cities/gb/c5/ledsham/;Ledsham;ledsham
http://www.meetup.com/cities/gb/c5/leighton/;Leighton;leighton
http://www.meetup.com/cities/gb/c5/lingley_mere_business_park/;Lingley Mere Business Park;lingley_mere_business_park
http://www.meetup.com/cities/gb/c5/little_bollington/;Little Bollington;little_bollington
http://www.meetup.com/cities/gb/c5/little_budworth/;Little Budworth;little_budworth
http://www.meetup.com/cities/gb/c5/little_leigh/;Little Leigh;little_leigh
http://www.meetup.com/cities/gb/c5/little_neston/;Little Neston;little_neston
http://www.meetup.com/cities/gb/c5/little_stanney/;Little Stanney;little_stanney
http://www.meetup.com/cities/gb/c5/little_sutton/;Little Sutton;little_sutton
http://www.meetup.com/cities/gb/c5/littleton/;Littleton;littleton
http://www.meetup.com/cities/gb/c5/lostock_gralam/;Lostock Gralam;lostock_gralam
http://www.meetup.com/cities/gb/c5/lostock_green/;Lostock Green;lostock_green
http://www.meetup.com/cities/gb/c5/lower_peover/;Lower Peover;lower_peover
http://www.meetup.com/cities/gb/c5/lower_stretton/;Lower Stretton;lower_stretton
http://www.meetup.com/cities/gb/c5/lower_whitley/;Lower Whitley;lower_whitley
http://www.meetup.com/cities/gb/c5/lower_withington/;Lower Withington;lower_withington
http://www.meetup.com/cities/gb/c5/ludworth/;Ludworth;ludworth
http://www.meetup.com/cities/gb/c5/lyme_green/;Lyme Green;lyme_green
http://www.meetup.com/cities/gb/c5/lyme_green_business_park/;Lyme Green Business Park;lyme_green_business_park
http://www.meetup.com/cities/gb/c5/lymm/;Lymm;lymm
http://www.meetup.com/cities/gb/c5/macclesfield/;Macclesfield;macclesfield
http://www.meetup.com/cities/gb/c5/macclesfield_forest/;Macclesfield Forest;macclesfield_forest
http://www.meetup.com/cities/gb/c5/maesfen/;Maesfen;maesfen
http://www.meetup.com/cities/gb/c5/malkins_bank/;Malkins Bank;malkins_bank
http://www.meetup.com/cities/gb/c5/malpas/;Malpas;malpas
http://www.meetup.com/cities/gb/c5/manchester/;Manchester;manchester
http://www.meetup.com/cities/gb/c5/manley/;Manley;manley
http://www.meetup.com/cities/gb/c5/manley_common/;Manley Common;manley_common
http://www.meetup.com/cities/gb/c5/manor_park/;Manor Park;manor_park
http://www.meetup.com/cities/gb/c5/marbury/;Marbury;marbury
http://www.meetup.com/cities/gb/c5/marlston-cum-lache/;Marlston-Cum-Lache;marlston-cum-lache
http://www.meetup.com/cities/gb/c5/marple/;Marple;marple
http://www.meetup.com/cities/gb/c5/marple_bridge/;Marple Bridge;marple_bridge
http://www.meetup.com/cities/gb/c5/marston/;Marston;marston
http://www.meetup.com/cities/gb/c5/marthall/;Marthall;marthall
http://www.meetup.com/cities/gb/c5/marton/;Marton;marton
http://www.meetup.com/cities/gb/c5/meadowbank/;Meadowbank;meadowbank
http://www.meetup.com/cities/gb/c5/medhurst_green/;Medhurst Green;medhurst_green
http://www.meetup.com/cities/gb/c5/mellor/;Mellor;mellor
http://www.meetup.com/cities/gb/c5/mere/;Mere;mere
http://www.meetup.com/cities/gb/c5/mickle_trafford/;Mickle Trafford;mickle_trafford
http://www.meetup.com/cities/gb/c5/middlewich/;Middlewich;middlewich
http://www.meetup.com/cities/gb/c5/millington/;Millington;millington
http://www.meetup.com/cities/gb/c5/milton_green/;Milton Green;milton_green
http://www.meetup.com/cities/gb/c5/minshull_vernon/;Minshull Vernon;minshull_vernon
http://www.meetup.com/cities/gb/c5/mobberley/;Mobberley;mobberley
http://www.meetup.com/cities/gb/c5/mollington/;Mollington;mollington
http://www.meetup.com/cities/gb/c5/moore/;Moore;moore
http://www.meetup.com/cities/gb/c5/moreton/;Moreton;moreton
http://www.meetup.com/cities/gb/c5/moreton_cum_alcumlow/;Moreton Cum Alcumlow;moreton_cum_alcumlow
http://www.meetup.com/cities/gb/c5/moston/;Moston;moston
http://www.meetup.com/cities/gb/c5/mottram_st_andrew/;Mottram St Andrew;mottram_st_andrew
http://www.meetup.com/cities/gb/c5/mouldsworth/;Mouldsworth;mouldsworth
http://www.meetup.com/cities/gb/c5/moulton/;Moulton;moulton
http://www.meetup.com/cities/gb/c5/murdishaw/;Murdishaw;murdishaw
http://www.meetup.com/cities/gb/c5/nantwich/;Nantwich;nantwich
http://www.meetup.com/cities/gb/c5/ness/;Ness;ness
http://www.meetup.com/cities/gb/c5/nether_alderley/;Nether Alderley;nether_alderley
http://www.meetup.com/cities/gb/c5/newbold_astbury/;Newbold Astbury;newbold_astbury
http://www.meetup.com/cities/gb/c5/newhall/;Newhall;newhall
http://www.meetup.com/cities/gb/c5/newton/;Newton;newton
http://www.meetup.com/cities/gb/c5/newton-by-tattenhall/;Newton-by-Tattenhall;newton-by-tattenhall
http://www.meetup.com/cities/gb/c5/newtown/;Newtown;newtown
http://www.meetup.com/cities/gb/c5/nomans_heath/;Nomans Heath;nomans_heath
http://www.meetup.com/cities/gb/c5/norbury/;Norbury;norbury
http://www.meetup.com/cities/gb/c5/norbury_common/;Norbury Common;norbury_common
http://www.meetup.com/cities/gb/c5/norcott_brook/;Norcott Brook;norcott_brook
http://www.meetup.com/cities/gb/c5/norley/;Norley;norley
http://www.meetup.com/cities/gb/c5/north_rode/;North Rode;north_rode
http://www.meetup.com/cities/gb/c5/northwich/;Northwich;northwich
http://www.meetup.com/cities/gb/c5/norton/;Norton;norton
http://www.meetup.com/cities/gb/c5/oakhanger/;Oakhanger;oakhanger
http://www.meetup.com/cities/gb/c5/oakmere/;Oakmere;oakmere
http://www.meetup.com/cities/gb/c5/oathills/;Oathills;oathills
http://www.meetup.com/cities/gb/c5/occleston/;Occleston;occleston
http://www.meetup.com/cities/gb/c5/oldcastle/;Oldcastle;oldcastle
http://www.meetup.com/cities/gb/c5/old_hall/;Old Hall;old_hall
http://www.meetup.com/cities/gb/c5/ollerton/;Ollerton;ollerton
http://www.meetup.com/cities/gb/c5/oscroft/;Oscroft;oscroft
http://www.meetup.com/cities/gb/c5/oulton/;Oulton;oulton
http://www.meetup.com/cities/gb/c5/over_alderley/;Over Alderley;over_alderley
http://www.meetup.com/cities/gb/c5/over_peover/;Over Peover;over_peover
http://www.meetup.com/cities/gb/c5/over_tabley/;Over Tabley;over_tabley
http://www.meetup.com/cities/gb/c5/overton_common/;Overton Common;overton_common
http://www.meetup.com/cities/gb/c5/paddington/;Paddington;paddington
http://www.meetup.com/cities/gb/c5/padgate/;Padgate;padgate
http://www.meetup.com/cities/gb/c5/palacefields/;Palacefields;palacefields
http://www.meetup.com/cities/gb/c5/parkgate_industrial_estate/;Parkgate Industrial Estate;parkgate_industrial_estate
http://www.meetup.com/cities/gb/c5/partington/;Partington;partington
http://www.meetup.com/cities/gb/c5/peckforton/;Peckforton;peckforton
http://www.meetup.com/cities/gb/c5/penketh/;Penketh;penketh
http://www.meetup.com/cities/gb/c5/pickmere/;Pickmere;pickmere
http://www.meetup.com/cities/gb/c5/picton/;Picton;picton
http://www.meetup.com/cities/gb/c5/plumley/;Plumley;plumley
http://www.meetup.com/cities/gb/c5/poole/;Poole;poole
http://www.meetup.com/cities/gb/c5/pott_shrigley/;Pott Shrigley;pott_shrigley
http://www.meetup.com/cities/gb/c5/poulton/;Poulton;poulton
http://www.meetup.com/cities/gb/c5/poynton/;Poynton;poynton
http://www.meetup.com/cities/gb/c5/poynton_industrial_estate/;Poynton Industrial Estate;poynton_industrial_estate
http://www.meetup.com/cities/gb/c5/prestbury/;Prestbury;prestbury
http://www.meetup.com/cities/gb/c5/preston_brook/;Preston Brook;preston_brook
http://www.meetup.com/cities/gb/c5/preston_on_the_hill/;Preston on the Hill;preston_on_the_hill
http://www.meetup.com/cities/gb/c5/puddington/;Puddington;puddington
http://www.meetup.com/cities/gb/c5/pulford/;Pulford;pulford
http://www.meetup.com/cities/gb/c5/quoisley/;Quoisley;quoisley
http://www.meetup.com/cities/gb/c5/quoisley_bridge/;Quoisley Bridge;quoisley_bridge
http://www.meetup.com/cities/gb/c5/radnor_park_industrial_estate/;Radnor Park Industrial Estate;radnor_park_industrial_estate
http://www.meetup.com/cities/gb/c5/radway_green/;Radway Green;radway_green
http://www.meetup.com/cities/gb/c5/rainow/;Rainow;rainow
http://www.meetup.com/cities/gb/c5/ravensmoor/;Ravensmoor;ravensmoor
http://www.meetup.com/cities/gb/c5/reaseheath/;Reaseheath;reaseheath
http://www.meetup.com/cities/gb/c5/reddish/;Reddish;reddish
http://www.meetup.com/cities/gb/c5/rhuddal_heath/;Rhuddal Heath;rhuddal_heath
http://www.meetup.com/cities/gb/c5/ridley/;Ridley;ridley
http://www.meetup.com/cities/gb/c5/ringway/;Ringway;ringway
http://www.meetup.com/cities/gb/c5/risley/;Risley;risley
http://www.meetup.com/cities/gb/c5/rixton/;Rixton;rixton
http://www.meetup.com/cities/gb/c5/rode_heath/;Rode Heath;rode_heath
http://www.meetup.com/cities/gb/c5/romiley/;Romiley;romiley
http://www.meetup.com/cities/gb/c5/rostherne/;Rostherne;rostherne
http://www.meetup.com/cities/gb/c5/rostherne_village/;Rostherne Village;rostherne_village
http://www.meetup.com/cities/gb/c5/rowton/;Rowton;rowton
http://www.meetup.com/cities/gb/c5/rudheath/;Rudheath;rudheath
http://www.meetup.com/cities/gb/c5/runcorn/;Runcorn;runcorn
http://www.meetup.com/cities/gb/c5/rushton/;Rushton;rushton
http://www.meetup.com/cities/gb/c5/saighton/;Saighton;saighton
http://www.meetup.com/cities/gb/c5/sandbach/;Sandbach;sandbach
http://www.meetup.com/cities/gb/c5/sandiway/;Sandiway;sandiway
http://www.meetup.com/cities/gb/c5/scholar_green/;Scholar Green;scholar_green
http://www.meetup.com/cities/gb/c5/shavington/;Shavington;shavington
http://www.meetup.com/cities/gb/c5/shocklach/;Shocklach;shocklach
http://www.meetup.com/cities/gb/c5/shotwick/;Shotwick;shotwick
http://www.meetup.com/cities/gb/c5/siddington/;Siddington;siddington
http://www.meetup.com/cities/gb/c5/smallwood/;Smallwood;smallwood
http://www.meetup.com/cities/gb/c5/snelson/;Snelson;snelson
http://www.meetup.com/cities/gb/c5/somerford/;Somerford;somerford
http://www.meetup.com/cities/gb/c5/somerford_booths/;Somerford Booths;somerford_booths
http://www.meetup.com/cities/gb/c5/sound/;Sound;sound
http://www.meetup.com/cities/gb/c5/sproston/;Sproston;sproston
http://www.meetup.com/cities/gb/c5/spurstow/;Spurstow;spurstow
http://www.meetup.com/cities/gb/c5/stamford_bridge/;Stamford Bridge;stamford_bridge
http://www.meetup.com/cities/gb/c5/stanley_green_trading_estate/;Stanley Green Trading Estate;stanley_green_trading_estate
http://www.meetup.com/cities/gb/c5/stanthorne/;Stanthorne;stanthorne
http://www.meetup.com/cities/gb/c5/stapeley/;Stapeley;stapeley
http://www.meetup.com/cities/gb/c5/stapleford/;Stapleford;stapleford
http://www.meetup.com/cities/gb/c5/stoak/;Stoak;stoak
http://www.meetup.com/cities/gb/c5/stockport/;Stockport;stockport
http://www.meetup.com/cities/gb/c5/stockton_heath/;Stockton Heath;stockton_heath
http://www.meetup.com/cities/gb/c5/stoke/;Stoke;stoke
http://www.meetup.com/cities/gb/c5/stretford/;Stretford;stretford
http://www.meetup.com/cities/gb/c5/stretton/;Stretton;stretton
http://www.meetup.com/cities/gb/c5/strines/;Strines;strines
http://www.meetup.com/cities/gb/c5/styal/;Styal;styal
http://www.meetup.com/cities/gb/c5/sutton/;Sutton;sutton
http://www.meetup.com/cities/gb/c5/sutton_weaver/;Sutton Weaver;sutton_weaver
http://www.meetup.com/cities/gb/c5/swettenham/;Swettenham;swettenham
http://www.meetup.com/cities/gb/c5/swettenham_heath/;Swettenham Heath;swettenham_heath
http://www.meetup.com/cities/gb/c5/tabley/;Tabley;tabley
http://www.meetup.com/cities/gb/c5/tarporley/;Tarporley;tarporley
http://www.meetup.com/cities/gb/c5/tarvin/;Tarvin;tarvin
http://www.meetup.com/cities/gb/c5/tarvin_sands/;Tarvin Sands;tarvin_sands
http://www.meetup.com/cities/gb/c5/tattenhall/;Tattenhall;tattenhall
http://www.meetup.com/cities/gb/c5/taylor_business_park/;Taylor Business Park;taylor_business_park
http://www.meetup.com/cities/gb/c5/the_embankment_business_park/;The Embankment Business Park;the_embankment_business_park
http://www.meetup.com/cities/gb/c5/thelwall/;Thelwall;thelwall
http://www.meetup.com/cities/gb/c5/the_trafford_centre/;The Trafford Centre;the_trafford_centre
http://www.meetup.com/cities/gb/c5/thornton-le-moors/;Thornton-le-Moors;thornton-le-moors
http://www.meetup.com/cities/gb/c5/tilston/;Tilston;tilston
http://www.meetup.com/cities/gb/c5/tilstone_fearnall/;Tilstone Fearnall;tilstone_fearnall
http://www.meetup.com/cities/gb/c5/timperley/;Timperley;timperley
http://www.meetup.com/cities/gb/c5/tiresford/;Tiresford;tiresford
http://www.meetup.com/cities/gb/c5/tiverton/;Tiverton;tiverton
http://www.meetup.com/cities/gb/c5/toft/;Toft;toft
http://www.meetup.com/cities/gb/c5/trafford_park/;Trafford Park;trafford_park
http://www.meetup.com/cities/gb/c5/tushingham/;Tushingham;tushingham
http://www.meetup.com/cities/gb/c5/tytherington_business_park/;Tytherington Business Park;tytherington_business_park
http://www.meetup.com/cities/gb/c5/upton/;Upton;upton
http://www.meetup.com/cities/gb/c5/urmston/;Urmston;urmston
http://www.meetup.com/cities/gb/c5/utkinton/;Utkinton;utkinton
http://www.meetup.com/cities/gb/c5/vicars_cross/;Vicars Cross;vicars_cross
http://www.meetup.com/cities/gb/c5/walgherton/;Walgherton;walgherton
http://www.meetup.com/cities/gb/c5/walker_barn/;Walker Barn;walker_barn
http://www.meetup.com/cities/gb/c5/wall_hill/;Wall Hill;wall_hill
http://www.meetup.com/cities/gb/c5/walton/;Walton;walton
http://www.meetup.com/cities/gb/c5/warburton/;Warburton;warburton
http://www.meetup.com/cities/gb/c5/wardle/;Wardle;wardle
http://www.meetup.com/cities/gb/c5/warmingham/;Warmingham;warmingham
http://www.meetup.com/cities/gb/c5/warrington/;Warrington;warrington
http://www.meetup.com/cities/gb/c5/waverton/;Waverton;waverton
http://www.meetup.com/cities/gb/c5/weaverham/;Weaverham;weaverham
http://www.meetup.com/cities/gb/c5/weetwood/;Weetwood;weetwood
http://www.meetup.com/cities/gb/c5/wervin/;Wervin;wervin
http://www.meetup.com/cities/gb/c5/westbrook/;Westbrook;westbrook
http://www.meetup.com/cities/gb/c5/weston/;Weston;weston
http://www.meetup.com/cities/gb/c5/weston_point/;Weston Point;weston_point
http://www.meetup.com/cities/gb/c5/west_timperley/;West Timperley;west_timperley
http://www.meetup.com/cities/gb/c5/wettenhall/;Wettenhall;wettenhall
http://www.meetup.com/cities/gb/c5/whatcroft/;Whatcroft;whatcroft
http://www.meetup.com/cities/gb/c5/wheelock/;Wheelock;wheelock
http://www.meetup.com/cities/gb/c5/whitby/;Whitby;whitby
http://www.meetup.com/cities/gb/c5/whitegate/;Whitegate;whitegate
http://www.meetup.com/cities/gb/c5/whitehall_industrial_estate/;Whitehall Industrial Estate;whitehall_industrial_estate
http://www.meetup.com/cities/gb/c5/whitehill_industrial_estate/;Whitehill Industrial Estate;whitehill_industrial_estate
http://www.meetup.com/cities/gb/c5/whitehouse_industrial_estate/;Whitehouse Industrial Estate;whitehouse_industrial_estate
http://www.meetup.com/cities/gb/c5/whiteley_green/;Whiteley Green;whiteley_green
http://www.meetup.com/cities/gb/c5/whitley/;Whitley;whitley
http://www.meetup.com/cities/gb/c5/widnes/;Widnes;widnes
http://www.meetup.com/cities/gb/c5/wigland/;Wigland;wigland
http://www.meetup.com/cities/gb/c5/wildboarclough/;Wildboarclough;wildboarclough
http://www.meetup.com/cities/gb/c5/wilkesley/;Wilkesley;wilkesley
http://www.meetup.com/cities/gb/c5/willaston/;Willaston;willaston
http://www.meetup.com/cities/gb/c5/willington/;Willington;willington
http://www.meetup.com/cities/gb/c5/wilmslow/;Wilmslow;wilmslow
http://www.meetup.com/cities/gb/c5/wimboldsley/;Wimboldsley;wimboldsley
http://www.meetup.com/cities/gb/c5/wimbolds_trafford/;Wimbolds Trafford;wimbolds_trafford
http://www.meetup.com/cities/gb/c5/wincham/;Wincham;wincham
http://www.meetup.com/cities/gb/c5/wincle/;Wincle;wincle
http://www.meetup.com/cities/gb/c5/windmill_hill/;Windmill Hill;windmill_hill
http://www.meetup.com/cities/gb/c5/winnington/;Winnington;winnington
http://www.meetup.com/cities/gb/c5/winsford/;Winsford;winsford
http://www.meetup.com/cities/gb/c5/winsford_industrial_estate/;Winsford Industrial Estate;winsford_industrial_estate
http://www.meetup.com/cities/gb/c5/winterley/;Winterley;winterley
http://www.meetup.com/cities/gb/c5/winwick_quay/;Winwick Quay;winwick_quay
http://www.meetup.com/cities/gb/c5/wirswall/;Wirswall;wirswall
http://www.meetup.com/cities/gb/c5/wistaston/;Wistaston;wistaston
http://www.meetup.com/cities/gb/c5/wolverham/;Wolverham;wolverham
http://www.meetup.com/cities/gb/c5/woodbank/;Woodbank;woodbank
http://www.meetup.com/cities/gb/c5/woodford/;Woodford;woodford
http://www.meetup.com/cities/gb/c5/woodford_park_industrial_estate/;Woodford Park Industrial Estate;woodford_park_industrial_estate
http://www.meetup.com/cities/gb/c5/woodley/;Woodley;woodley
http://www.meetup.com/cities/gb/c5/woolstanwood/;Woolstanwood;woolstanwood
http://www.meetup.com/cities/gb/c5/woolston/;Woolston;woolston
http://www.meetup.com/cities/gb/c5/worleston/;Worleston;worleston
http://www.meetup.com/cities/gb/c5/wrenbury/;Wrenbury;wrenbury
http://www.meetup.com/cities/gb/c5/wybunbury/;Wybunbury;wybunbury
http://www.meetup.com/cities/gb/c5/wychough/;Wychough;wychough
