http://www.meetup.com/cities/gb/d6/abbotsbury/;Abbotsbury;abbotsbury
http://www.meetup.com/cities/gb/d6/adber/;Adber;adber
http://www.meetup.com/cities/gb/d6/affpuddle/;Affpuddle;affpuddle
http://www.meetup.com/cities/gb/d6/almer/;Almer;almer
http://www.meetup.com/cities/gb/d6/alton_pancras/;Alton Pancras;alton_pancras
http://www.meetup.com/cities/gb/d6/alweston/;Alweston;alweston
http://www.meetup.com/cities/gb/d6/anderson/;Anderson;anderson
http://www.meetup.com/cities/gb/d6/ansty/;Ansty;ansty
http://www.meetup.com/cities/gb/d6/arne/;Arne;arne
http://www.meetup.com/cities/gb/d6/ashington/;Ashington;ashington
http://www.meetup.com/cities/gb/d6/ashley/;Ashley;ashley
http://www.meetup.com/cities/gb/d6/ashley_heath/;Ashley Heath;ashley_heath
http://www.meetup.com/cities/gb/d6/askerswell/;Askerswell;askerswell
http://www.meetup.com/cities/gb/d6/athelhampton/;Athelhampton;athelhampton
http://www.meetup.com/cities/gb/d6/bagber/;Bagber;bagber
http://www.meetup.com/cities/gb/d6/bagber_common/;Bagber Common;bagber_common
http://www.meetup.com/cities/gb/d6/barnsley/;Barnsley;barnsley
http://www.meetup.com/cities/gb/d6/batcombe/;Batcombe;batcombe
http://www.meetup.com/cities/gb/d6/beacon_hill/;Beacon Hill;beacon_hill
http://www.meetup.com/cities/gb/d6/beaminster/;Beaminster;beaminster
http://www.meetup.com/cities/gb/d6/bedchester/;Bedchester;bedchester
http://www.meetup.com/cities/gb/d6/beer_hackett/;Beer Hackett;beer_hackett
http://www.meetup.com/cities/gb/d6/belchalwell/;Belchalwell;belchalwell
http://www.meetup.com/cities/gb/d6/bere_heath/;Bere Heath;bere_heath
http://www.meetup.com/cities/gb/d6/bere_regis/;Bere Regis;bere_regis
http://www.meetup.com/cities/gb/d6/bettiscombe/;Bettiscombe;bettiscombe
http://www.meetup.com/cities/gb/d6/bincombe/;Bincombe;bincombe
http://www.meetup.com/cities/gb/d6/bincombe_down/;Bincombe Down;bincombe_down
http://www.meetup.com/cities/gb/d6/binghams_melcombe/;Binghams Melcombe;binghams_melcombe
http://www.meetup.com/cities/gb/d6/binnegar/;Binnegar;binnegar
http://www.meetup.com/cities/gb/d6/bishops_caundle/;Bishops Caundle;bishops_caundle
http://www.meetup.com/cities/gb/d6/bishops_down/;Bishops Down;bishops_down
http://www.meetup.com/cities/gb/d6/blackdown/;Blackdown;blackdown
http://www.meetup.com/cities/gb/d6/blackmanston/;Blackmanston;blackmanston
http://www.meetup.com/cities/gb/d6/blackney/;Blackney;blackney
http://www.meetup.com/cities/gb/d6/blandford_camp/;Blandford Camp;blandford_camp
http://www.meetup.com/cities/gb/d6/blandford_forum/;Blandford Forum;blandford_forum
http://www.meetup.com/cities/gb/d6/blandford_st_mary/;Blandford St Mary;blandford_st_mary
http://www.meetup.com/cities/gb/d6/bloxworth/;Bloxworth;bloxworth
http://www.meetup.com/cities/gb/d6/bockhampton/;Bockhampton;bockhampton
http://www.meetup.com/cities/gb/d6/boscombe/;Boscombe;boscombe
http://www.meetup.com/cities/gb/d6/bothenhampton/;Bothenhampton;bothenhampton
http://www.meetup.com/cities/gb/d6/bothenwood/;Bothenwood;bothenwood
http://www.meetup.com/cities/gb/d6/bournemouth/;Bournemouth;bournemouth
http://www.meetup.com/cities/gb/d6/bournemouth_international_airport/;Bournemouth International Airport;bournemouth_international_airport
http://www.meetup.com/cities/gb/d6/bourton/;Bourton;bourton
http://www.meetup.com/cities/gb/d6/bovington/;Bovington;bovington
http://www.meetup.com/cities/gb/d6/bowood/;Bowood;bowood
http://www.meetup.com/cities/gb/d6/boys_hill/;Boys Hill;boys_hill
http://www.meetup.com/cities/gb/d6/bradford_abbas/;Bradford Abbas;bradford_abbas
http://www.meetup.com/cities/gb/d6/bradford_peverell/;Bradford Peverell;bradford_peverell
http://www.meetup.com/cities/gb/d6/bradle/;Bradle;bradle
http://www.meetup.com/cities/gb/d6/bradpole/;Bradpole;bradpole
http://www.meetup.com/cities/gb/d6/bramblecombe/;Bramblecombe;bramblecombe
http://www.meetup.com/cities/gb/d6/branksome/;Branksome;branksome
http://www.meetup.com/cities/gb/d6/branksome_park/;Branksome Park;branksome_park
http://www.meetup.com/cities/gb/d6/briantspuddle/;Briantspuddle;briantspuddle
http://www.meetup.com/cities/gb/d6/bridge/;Bridge;bridge
http://www.meetup.com/cities/gb/d6/bridport/;Bridport;bridport
http://www.meetup.com/cities/gb/d6/broadmayne/;Broadmayne;broadmayne
http://www.meetup.com/cities/gb/d6/broad_oak/;Broad Oak;broad_oak
http://www.meetup.com/cities/gb/d6/broadstone/;Broadstone;broadstone
http://www.meetup.com/cities/gb/d6/broadwindsor/;Broadwindsor;broadwindsor
http://www.meetup.com/cities/gb/d6/brockhill/;Brockhill;brockhill
http://www.meetup.com/cities/gb/d6/brockington/;Brockington;brockington
http://www.meetup.com/cities/gb/d6/broomhill/;Broomhill;broomhill
http://www.meetup.com/cities/gb/d6/broxhill/;Broxhill;broxhill
http://www.meetup.com/cities/gb/d6/bryanston/;Bryanston;bryanston
http://www.meetup.com/cities/gb/d6/buckhorn_weston/;Buckhorn Weston;buckhorn_weston
http://www.meetup.com/cities/gb/d6/buckland_newton/;Buckland Newton;buckland_newton
http://www.meetup.com/cities/gb/d6/buckland_ripers/;Buckland Ripers;buckland_ripers
http://www.meetup.com/cities/gb/d6/bucknowle/;Bucknowle;bucknowle
http://www.meetup.com/cities/gb/d6/bugley/;Bugley;bugley
http://www.meetup.com/cities/gb/d6/bulbarrow/;Bulbarrow;bulbarrow
http://www.meetup.com/cities/gb/d6/bull_hill/;Bull Hill;bull_hill
http://www.meetup.com/cities/gb/d6/burleston/;Burleston;burleston
http://www.meetup.com/cities/gb/d6/burngate/;Burngate;burngate
http://www.meetup.com/cities/gb/d6/burstock/;Burstock;burstock
http://www.meetup.com/cities/gb/d6/burton/;Burton;burton
http://www.meetup.com/cities/gb/d6/burton_bradstock/;Burton Bradstock;burton_bradstock
http://www.meetup.com/cities/gb/d6/came/;Came;came
http://www.meetup.com/cities/gb/d6/canford_cliffs/;Canford Cliffs;canford_cliffs
http://www.meetup.com/cities/gb/d6/canford_magna/;Canford Magna;canford_magna
http://www.meetup.com/cities/gb/d6/cann/;Cann;cann
http://www.meetup.com/cities/gb/d6/cann_common/;Cann Common;cann_common
http://www.meetup.com/cities/gb/d6/cashmoor/;Cashmoor;cashmoor
http://www.meetup.com/cities/gb/d6/castletown/;Castletown;castletown
http://www.meetup.com/cities/gb/d6/cattistock/;Cattistock;cattistock
http://www.meetup.com/cities/gb/d6/caundle_marsh/;Caundle Marsh;caundle_marsh
http://www.meetup.com/cities/gb/d6/cerne_abbas/;Cerne Abbas;cerne_abbas
http://www.meetup.com/cities/gb/d6/chalbury/;Chalbury;chalbury
http://www.meetup.com/cities/gb/d6/chaldon_herring/;Chaldon Herring;chaldon_herring
http://www.meetup.com/cities/gb/d6/chalmington/;Chalmington;chalmington
http://www.meetup.com/cities/gb/d6/chantmarle/;Chantmarle;chantmarle
http://www.meetup.com/cities/gb/d6/chapelhay/;Chapelhay;chapelhay
http://www.meetup.com/cities/gb/d6/charborough_park/;Charborough Park;charborough_park
http://www.meetup.com/cities/gb/d6/charisworth/;Charisworth;charisworth
http://www.meetup.com/cities/gb/d6/charlestown/;Charlestown;charlestown
http://www.meetup.com/cities/gb/d6/charlton_down/;Charlton Down;charlton_down
http://www.meetup.com/cities/gb/d6/charlton_marshall/;Charlton Marshall;charlton_marshall
http://www.meetup.com/cities/gb/d6/charminster/;Charminster;charminster
http://www.meetup.com/cities/gb/d6/charmouth/;Charmouth;charmouth
http://www.meetup.com/cities/gb/d6/chebbard/;Chebbard;chebbard
http://www.meetup.com/cities/gb/d6/chedington/;Chedington;chedington
http://www.meetup.com/cities/gb/d6/cherry_orchard/;Cherry Orchard;cherry_orchard
http://www.meetup.com/cities/gb/d6/cheselbourne/;Cheselbourne;cheselbourne
http://www.meetup.com/cities/gb/d6/chetnole/;Chetnole;chetnole
http://www.meetup.com/cities/gb/d6/chettle/;Chettle;chettle
http://www.meetup.com/cities/gb/d6/chickerell/;Chickerell;chickerell
http://www.meetup.com/cities/gb/d6/chideock/;Chideock;chideock
http://www.meetup.com/cities/gb/d6/chilbridge/;Chilbridge;chilbridge
http://www.meetup.com/cities/gb/d6/chilcombe/;Chilcombe;chilcombe
http://www.meetup.com/cities/gb/d6/childhay/;Childhay;childhay
http://www.meetup.com/cities/gb/d6/child_okeford/;Child Okeford;child_okeford
http://www.meetup.com/cities/gb/d6/chilfrome/;Chilfrome;chilfrome
http://www.meetup.com/cities/gb/d6/church_knowle/;Church Knowle;church_knowle
http://www.meetup.com/cities/gb/d6/clayford/;Clayford;clayford
http://www.meetup.com/cities/gb/d6/clifton_maybank/;Clifton Maybank;clifton_maybank
http://www.meetup.com/cities/gb/d6/clouds_hill/;Clouds Hill;clouds_hill
http://www.meetup.com/cities/gb/d6/cocknowle/;Cocknowle;cocknowle
http://www.meetup.com/cities/gb/d6/cokers_frome/;Cokers Frome;cokers_frome
http://www.meetup.com/cities/gb/d6/coldharbour/;Coldharbour;coldharbour
http://www.meetup.com/cities/gb/d6/colehill/;Colehill;colehill
http://www.meetup.com/cities/gb/d6/colesbrook/;Colesbrook;colesbrook
http://www.meetup.com/cities/gb/d6/compton_abbas/;Compton Abbas;compton_abbas
http://www.meetup.com/cities/gb/d6/compton_valence/;Compton Valence;compton_valence
http://www.meetup.com/cities/gb/d6/coombe_keynes/;Coombe Keynes;coombe_keynes
http://www.meetup.com/cities/gb/d6/corfe_castle/;Corfe Castle;corfe_castle
http://www.meetup.com/cities/gb/d6/corfe_mullen/;Corfe Mullen;corfe_mullen
http://www.meetup.com/cities/gb/d6/corscombe/;Corscombe;corscombe
http://www.meetup.com/cities/gb/d6/coryates/;Coryates;coryates
http://www.meetup.com/cities/gb/d6/cosmore/;Cosmore;cosmore
http://www.meetup.com/cities/gb/d6/cowgrove/;Cowgrove;cowgrove
http://www.meetup.com/cities/gb/d6/cranborne/;Cranborne;cranborne
http://www.meetup.com/cities/gb/d6/crawthorne/;Crawthorne;crawthorne
http://www.meetup.com/cities/gb/d6/creech/;Creech;creech
http://www.meetup.com/cities/gb/d6/crendell/;Crendell;crendell
http://www.meetup.com/cities/gb/d6/cripplestyle/;Cripplestyle;cripplestyle
http://www.meetup.com/cities/gb/d6/crockway/;Crockway;crockway
http://www.meetup.com/cities/gb/d6/crossways/;Crossways;crossways
http://www.meetup.com/cities/gb/d6/cruxton/;Cruxton;cruxton
http://www.meetup.com/cities/gb/d6/culeaze/;Culeaze;culeaze
http://www.meetup.com/cities/gb/d6/dewlish/;Dewlish;dewlish
http://www.meetup.com/cities/gb/d6/doddings/;Doddings;doddings
http://www.meetup.com/cities/gb/d6/dodds_cross/;Dodds Cross;dodds_cross
http://www.meetup.com/cities/gb/d6/dogdean/;Dogdean;dogdean
http://www.meetup.com/cities/gb/d6/dorchester/;Dorchester;dorchester
http://www.meetup.com/cities/gb/d6/dottery/;Dottery;dottery
http://www.meetup.com/cities/gb/d6/droop/;Droop;droop
http://www.meetup.com/cities/gb/d6/druce/;Druce;druce
http://www.meetup.com/cities/gb/d6/duntish/;Duntish;duntish
http://www.meetup.com/cities/gb/d6/durweston/;Durweston;durweston
http://www.meetup.com/cities/gb/d6/east_almer/;East Almer;east_almer
http://www.meetup.com/cities/gb/d6/east_bexington/;East Bexington;east_bexington
http://www.meetup.com/cities/gb/d6/east_chelborough/;East Chelborough;east_chelborough
http://www.meetup.com/cities/gb/d6/east_creech/;East Creech;east_creech
http://www.meetup.com/cities/gb/d6/east_end/;East End;east_end
http://www.meetup.com/cities/gb/d6/east_holme/;East Holme;east_holme
http://www.meetup.com/cities/gb/d6/east_holton/;East Holton;east_holton
http://www.meetup.com/cities/gb/d6/east_knighton/;East Knighton;east_knighton
http://www.meetup.com/cities/gb/d6/east_lulworth/;East Lulworth;east_lulworth
http://www.meetup.com/cities/gb/d6/east_melbury/;East Melbury;east_melbury
http://www.meetup.com/cities/gb/d6/east_morden/;East Morden;east_morden
http://www.meetup.com/cities/gb/d6/east_orchard/;East Orchard;east_orchard
http://www.meetup.com/cities/gb/d6/east_stoke/;East Stoke;east_stoke
http://www.meetup.com/cities/gb/d6/east_stour/;East Stour;east_stour
http://www.meetup.com/cities/gb/d6/east_woodyates/;East Woodyates;east_woodyates
http://www.meetup.com/cities/gb/d6/ebblake_industrial_estate/;Ebblake Industrial Estate;ebblake_industrial_estate
http://www.meetup.com/cities/gb/d6/eccliffe/;Eccliffe;eccliffe
http://www.meetup.com/cities/gb/d6/edmondsham/;Edmondsham;edmondsham
http://www.meetup.com/cities/gb/d6/everley/;Everley;everley
http://www.meetup.com/cities/gb/d6/evershot/;Evershot;evershot
http://www.meetup.com/cities/gb/d6/eype/;Eype;eype
http://www.meetup.com/cities/gb/d6/fairmile/;Fairmile;fairmile
http://www.meetup.com/cities/gb/d6/farnham/;Farnham;farnham
http://www.meetup.com/cities/gb/d6/farrington/;Farrington;farrington
http://www.meetup.com/cities/gb/d6/ferndown/;Ferndown;ferndown
http://www.meetup.com/cities/gb/d6/ferndown_industrial_estate/;Ferndown Industrial Estate;ferndown_industrial_estate
http://www.meetup.com/cities/gb/d6/fiddleford/;Fiddleford;fiddleford
http://www.meetup.com/cities/gb/d6/fifehead_magdalen/;Fifehead Magdalen;fifehead_magdalen
http://www.meetup.com/cities/gb/d6/fifehead_neville/;Fifehead Neville;fifehead_neville
http://www.meetup.com/cities/gb/d6/fifehead_st_quintin/;Fifehead St Quintin;fifehead_st_quintin
http://www.meetup.com/cities/gb/d6/filford/;Filford;filford
http://www.meetup.com/cities/gb/d6/fishpond/;Fishpond;fishpond
http://www.meetup.com/cities/gb/d6/fleet/;Fleet;fleet
http://www.meetup.com/cities/gb/d6/folke/;Folke;folke
http://www.meetup.com/cities/gb/d6/fontmell_magna/;Fontmell Magna;fontmell_magna
http://www.meetup.com/cities/gb/d6/fontmell_parva/;Fontmell Parva;fontmell_parva
http://www.meetup.com/cities/gb/d6/forde_abbey/;Forde Abbey;forde_abbey
http://www.meetup.com/cities/gb/d6/fordington/;Fordington;fordington
http://www.meetup.com/cities/gb/d6/forest_deer/;Forest Deer;forest_deer
http://www.meetup.com/cities/gb/d6/forston/;Forston;forston
http://www.meetup.com/cities/gb/d6/fortuneswell/;Fortuneswell;fortuneswell
http://www.meetup.com/cities/gb/d6/frampton/;Frampton;frampton
http://www.meetup.com/cities/gb/d6/friar_waddon/;Friar Waddon;friar_waddon
http://www.meetup.com/cities/gb/d6/frome_st_quintin/;Frome St Quintin;frome_st_quintin
http://www.meetup.com/cities/gb/d6/frome_vauchurch/;Frome Vauchurch;frome_vauchurch
http://www.meetup.com/cities/gb/d6/frome_whitfield/;Frome Whitfield;frome_whitfield
http://www.meetup.com/cities/gb/d6/furzehill/;Furzehill;furzehill
http://www.meetup.com/cities/gb/d6/gains_cross/;Gains Cross;gains_cross
http://www.meetup.com/cities/gb/d6/galton/;Galton;galton
http://www.meetup.com/cities/gb/d6/gaunts/;Gaunts;gaunts
http://www.meetup.com/cities/gb/d6/gaunts_common/;Gaunts Common;gaunts_common
http://www.meetup.com/cities/gb/d6/gillingham/;Gillingham;gillingham
http://www.meetup.com/cities/gb/d6/glanvilles_wootton/;Glanvilles Wootton;glanvilles_wootton
http://www.meetup.com/cities/gb/d6/glue_hill/;Glue Hill;glue_hill
http://www.meetup.com/cities/gb/d6/goathill/;Goathill;goathill
http://www.meetup.com/cities/gb/d6/godmanstone/;Godmanstone;godmanstone
http://www.meetup.com/cities/gb/d6/gore_common/;Gore Common;gore_common
http://www.meetup.com/cities/gb/d6/granby_industrial_estate/;Granby Industrial Estate;granby_industrial_estate
http://www.meetup.com/cities/gb/d6/grange/;Grange;grange
http://www.meetup.com/cities/gb/d6/greenham/;Greenham;greenham
http://www.meetup.com/cities/gb/d6/grimstone/;Grimstone;grimstone
http://www.meetup.com/cities/gb/d6/gussage_all_saints/;Gussage All Saints;gussage_all_saints
http://www.meetup.com/cities/gb/d6/gussage_st_andrew/;Gussage St Andrew;gussage_st_andrew
http://www.meetup.com/cities/gb/d6/gussage_st_michael/;Gussage St Michael;gussage_st_michael
http://www.meetup.com/cities/gb/d6/guys_marsh/;Guys Marsh;guys_marsh
http://www.meetup.com/cities/gb/d6/haddon/;Haddon;haddon
http://www.meetup.com/cities/gb/d6/halstock_leigh/;Halstock Leigh;halstock_leigh
http://www.meetup.com/cities/gb/d6/hammoon/;Hammoon;hammoon
http://www.meetup.com/cities/gb/d6/hampreston/;Hampreston;hampreston
http://www.meetup.com/cities/gb/d6/hampton/;Hampton;hampton
http://www.meetup.com/cities/gb/d6/hamworthy/;Hamworthy;hamworthy
http://www.meetup.com/cities/gb/d6/hanford/;Hanford;hanford
http://www.meetup.com/cities/gb/d6/hartgrove/;Hartgrove;hartgrove
http://www.meetup.com/cities/gb/d6/hawkchurch/;Hawkchurch;hawkchurch
http://www.meetup.com/cities/gb/d6/haydon/;Haydon;haydon
http://www.meetup.com/cities/gb/d6/hazelbury_bryan/;Hazelbury Bryan;hazelbury_bryan
http://www.meetup.com/cities/gb/d6/henley/;Henley;henley
http://www.meetup.com/cities/gb/d6/hermitage/;Hermitage;hermitage
http://www.meetup.com/cities/gb/d6/herringston/;Herringston;herringston
http://www.meetup.com/cities/gb/d6/hethfelton/;Hethfelton;hethfelton
http://www.meetup.com/cities/gb/d6/hewood/;Hewood;hewood
http://www.meetup.com/cities/gb/d6/highcliffe/;Highcliffe;highcliffe
http://www.meetup.com/cities/gb/d6/higher_ansty/;Higher Ansty;higher_ansty
http://www.meetup.com/cities/gb/d6/higher_bockhampton/;Higher Bockhampton;higher_bockhampton
http://www.meetup.com/cities/gb/d6/higher_burton/;Higher Burton;higher_burton
http://www.meetup.com/cities/gb/d6/higher_came/;Higher Came;higher_came
http://www.meetup.com/cities/gb/d6/higher_charminster/;Higher Charminster;higher_charminster
http://www.meetup.com/cities/gb/d6/higher_chilfrome/;Higher Chilfrome;higher_chilfrome
http://www.meetup.com/cities/gb/d6/higher_clatcombe/;Higher Clatcombe;higher_clatcombe
http://www.meetup.com/cities/gb/d6/higher_eype/;Higher Eype;higher_eype
http://www.meetup.com/cities/gb/d6/higher_frome_vauchurch/;Higher Frome Vauchurch;higher_frome_vauchurch
http://www.meetup.com/cities/gb/d6/higher_halstock_leigh/;Higher Halstock Leigh;higher_halstock_leigh
http://www.meetup.com/cities/gb/d6/higher_kingcombe/;Higher Kingcombe;higher_kingcombe
http://www.meetup.com/cities/gb/d6/higher_kingston_russell/;Higher Kingston Russell;higher_kingston_russell
http://www.meetup.com/cities/gb/d6/higher_langham/;Higher Langham;higher_langham
http://www.meetup.com/cities/gb/d6/higher_melcombe/;Higher Melcombe;higher_melcombe
http://www.meetup.com/cities/gb/d6/higher_oborne/;Higher Oborne;higher_oborne
http://www.meetup.com/cities/gb/d6/higher_totnell/;Higher Totnell;higher_totnell
http://www.meetup.com/cities/gb/d6/higher_waterston/;Higher Waterston;higher_waterston
http://www.meetup.com/cities/gb/d6/higher_woodsford/;Higher Woodsford;higher_woodsford
http://www.meetup.com/cities/gb/d6/higher_wraxall/;Higher Wraxall;higher_wraxall
http://www.meetup.com/cities/gb/d6/high_hall/;High Hall;high_hall
http://www.meetup.com/cities/gb/d6/hilfield/;Hilfield;hilfield
http://www.meetup.com/cities/gb/d6/hillbutts/;Hillbutts;hillbutts
http://www.meetup.com/cities/gb/d6/hilton/;Hilton;hilton
http://www.meetup.com/cities/gb/d6/hinton_martell/;Hinton Martell;hinton_martell
http://www.meetup.com/cities/gb/d6/hinton_parva/;Hinton Parva;hinton_parva
http://www.meetup.com/cities/gb/d6/hinton_st_mary/;Hinton St Mary;hinton_st_mary
http://www.meetup.com/cities/gb/d6/holdenhurst_village/;Holdenhurst Village;holdenhurst_village
http://www.meetup.com/cities/gb/d6/holditch/;Holditch;holditch
http://www.meetup.com/cities/gb/d6/holmebridge/;Holmebridge;holmebridge
http://www.meetup.com/cities/gb/d6/holnest/;Holnest;holnest
http://www.meetup.com/cities/gb/d6/holt/;Holt;holt
http://www.meetup.com/cities/gb/d6/holton_heath/;Holton Heath;holton_heath
http://www.meetup.com/cities/gb/d6/holton_heath_trading_park/;Holton Heath Trading Park;holton_heath_trading_park
http://www.meetup.com/cities/gb/d6/holwell/;Holwell;holwell
http://www.meetup.com/cities/gb/d6/holworth/;Holworth;holworth
http://www.meetup.com/cities/gb/d6/holywell/;Holywell;holywell
http://www.meetup.com/cities/gb/d6/hooke/;Hooke;hooke
http://www.meetup.com/cities/gb/d6/horn_ash/;Horn Ash;horn_ash
http://www.meetup.com/cities/gb/d6/horton/;Horton;horton
http://www.meetup.com/cities/gb/d6/hummer/;Hummer;hummer
http://www.meetup.com/cities/gb/d6/huntingford/;Huntingford;huntingford
http://www.meetup.com/cities/gb/d6/hurn/;Hurn;hurn
http://www.meetup.com/cities/gb/d6/hursey/;Hursey;hursey
http://www.meetup.com/cities/gb/d6/hyde/;Hyde;hyde
http://www.meetup.com/cities/gb/d6/ibberton/;Ibberton;ibberton
http://www.meetup.com/cities/gb/d6/iwerne_minster/;Iwerne Minster;iwerne_minster
http://www.meetup.com/cities/gb/d6/iwerne_steepleton/;Iwerne Steepleton;iwerne_steepleton
http://www.meetup.com/cities/gb/d6/kimmeridge/;Kimmeridge;kimmeridge
http://www.meetup.com/cities/gb/d6/king_stag/;King Stag;king_stag
http://www.meetup.com/cities/gb/d6/kingston/;Kingston;kingston
http://www.meetup.com/cities/gb/d6/kingston_lacy/;Kingston Lacy;kingston_lacy
http://www.meetup.com/cities/gb/d6/kingston_maurward/;Kingston Maurward;kingston_maurward
http://www.meetup.com/cities/gb/d6/kington_magna/;Kington Magna;kington_magna
http://www.meetup.com/cities/gb/d6/kittwhistle/;Kittwhistle;kittwhistle
http://www.meetup.com/cities/gb/d6/knighton/;Knighton;knighton
http://www.meetup.com/cities/gb/d6/knowlton/;Knowlton;knowlton
http://www.meetup.com/cities/gb/d6/lane_end/;Lane End;lane_end
http://www.meetup.com/cities/gb/d6/langham/;Langham;langham
http://www.meetup.com/cities/gb/d6/langton_herring/;Langton Herring;langton_herring
http://www.meetup.com/cities/gb/d6/langton_long/;Langton Long;langton_long
http://www.meetup.com/cities/gb/d6/langton_matravers/;Langton Matravers;langton_matravers
http://www.meetup.com/cities/gb/d6/laverstock/;Laverstock;laverstock
http://www.meetup.com/cities/gb/d6/leigh/;Leigh;leigh
http://www.meetup.com/cities/gb/d6/lewell/;Lewell;lewell
http://www.meetup.com/cities/gb/d6/leweston/;Leweston;leweston
http://www.meetup.com/cities/gb/d6/lillington/;Lillington;lillington
http://www.meetup.com/cities/gb/d6/littlebredy/;Littlebredy;littlebredy
http://www.meetup.com/cities/gb/d6/littlemayne/;Littlemayne;littlemayne
http://www.meetup.com/cities/gb/d6/littlewindsor/;Littlewindsor;littlewindsor
http://www.meetup.com/cities/gb/d6/litton_cheney/;Litton Cheney;litton_cheney
http://www.meetup.com/cities/gb/d6/loders/;Loders;loders
http://www.meetup.com/cities/gb/d6/loders_cross/;Loders Cross;loders_cross
http://www.meetup.com/cities/gb/d6/long_bredy/;Long Bredy;long_bredy
http://www.meetup.com/cities/gb/d6/long_crichel/;Long Crichel;long_crichel
http://www.meetup.com/cities/gb/d6/longthorns/;Longthorns;longthorns
http://www.meetup.com/cities/gb/d6/loscombe/;Loscombe;loscombe
http://www.meetup.com/cities/gb/d6/lower_almer/;Lower Almer;lower_almer
http://www.meetup.com/cities/gb/d6/lower_ansty/;Lower Ansty;lower_ansty
http://www.meetup.com/cities/gb/d6/lower_bagber/;Lower Bagber;lower_bagber
http://www.meetup.com/cities/gb/d6/lower_barnsley/;Lower Barnsley;lower_barnsley
http://www.meetup.com/cities/gb/d6/lower_bincombe/;Lower Bincombe;lower_bincombe
http://www.meetup.com/cities/gb/d6/lower_blandford_st_mary/;Lower Blandford St Mary;lower_blandford_st_mary
http://www.meetup.com/cities/gb/d6/lower_bockhampton/;Lower Bockhampton;lower_bockhampton
http://www.meetup.com/cities/gb/d6/lower_bryanston/;Lower Bryanston;lower_bryanston
http://www.meetup.com/cities/gb/d6/lower_burton/;Lower Burton;lower_burton
http://www.meetup.com/cities/gb/d6/lower_clatcombe/;Lower Clatcombe;lower_clatcombe
http://www.meetup.com/cities/gb/d6/lower_holditch/;Lower Holditch;lower_holditch
http://www.meetup.com/cities/gb/d6/lower_kingcombe/;Lower Kingcombe;lower_kingcombe
http://www.meetup.com/cities/gb/d6/lower_langham/;Lower Langham;lower_langham
http://www.meetup.com/cities/gb/d6/lower_waterditch/;Lower Waterditch;lower_waterditch
http://www.meetup.com/cities/gb/d6/lower_waterston/;Lower Waterston;lower_waterston
http://www.meetup.com/cities/gb/d6/lower_woodbury/;Lower Woodbury;lower_woodbury
http://www.meetup.com/cities/gb/d6/lower_wraxall/;Lower Wraxall;lower_wraxall
http://www.meetup.com/cities/gb/d6/lulworth_camp/;Lulworth Camp;lulworth_camp
http://www.meetup.com/cities/gb/d6/lydlinch/;Lydlinch;lydlinch
http://www.meetup.com/cities/gb/d6/lydlinch_common/;Lydlinch Common;lydlinch_common
http://www.meetup.com/cities/gb/d6/lyme_regis/;Lyme Regis;lyme_regis
http://www.meetup.com/cities/gb/d6/lyons_gate/;Lyons Gate;lyons_gate
http://www.meetup.com/cities/gb/d6/lytchett_heath/;Lytchett Heath;lytchett_heath
http://www.meetup.com/cities/gb/d6/lytchett_matravers/;Lytchett Matravers;lytchett_matravers
http://www.meetup.com/cities/gb/d6/lytchett_minster/;Lytchett Minster;lytchett_minster
http://www.meetup.com/cities/gb/d6/madjeston/;Madjeston;madjeston
http://www.meetup.com/cities/gb/d6/maiden_newton/;Maiden Newton;maiden_newton
http://www.meetup.com/cities/gb/d6/mangerton/;Mangerton;mangerton
http://www.meetup.com/cities/gb/d6/mannington/;Mannington;mannington
http://www.meetup.com/cities/gb/d6/manston/;Manston;manston
http://www.meetup.com/cities/gb/d6/manswood/;Manswood;manswood
http://www.meetup.com/cities/gb/d6/manswood_common/;Manswood Common;manswood_common
http://www.meetup.com/cities/gb/d6/mapperton/;Mapperton;mapperton
http://www.meetup.com/cities/gb/d6/mappowder/;Mappowder;mappowder
http://www.meetup.com/cities/gb/d6/margaret_marsh/;Margaret Marsh;margaret_marsh
http://www.meetup.com/cities/gb/d6/marnhull/;Marnhull;marnhull
http://www.meetup.com/cities/gb/d6/marshwood/;Marshwood;marshwood
http://www.meetup.com/cities/gb/d6/martinstown/;Martinstown;martinstown
http://www.meetup.com/cities/gb/d6/matchams/;Matchams;matchams
http://www.meetup.com/cities/gb/d6/melbury_abbas/;Melbury Abbas;melbury_abbas
http://www.meetup.com/cities/gb/d6/melbury_bubb/;Melbury Bubb;melbury_bubb
http://www.meetup.com/cities/gb/d6/melbury_osmond/;Melbury Osmond;melbury_osmond
http://www.meetup.com/cities/gb/d6/melbury_sampford/;Melbury Sampford;melbury_sampford
http://www.meetup.com/cities/gb/d6/melcombe_bingham/;Melcombe Bingham;melcombe_bingham
http://www.meetup.com/cities/gb/d6/melcombe_horsey/;Melcombe Horsey;melcombe_horsey
http://www.meetup.com/cities/gb/d6/melplash/;Melplash;melplash
http://www.meetup.com/cities/gb/d6/middlemarsh/;Middlemarsh;middlemarsh
http://www.meetup.com/cities/gb/d6/milborne_st_andrew/;Milborne St Andrew;milborne_st_andrew
http://www.meetup.com/cities/gb/d6/milborne_wood/;Milborne Wood;milborne_wood
http://www.meetup.com/cities/gb/d6/milton_abbas/;Milton Abbas;milton_abbas
http://www.meetup.com/cities/gb/d6/milton_on_stour/;Milton on Stour;milton_on_stour
http://www.meetup.com/cities/gb/d6/minchington/;Minchington;minchington
http://www.meetup.com/cities/gb/d6/minterne_magna/;Minterne Magna;minterne_magna
http://www.meetup.com/cities/gb/d6/minterne_parva/;Minterne Parva;minterne_parva
http://www.meetup.com/cities/gb/d6/moigne_combe/;Moigne Combe;moigne_combe
http://www.meetup.com/cities/gb/d6/monkton_wyld/;Monkton Wyld;monkton_wyld
http://www.meetup.com/cities/gb/d6/monkwood/;Monkwood;monkwood
http://www.meetup.com/cities/gb/d6/moor_crichel/;Moor Crichel;moor_crichel
http://www.meetup.com/cities/gb/d6/moorside/;Moorside;moorside
http://www.meetup.com/cities/gb/d6/morcombelake/;Morcombelake;morcombelake
http://www.meetup.com/cities/gb/d6/morden_park_corner/;Morden Park Corner;morden_park_corner
http://www.meetup.com/cities/gb/d6/moreton/;Moreton;moreton
http://www.meetup.com/cities/gb/d6/mosterton/;Mosterton;mosterton
http://www.meetup.com/cities/gb/d6/muckleford/;Muckleford;muckleford
http://www.meetup.com/cities/gb/d6/netherbury/;Netherbury;netherbury
http://www.meetup.com/cities/gb/d6/nether_cerne/;Nether Cerne;nether_cerne
http://www.meetup.com/cities/gb/d6/nether_compton/;Nether Compton;nether_compton
http://www.meetup.com/cities/gb/d6/netherhay/;Netherhay;netherhay
http://www.meetup.com/cities/gb/d6/nettlecombe/;Nettlecombe;nettlecombe
http://www.meetup.com/cities/gb/d6/newton/;Newton;newton
http://www.meetup.com/cities/gb/d6/newtown/;Newtown;newtown
http://www.meetup.com/cities/gb/d6/norden/;Norden;norden
http://www.meetup.com/cities/gb/d6/north_bestwall/;North Bestwall;north_bestwall
http://www.meetup.com/cities/gb/d6/northbourne/;Northbourne;northbourne
http://www.meetup.com/cities/gb/d6/north_bowood/;North Bowood;north_bowood
http://www.meetup.com/cities/gb/d6/north_chideock/;North Chideock;north_chideock
http://www.meetup.com/cities/gb/d6/north_poorton/;North Poorton;north_poorton
http://www.meetup.com/cities/gb/d6/north_trigon/;North Trigon;north_trigon
http://www.meetup.com/cities/gb/d6/north_wootton/;North Wootton;north_wootton
http://www.meetup.com/cities/gb/d6/nottington/;Nottington;nottington
http://www.meetup.com/cities/gb/d6/notton/;Notton;notton
http://www.meetup.com/cities/gb/d6/nuffield_industrial_estate/;Nuffield Industrial Estate;nuffield_industrial_estate
http://www.meetup.com/cities/gb/d6/nutford/;Nutford;nutford
http://www.meetup.com/cities/gb/d6/nyland/;Nyland;nyland
http://www.meetup.com/cities/gb/d6/oakdale/;Oakdale;oakdale
http://www.meetup.com/cities/gb/d6/oakerswood/;Oakerswood;oakerswood
http://www.meetup.com/cities/gb/d6/oathill/;Oathill;oathill
http://www.meetup.com/cities/gb/d6/oborne/;Oborne;oborne
http://www.meetup.com/cities/gb/d6/okeford_fitzpaine/;Okeford Fitzpaine;okeford_fitzpaine
http://www.meetup.com/cities/gb/d6/organford/;Organford;organford
http://www.meetup.com/cities/gb/d6/osmington/;Osmington;osmington
http://www.meetup.com/cities/gb/d6/osmington_mills/;Osmington Mills;osmington_mills
http://www.meetup.com/cities/gb/d6/over_compton/;Over Compton;over_compton
http://www.meetup.com/cities/gb/d6/owermoigne/;Owermoigne;owermoigne
http://www.meetup.com/cities/gb/d6/oxbridge/;Oxbridge;oxbridge
http://www.meetup.com/cities/gb/d6/pallington/;Pallington;pallington
http://www.meetup.com/cities/gb/d6/pallington_heath/;Pallington Heath;pallington_heath
http://www.meetup.com/cities/gb/d6/pamphill/;Pamphill;pamphill
http://www.meetup.com/cities/gb/d6/parkstone/;Parkstone;parkstone
http://www.meetup.com/cities/gb/d6/parley/;Parley;parley
http://www.meetup.com/cities/gb/d6/pentridge/;Pentridge;pentridge
http://www.meetup.com/cities/gb/d6/piddlehinton/;Piddlehinton;piddlehinton
http://www.meetup.com/cities/gb/d6/piddletrenthide/;Piddletrenthide;piddletrenthide
http://www.meetup.com/cities/gb/d6/pilford/;Pilford;pilford
http://www.meetup.com/cities/gb/d6/pilsdon/;Pilsdon;pilsdon
http://www.meetup.com/cities/gb/d6/pimperne/;Pimperne;pimperne
http://www.meetup.com/cities/gb/d6/pinford/;Pinford;pinford
http://www.meetup.com/cities/gb/d6/plumber/;Plumber;plumber
http://www.meetup.com/cities/gb/d6/plush/;Plush;plush
http://www.meetup.com/cities/gb/d6/poole/;Poole;poole
http://www.meetup.com/cities/gb/d6/portesham/;Portesham;portesham
http://www.meetup.com/cities/gb/d6/portland/;Portland;portland
http://www.meetup.com/cities/gb/d6/poundbury/;Poundbury;poundbury
http://www.meetup.com/cities/gb/d6/powerstock/;Powerstock;powerstock
http://www.meetup.com/cities/gb/d6/poxwell/;Poxwell;poxwell
http://www.meetup.com/cities/gb/d6/poyntington/;Poyntington;poyntington
http://www.meetup.com/cities/gb/d6/preston/;Preston;preston
http://www.meetup.com/cities/gb/d6/puddletown/;Puddletown;puddletown
http://www.meetup.com/cities/gb/d6/pulham/;Pulham;pulham
http://www.meetup.com/cities/gb/d6/puncknowle/;Puncknowle;puncknowle
http://www.meetup.com/cities/gb/d6/purse_caundle/;Purse Caundle;purse_caundle
http://www.meetup.com/cities/gb/d6/puxey/;Puxey;puxey
http://www.meetup.com/cities/gb/d6/pymore/;Pymore;pymore
http://www.meetup.com/cities/gb/d6/quarr/;Quarr;quarr
http://www.meetup.com/cities/gb/d6/rampisham/;Rampisham;rampisham
http://www.meetup.com/cities/gb/d6/rampisham_down/;Rampisham Down;rampisham_down
http://www.meetup.com/cities/gb/d6/ridgeway/;Ridgeway;ridgeway
http://www.meetup.com/cities/gb/d6/ringstead/;Ringstead;ringstead
http://www.meetup.com/cities/gb/d6/rivers_corner/;Rivers Corner;rivers_corner
http://www.meetup.com/cities/gb/d6/rixon/;Rixon;rixon
http://www.meetup.com/cities/gb/d6/rodden/;Rodden;rodden
http://www.meetup.com/cities/gb/d6/rolls_mill/;Rolls Mill;rolls_mill
http://www.meetup.com/cities/gb/d6/rousdon/;Rousdon;rousdon
http://www.meetup.com/cities/gb/d6/ryall/;Ryall;ryall
http://www.meetup.com/cities/gb/d6/ryme_intrinseca/;Ryme Intrinseca;ryme_intrinseca
http://www.meetup.com/cities/gb/d6/salwayash/;Salwayash;salwayash
http://www.meetup.com/cities/gb/d6/sandford/;Sandford;sandford
http://www.meetup.com/cities/gb/d6/sandford_holiday_park/;Sandford Holiday Park;sandford_holiday_park
http://www.meetup.com/cities/gb/d6/sandford_orcas/;Sandford Orcas;sandford_orcas
http://www.meetup.com/cities/gb/d6/sandley/;Sandley;sandley
http://www.meetup.com/cities/gb/d6/school_house/;School House;school_house
http://www.meetup.com/cities/gb/d6/seaborough/;Seaborough;seaborough
http://www.meetup.com/cities/gb/d6/seatown/;Seatown;seatown
http://www.meetup.com/cities/gb/d6/seven_ash_common/;Seven Ash Common;seven_ash_common
http://www.meetup.com/cities/gb/d6/shapwick/;Shapwick;shapwick
http://www.meetup.com/cities/gb/d6/shave_cross/;Shave Cross;shave_cross
http://www.meetup.com/cities/gb/d6/sherborne/;Sherborne;sherborne
http://www.meetup.com/cities/gb/d6/sherford/;Sherford;sherford
http://www.meetup.com/cities/gb/d6/sherstock/;Sherstock;sherstock
http://www.meetup.com/cities/gb/d6/shillingstone/;Shillingstone;shillingstone
http://www.meetup.com/cities/gb/d6/shilvinghampton/;Shilvinghampton;shilvinghampton
http://www.meetup.com/cities/gb/d6/shipton_gorge/;Shipton Gorge;shipton_gorge
http://www.meetup.com/cities/gb/d6/shroton/;Shroton;shroton
http://www.meetup.com/cities/gb/d6/silton/;Silton;silton
http://www.meetup.com/cities/gb/d6/silverlake/;Silverlake;silverlake
http://www.meetup.com/cities/gb/d6/slaughtergate/;Slaughtergate;slaughtergate
http://www.meetup.com/cities/gb/d6/snatford_bridge/;Snatford Bridge;snatford_bridge
http://www.meetup.com/cities/gb/d6/southbourne/;Southbourne;southbourne
http://www.meetup.com/cities/gb/d6/south_bowood/;South Bowood;south_bowood
http://www.meetup.com/cities/gb/d6/south_perrott/;South Perrott;south_perrott
http://www.meetup.com/cities/gb/d6/south_poorton/;South Poorton;south_poorton
http://www.meetup.com/cities/gb/d6/south_trigon/;South Trigon;south_trigon
http://www.meetup.com/cities/gb/d6/southwell/;Southwell;southwell
http://www.meetup.com/cities/gb/d6/southwell_business_park/;Southwell Business Park;southwell_business_park
http://www.meetup.com/cities/gb/d6/spetisbury/;Spetisbury;spetisbury
http://www.meetup.com/cities/gb/d6/stalbridge_weston/;Stalbridge Weston;stalbridge_weston
http://www.meetup.com/cities/gb/d6/stanbridge/;Stanbridge;stanbridge
http://www.meetup.com/cities/gb/d6/steeple/;Steeple;steeple
http://www.meetup.com/cities/gb/d6/stinsford/;Stinsford;stinsford
http://www.meetup.com/cities/gb/d6/st_ives/;St Ives;st_ives
http://www.meetup.com/cities/gb/d6/st_leonards/;St Leonards;st_leonards
http://www.meetup.com/cities/gb/d6/stoborough/;Stoborough;stoborough
http://www.meetup.com/cities/gb/d6/stock/;Stock;stock
http://www.meetup.com/cities/gb/d6/stockbridge/;Stockbridge;stockbridge
http://www.meetup.com/cities/gb/d6/stock_gaylard/;Stock Gaylard;stock_gaylard
http://www.meetup.com/cities/gb/d6/stockwood/;Stockwood;stockwood
http://www.meetup.com/cities/gb/d6/stoke_abbott/;Stoke Abbott;stoke_abbott
http://www.meetup.com/cities/gb/d6/stoke_wake/;Stoke Wake;stoke_wake
http://www.meetup.com/cities/gb/d6/stourpaine/;Stourpaine;stourpaine
http://www.meetup.com/cities/gb/d6/stour_provost/;Stour Provost;stour_provost
http://www.meetup.com/cities/gb/d6/stour_row/;Stour Row;stour_row
http://www.meetup.com/cities/gb/d6/stourton_caundle/;Stourton Caundle;stourton_caundle
http://www.meetup.com/cities/gb/d6/stratton/;Stratton;stratton
http://www.meetup.com/cities/gb/d6/stubhampton/;Stubhampton;stubhampton
http://www.meetup.com/cities/gb/d6/studland/;Studland;studland
http://www.meetup.com/cities/gb/d6/sturminster_marshall/;Sturminster Marshall;sturminster_marshall
http://www.meetup.com/cities/gb/d6/sturminster_newton/;Sturminster Newton;sturminster_newton
http://www.meetup.com/cities/gb/d6/sturthill/;Sturthill;sturthill
http://www.meetup.com/cities/gb/d6/sutton/;Sutton;sutton
http://www.meetup.com/cities/gb/d6/sutton_poyntz/;Sutton Poyntz;sutton_poyntz
http://www.meetup.com/cities/gb/d6/sutton_waldron/;Sutton Waldron;sutton_waldron
http://www.meetup.com/cities/gb/d6/swanage/;Swanage;swanage
http://www.meetup.com/cities/gb/d6/swyre/;Swyre;swyre
http://www.meetup.com/cities/gb/d6/sydling_st_nicholas/;Sydling St Nicholas;sydling_st_nicholas
http://www.meetup.com/cities/gb/d6/symondsbury/;Symondsbury;symondsbury
http://www.meetup.com/cities/gb/d6/tadden/;Tadden;tadden
http://www.meetup.com/cities/gb/d6/tarrant_crawford/;Tarrant Crawford;tarrant_crawford
http://www.meetup.com/cities/gb/d6/tarrant_gunville/;Tarrant Gunville;tarrant_gunville
http://www.meetup.com/cities/gb/d6/tarrant_hinton/;Tarrant Hinton;tarrant_hinton
http://www.meetup.com/cities/gb/d6/tarrant_keyneston/;Tarrant Keyneston;tarrant_keyneston
http://www.meetup.com/cities/gb/d6/tarrant_launceston/;Tarrant Launceston;tarrant_launceston
http://www.meetup.com/cities/gb/d6/tarrant_monkton/;Tarrant Monkton;tarrant_monkton
http://www.meetup.com/cities/gb/d6/tarrant_rawston/;Tarrant Rawston;tarrant_rawston
http://www.meetup.com/cities/gb/d6/tarrant_rushton/;Tarrant Rushton;tarrant_rushton
http://www.meetup.com/cities/gb/d6/tatton/;Tatton;tatton
http://www.meetup.com/cities/gb/d6/templemans_ash/;Templemans Ash;templemans_ash
http://www.meetup.com/cities/gb/d6/thorncombe/;Thorncombe;thorncombe
http://www.meetup.com/cities/gb/d6/thornford/;Thornford;thornford
http://www.meetup.com/cities/gb/d6/thornicombe/;Thornicombe;thornicombe
http://www.meetup.com/cities/gb/d6/three_legged_cross/;Three Legged Cross;three_legged_cross
http://www.meetup.com/cities/gb/d6/throop/;Throop;throop
http://www.meetup.com/cities/gb/d6/tincleton/;Tincleton;tincleton
http://www.meetup.com/cities/gb/d6/todber/;Todber;todber
http://www.meetup.com/cities/gb/d6/tollerford/;Tollerford;tollerford
http://www.meetup.com/cities/gb/d6/toller_fratrum/;Toller Fratrum;toller_fratrum
http://www.meetup.com/cities/gb/d6/toller_porcorum/;Toller Porcorum;toller_porcorum
http://www.meetup.com/cities/gb/d6/toller_whelme/;Toller Whelme;toller_whelme
http://www.meetup.com/cities/gb/d6/tolpuddle/;Tolpuddle;tolpuddle
http://www.meetup.com/cities/gb/d6/town_hill/;Town Hill;town_hill
http://www.meetup.com/cities/gb/d6/trent/;Trent;trent
http://www.meetup.com/cities/gb/d6/trigon/;Trigon;trigon
http://www.meetup.com/cities/gb/d6/troytown/;Troytown;troytown
http://www.meetup.com/cities/gb/d6/turnerspuddle/;Turnerspuddle;turnerspuddle
http://www.meetup.com/cities/gb/d6/turnworth/;Turnworth;turnworth
http://www.meetup.com/cities/gb/d6/twyford/;Twyford;twyford
http://www.meetup.com/cities/gb/d6/tytherleigh/;Tytherleigh;tytherleigh
http://www.meetup.com/cities/gb/d6/up_cerne/;Up Cerne;up_cerne
http://www.meetup.com/cities/gb/d6/uploders/;Uploders;uploders
http://www.meetup.com/cities/gb/d6/uplyme/;Uplyme;uplyme
http://www.meetup.com/cities/gb/d6/uppington/;Uppington;uppington
http://www.meetup.com/cities/gb/d6/up_sydling/;Up Sydling;up_sydling
http://www.meetup.com/cities/gb/d6/upton/;Upton;upton
http://www.meetup.com/cities/gb/d6/upton_fort/;Upton Fort;upton_fort
http://www.meetup.com/cities/gb/d6/upwey/;Upwey;upwey
http://www.meetup.com/cities/gb/d6/waddock/;Waddock;waddock
http://www.meetup.com/cities/gb/d6/waddon/;Waddon;waddon
http://www.meetup.com/cities/gb/d6/walditch/;Walditch;walditch
http://www.meetup.com/cities/gb/d6/walford/;Walford;walford
http://www.meetup.com/cities/gb/d6/wardon_hill/;Wardon Hill;wardon_hill
http://www.meetup.com/cities/gb/d6/wareham/;Wareham;wareham
http://www.meetup.com/cities/gb/d6/warmwell/;Warmwell;warmwell
http://www.meetup.com/cities/gb/d6/warrbridge/;Warrbridge;warrbridge
http://www.meetup.com/cities/gb/d6/watercombe/;Watercombe;watercombe
http://www.meetup.com/cities/gb/d6/waterloo/;Waterloo;waterloo
http://www.meetup.com/cities/gb/d6/waterston/;Waterston;waterston
http://www.meetup.com/cities/gb/d6/watton/;Watton;watton
http://www.meetup.com/cities/gb/d6/waytown/;Waytown;waytown
http://www.meetup.com/cities/gb/d6/west_allington/;West Allington;west_allington
http://www.meetup.com/cities/gb/d6/west_almer/;West Almer;west_almer
http://www.meetup.com/cities/gb/d6/west_bay/;West Bay;west_bay
http://www.meetup.com/cities/gb/d6/west_bexington/;West Bexington;west_bexington
http://www.meetup.com/cities/gb/d6/westbourne/;Westbourne;westbourne
http://www.meetup.com/cities/gb/d6/west_bourton/;West Bourton;west_bourton
http://www.meetup.com/cities/gb/d6/westbrook/;Westbrook;westbrook
http://www.meetup.com/cities/gb/d6/west_chaldon/;West Chaldon;west_chaldon
http://www.meetup.com/cities/gb/d6/west_chelborough/;West Chelborough;west_chelborough
http://www.meetup.com/cities/gb/d6/west_compton/;West Compton;west_compton
http://www.meetup.com/cities/gb/d6/west_fossil/;West Fossil;west_fossil
http://www.meetup.com/cities/gb/d6/west_holme/;West Holme;west_holme
http://www.meetup.com/cities/gb/d6/west_knighton/;West Knighton;west_knighton
http://www.meetup.com/cities/gb/d6/west_lulworth/;West Lulworth;west_lulworth
http://www.meetup.com/cities/gb/d6/west_melbury/;West Melbury;west_melbury
http://www.meetup.com/cities/gb/d6/west_milton/;West Milton;west_milton
http://www.meetup.com/cities/gb/d6/west_moors/;West Moors;west_moors
http://www.meetup.com/cities/gb/d6/west_morden/;West Morden;west_morden
http://www.meetup.com/cities/gb/d6/weston/;Weston;weston
http://www.meetup.com/cities/gb/d6/west_orchard/;West Orchard;west_orchard
http://www.meetup.com/cities/gb/d6/west_parley/;West Parley;west_parley
http://www.meetup.com/cities/gb/d6/west_stafford/;West Stafford;west_stafford
http://www.meetup.com/cities/gb/d6/west_stour/;West Stour;west_stour
http://www.meetup.com/cities/gb/d6/west_woodyates/;West Woodyates;west_woodyates
http://www.meetup.com/cities/gb/d6/weymouth/;Weymouth;weymouth
http://www.meetup.com/cities/gb/d6/whatcombe/;Whatcombe;whatcombe
http://www.meetup.com/cities/gb/d6/whitchurch_canonicorum/;Whitchurch Canonicorum;whitchurch_canonicorum
http://www.meetup.com/cities/gb/d6/whitcombe/;Whitcombe;whitcombe
http://www.meetup.com/cities/gb/d6/wimborne/;Wimborne;wimborne
http://www.meetup.com/cities/gb/d6/wimborne_st_giles/;Wimborne St Giles;wimborne_st_giles
http://www.meetup.com/cities/gb/d6/winfrith_newburgh/;Winfrith Newburgh;winfrith_newburgh
http://www.meetup.com/cities/gb/d6/winkton/;Winkton;winkton
http://www.meetup.com/cities/gb/d6/winterborne_clenston/;Winterborne Clenston;winterborne_clenston
http://www.meetup.com/cities/gb/d6/winterborne_houghton/;Winterborne Houghton;winterborne_houghton
http://www.meetup.com/cities/gb/d6/winterborne_kingston/;Winterborne Kingston;winterborne_kingston
http://www.meetup.com/cities/gb/d6/winterborne_monkton/;Winterborne Monkton;winterborne_monkton
http://www.meetup.com/cities/gb/d6/winterborne_muston/;Winterborne Muston;winterborne_muston
http://www.meetup.com/cities/gb/d6/winterborne_stickland/;Winterborne Stickland;winterborne_stickland
http://www.meetup.com/cities/gb/d6/winterborne_tomson/;Winterborne Tomson;winterborne_tomson
http://www.meetup.com/cities/gb/d6/winterborne_whitechurch/;Winterborne Whitechurch;winterborne_whitechurch
http://www.meetup.com/cities/gb/d6/winterborne_zelston/;Winterborne Zelston;winterborne_zelston
http://www.meetup.com/cities/gb/d6/winterbourne_abbas/;Winterbourne Abbas;winterbourne_abbas
http://www.meetup.com/cities/gb/d6/winterbourne_steepleton/;Winterbourne Steepleton;winterbourne_steepleton
http://www.meetup.com/cities/gb/d6/witchampton/;Witchampton;witchampton
http://www.meetup.com/cities/gb/d6/wolfeton/;Wolfeton;wolfeton
http://www.meetup.com/cities/gb/d6/woodcutts/;Woodcutts;woodcutts
http://www.meetup.com/cities/gb/d6/woodlands/;Woodlands;woodlands
http://www.meetup.com/cities/gb/d6/woodsford/;Woodsford;woodsford
http://www.meetup.com/cities/gb/d6/wool/;Wool;wool
http://www.meetup.com/cities/gb/d6/woolland/;Woolland;woolland
http://www.meetup.com/cities/gb/d6/woolsbridge_industrial_estate/;Woolsbridge Industrial Estate;woolsbridge_industrial_estate
http://www.meetup.com/cities/gb/d6/wooth/;Wooth;wooth
http://www.meetup.com/cities/gb/d6/wootton_fitzpaine/;Wootton Fitzpaine;wootton_fitzpaine
http://www.meetup.com/cities/gb/d6/worth_matravers/;Worth Matravers;worth_matravers
http://www.meetup.com/cities/gb/d6/wrackleford/;Wrackleford;wrackleford
http://www.meetup.com/cities/gb/d6/wyke/;Wyke;wyke
http://www.meetup.com/cities/gb/d6/wyke_regis/;Wyke Regis;wyke_regis
http://www.meetup.com/cities/gb/d6/wynford_eagle/;Wynford Eagle;wynford_eagle
http://www.meetup.com/cities/gb/d6/yellowham_wood/;Yellowham Wood;yellowham_wood
http://www.meetup.com/cities/gb/d6/yetminster/;Yetminster;yetminster
http://www.meetup.com/cities/gb/d6/yewstock/;Yewstock;yewstock
http://www.meetup.com/cities/gb/d6/abbotsbury/;Abbotsbury;abbotsbury
http://www.meetup.com/cities/gb/d6/adber/;Adber;adber
http://www.meetup.com/cities/gb/d6/affpuddle/;Affpuddle;affpuddle
http://www.meetup.com/cities/gb/d6/almer/;Almer;almer
http://www.meetup.com/cities/gb/d6/alton_pancras/;Alton Pancras;alton_pancras
http://www.meetup.com/cities/gb/d6/alweston/;Alweston;alweston
http://www.meetup.com/cities/gb/d6/anderson/;Anderson;anderson
http://www.meetup.com/cities/gb/d6/ansty/;Ansty;ansty
http://www.meetup.com/cities/gb/d6/arne/;Arne;arne
http://www.meetup.com/cities/gb/d6/ashington/;Ashington;ashington
http://www.meetup.com/cities/gb/d6/ashley/;Ashley;ashley
http://www.meetup.com/cities/gb/d6/ashley_heath/;Ashley Heath;ashley_heath
http://www.meetup.com/cities/gb/d6/askerswell/;Askerswell;askerswell
http://www.meetup.com/cities/gb/d6/athelhampton/;Athelhampton;athelhampton
http://www.meetup.com/cities/gb/d6/bagber/;Bagber;bagber
http://www.meetup.com/cities/gb/d6/bagber_common/;Bagber Common;bagber_common
http://www.meetup.com/cities/gb/d6/barnsley/;Barnsley;barnsley
http://www.meetup.com/cities/gb/d6/batcombe/;Batcombe;batcombe
http://www.meetup.com/cities/gb/d6/beacon_hill/;Beacon Hill;beacon_hill
http://www.meetup.com/cities/gb/d6/beaminster/;Beaminster;beaminster
http://www.meetup.com/cities/gb/d6/bedchester/;Bedchester;bedchester
http://www.meetup.com/cities/gb/d6/beer_hackett/;Beer Hackett;beer_hackett
http://www.meetup.com/cities/gb/d6/belchalwell/;Belchalwell;belchalwell
http://www.meetup.com/cities/gb/d6/bere_heath/;Bere Heath;bere_heath
http://www.meetup.com/cities/gb/d6/bere_regis/;Bere Regis;bere_regis
http://www.meetup.com/cities/gb/d6/bettiscombe/;Bettiscombe;bettiscombe
http://www.meetup.com/cities/gb/d6/bincombe/;Bincombe;bincombe
http://www.meetup.com/cities/gb/d6/bincombe_down/;Bincombe Down;bincombe_down
http://www.meetup.com/cities/gb/d6/binghams_melcombe/;Binghams Melcombe;binghams_melcombe
http://www.meetup.com/cities/gb/d6/binnegar/;Binnegar;binnegar
http://www.meetup.com/cities/gb/d6/bishops_caundle/;Bishops Caundle;bishops_caundle
http://www.meetup.com/cities/gb/d6/bishops_down/;Bishops Down;bishops_down
http://www.meetup.com/cities/gb/d6/blackdown/;Blackdown;blackdown
http://www.meetup.com/cities/gb/d6/blackmanston/;Blackmanston;blackmanston
http://www.meetup.com/cities/gb/d6/blackney/;Blackney;blackney
http://www.meetup.com/cities/gb/d6/blandford_camp/;Blandford Camp;blandford_camp
http://www.meetup.com/cities/gb/d6/blandford_forum/;Blandford Forum;blandford_forum
http://www.meetup.com/cities/gb/d6/blandford_st_mary/;Blandford St Mary;blandford_st_mary
http://www.meetup.com/cities/gb/d6/bloxworth/;Bloxworth;bloxworth
http://www.meetup.com/cities/gb/d6/bockhampton/;Bockhampton;bockhampton
http://www.meetup.com/cities/gb/d6/boscombe/;Boscombe;boscombe
http://www.meetup.com/cities/gb/d6/bothenhampton/;Bothenhampton;bothenhampton
http://www.meetup.com/cities/gb/d6/bothenwood/;Bothenwood;bothenwood
http://www.meetup.com/cities/gb/d6/bournemouth/;Bournemouth;bournemouth
http://www.meetup.com/cities/gb/d6/bournemouth_international_airport/;Bournemouth International Airport;bournemouth_international_airport
http://www.meetup.com/cities/gb/d6/bourton/;Bourton;bourton
http://www.meetup.com/cities/gb/d6/bovington/;Bovington;bovington
http://www.meetup.com/cities/gb/d6/bowood/;Bowood;bowood
http://www.meetup.com/cities/gb/d6/boys_hill/;Boys Hill;boys_hill
http://www.meetup.com/cities/gb/d6/bradford_abbas/;Bradford Abbas;bradford_abbas
http://www.meetup.com/cities/gb/d6/bradford_peverell/;Bradford Peverell;bradford_peverell
http://www.meetup.com/cities/gb/d6/bradle/;Bradle;bradle
http://www.meetup.com/cities/gb/d6/bradpole/;Bradpole;bradpole
http://www.meetup.com/cities/gb/d6/bramblecombe/;Bramblecombe;bramblecombe
http://www.meetup.com/cities/gb/d6/branksome/;Branksome;branksome
http://www.meetup.com/cities/gb/d6/branksome_park/;Branksome Park;branksome_park
http://www.meetup.com/cities/gb/d6/briantspuddle/;Briantspuddle;briantspuddle
http://www.meetup.com/cities/gb/d6/bridge/;Bridge;bridge
http://www.meetup.com/cities/gb/d6/bridport/;Bridport;bridport
http://www.meetup.com/cities/gb/d6/broadmayne/;Broadmayne;broadmayne
http://www.meetup.com/cities/gb/d6/broad_oak/;Broad Oak;broad_oak
http://www.meetup.com/cities/gb/d6/broadstone/;Broadstone;broadstone
http://www.meetup.com/cities/gb/d6/broadwindsor/;Broadwindsor;broadwindsor
http://www.meetup.com/cities/gb/d6/brockhill/;Brockhill;brockhill
http://www.meetup.com/cities/gb/d6/brockington/;Brockington;brockington
http://www.meetup.com/cities/gb/d6/broomhill/;Broomhill;broomhill
http://www.meetup.com/cities/gb/d6/broxhill/;Broxhill;broxhill
http://www.meetup.com/cities/gb/d6/bryanston/;Bryanston;bryanston
http://www.meetup.com/cities/gb/d6/buckhorn_weston/;Buckhorn Weston;buckhorn_weston
http://www.meetup.com/cities/gb/d6/buckland_newton/;Buckland Newton;buckland_newton
http://www.meetup.com/cities/gb/d6/buckland_ripers/;Buckland Ripers;buckland_ripers
http://www.meetup.com/cities/gb/d6/bucknowle/;Bucknowle;bucknowle
http://www.meetup.com/cities/gb/d6/bugley/;Bugley;bugley
http://www.meetup.com/cities/gb/d6/bulbarrow/;Bulbarrow;bulbarrow
http://www.meetup.com/cities/gb/d6/bull_hill/;Bull Hill;bull_hill
http://www.meetup.com/cities/gb/d6/burleston/;Burleston;burleston
http://www.meetup.com/cities/gb/d6/burngate/;Burngate;burngate
http://www.meetup.com/cities/gb/d6/burstock/;Burstock;burstock
http://www.meetup.com/cities/gb/d6/burton/;Burton;burton
http://www.meetup.com/cities/gb/d6/burton_bradstock/;Burton Bradstock;burton_bradstock
http://www.meetup.com/cities/gb/d6/came/;Came;came
http://www.meetup.com/cities/gb/d6/canford_cliffs/;Canford Cliffs;canford_cliffs
http://www.meetup.com/cities/gb/d6/canford_magna/;Canford Magna;canford_magna
http://www.meetup.com/cities/gb/d6/cann/;Cann;cann
http://www.meetup.com/cities/gb/d6/cann_common/;Cann Common;cann_common
http://www.meetup.com/cities/gb/d6/cashmoor/;Cashmoor;cashmoor
http://www.meetup.com/cities/gb/d6/castletown/;Castletown;castletown
http://www.meetup.com/cities/gb/d6/cattistock/;Cattistock;cattistock
http://www.meetup.com/cities/gb/d6/caundle_marsh/;Caundle Marsh;caundle_marsh
http://www.meetup.com/cities/gb/d6/cerne_abbas/;Cerne Abbas;cerne_abbas
http://www.meetup.com/cities/gb/d6/chalbury/;Chalbury;chalbury
http://www.meetup.com/cities/gb/d6/chaldon_herring/;Chaldon Herring;chaldon_herring
http://www.meetup.com/cities/gb/d6/chalmington/;Chalmington;chalmington
http://www.meetup.com/cities/gb/d6/chantmarle/;Chantmarle;chantmarle
http://www.meetup.com/cities/gb/d6/chapelhay/;Chapelhay;chapelhay
http://www.meetup.com/cities/gb/d6/charborough_park/;Charborough Park;charborough_park
http://www.meetup.com/cities/gb/d6/charisworth/;Charisworth;charisworth
http://www.meetup.com/cities/gb/d6/charlestown/;Charlestown;charlestown
http://www.meetup.com/cities/gb/d6/charlton_down/;Charlton Down;charlton_down
http://www.meetup.com/cities/gb/d6/charlton_marshall/;Charlton Marshall;charlton_marshall
http://www.meetup.com/cities/gb/d6/charminster/;Charminster;charminster
http://www.meetup.com/cities/gb/d6/charmouth/;Charmouth;charmouth
http://www.meetup.com/cities/gb/d6/chebbard/;Chebbard;chebbard
http://www.meetup.com/cities/gb/d6/chedington/;Chedington;chedington
http://www.meetup.com/cities/gb/d6/cherry_orchard/;Cherry Orchard;cherry_orchard
http://www.meetup.com/cities/gb/d6/cheselbourne/;Cheselbourne;cheselbourne
http://www.meetup.com/cities/gb/d6/chetnole/;Chetnole;chetnole
http://www.meetup.com/cities/gb/d6/chettle/;Chettle;chettle
http://www.meetup.com/cities/gb/d6/chickerell/;Chickerell;chickerell
http://www.meetup.com/cities/gb/d6/chideock/;Chideock;chideock
http://www.meetup.com/cities/gb/d6/chilbridge/;Chilbridge;chilbridge
http://www.meetup.com/cities/gb/d6/chilcombe/;Chilcombe;chilcombe
http://www.meetup.com/cities/gb/d6/childhay/;Childhay;childhay
http://www.meetup.com/cities/gb/d6/child_okeford/;Child Okeford;child_okeford
http://www.meetup.com/cities/gb/d6/chilfrome/;Chilfrome;chilfrome
http://www.meetup.com/cities/gb/d6/church_knowle/;Church Knowle;church_knowle
http://www.meetup.com/cities/gb/d6/clayford/;Clayford;clayford
http://www.meetup.com/cities/gb/d6/clifton_maybank/;Clifton Maybank;clifton_maybank
http://www.meetup.com/cities/gb/d6/clouds_hill/;Clouds Hill;clouds_hill
http://www.meetup.com/cities/gb/d6/cocknowle/;Cocknowle;cocknowle
http://www.meetup.com/cities/gb/d6/cokers_frome/;Cokers Frome;cokers_frome
http://www.meetup.com/cities/gb/d6/coldharbour/;Coldharbour;coldharbour
http://www.meetup.com/cities/gb/d6/colehill/;Colehill;colehill
http://www.meetup.com/cities/gb/d6/colesbrook/;Colesbrook;colesbrook
http://www.meetup.com/cities/gb/d6/compton_abbas/;Compton Abbas;compton_abbas
http://www.meetup.com/cities/gb/d6/compton_valence/;Compton Valence;compton_valence
http://www.meetup.com/cities/gb/d6/coombe_keynes/;Coombe Keynes;coombe_keynes
http://www.meetup.com/cities/gb/d6/corfe_castle/;Corfe Castle;corfe_castle
http://www.meetup.com/cities/gb/d6/corfe_mullen/;Corfe Mullen;corfe_mullen
http://www.meetup.com/cities/gb/d6/corscombe/;Corscombe;corscombe
http://www.meetup.com/cities/gb/d6/coryates/;Coryates;coryates
http://www.meetup.com/cities/gb/d6/cosmore/;Cosmore;cosmore
http://www.meetup.com/cities/gb/d6/cowgrove/;Cowgrove;cowgrove
http://www.meetup.com/cities/gb/d6/cranborne/;Cranborne;cranborne
http://www.meetup.com/cities/gb/d6/crawthorne/;Crawthorne;crawthorne
http://www.meetup.com/cities/gb/d6/creech/;Creech;creech
http://www.meetup.com/cities/gb/d6/crendell/;Crendell;crendell
http://www.meetup.com/cities/gb/d6/cripplestyle/;Cripplestyle;cripplestyle
http://www.meetup.com/cities/gb/d6/crockway/;Crockway;crockway
http://www.meetup.com/cities/gb/d6/crossways/;Crossways;crossways
http://www.meetup.com/cities/gb/d6/cruxton/;Cruxton;cruxton
http://www.meetup.com/cities/gb/d6/culeaze/;Culeaze;culeaze
http://www.meetup.com/cities/gb/d6/dewlish/;Dewlish;dewlish
http://www.meetup.com/cities/gb/d6/doddings/;Doddings;doddings
http://www.meetup.com/cities/gb/d6/dodds_cross/;Dodds Cross;dodds_cross
http://www.meetup.com/cities/gb/d6/dogdean/;Dogdean;dogdean
http://www.meetup.com/cities/gb/d6/dorchester/;Dorchester;dorchester
http://www.meetup.com/cities/gb/d6/dottery/;Dottery;dottery
http://www.meetup.com/cities/gb/d6/droop/;Droop;droop
http://www.meetup.com/cities/gb/d6/druce/;Druce;druce
http://www.meetup.com/cities/gb/d6/duntish/;Duntish;duntish
http://www.meetup.com/cities/gb/d6/durweston/;Durweston;durweston
http://www.meetup.com/cities/gb/d6/east_almer/;East Almer;east_almer
http://www.meetup.com/cities/gb/d6/east_bexington/;East Bexington;east_bexington
http://www.meetup.com/cities/gb/d6/east_chelborough/;East Chelborough;east_chelborough
http://www.meetup.com/cities/gb/d6/east_creech/;East Creech;east_creech
http://www.meetup.com/cities/gb/d6/east_end/;East End;east_end
http://www.meetup.com/cities/gb/d6/east_holme/;East Holme;east_holme
http://www.meetup.com/cities/gb/d6/east_holton/;East Holton;east_holton
http://www.meetup.com/cities/gb/d6/east_knighton/;East Knighton;east_knighton
http://www.meetup.com/cities/gb/d6/east_lulworth/;East Lulworth;east_lulworth
http://www.meetup.com/cities/gb/d6/east_melbury/;East Melbury;east_melbury
http://www.meetup.com/cities/gb/d6/east_morden/;East Morden;east_morden
http://www.meetup.com/cities/gb/d6/east_orchard/;East Orchard;east_orchard
http://www.meetup.com/cities/gb/d6/east_stoke/;East Stoke;east_stoke
http://www.meetup.com/cities/gb/d6/east_stour/;East Stour;east_stour
http://www.meetup.com/cities/gb/d6/east_woodyates/;East Woodyates;east_woodyates
http://www.meetup.com/cities/gb/d6/ebblake_industrial_estate/;Ebblake Industrial Estate;ebblake_industrial_estate
http://www.meetup.com/cities/gb/d6/eccliffe/;Eccliffe;eccliffe
http://www.meetup.com/cities/gb/d6/edmondsham/;Edmondsham;edmondsham
http://www.meetup.com/cities/gb/d6/everley/;Everley;everley
http://www.meetup.com/cities/gb/d6/evershot/;Evershot;evershot
http://www.meetup.com/cities/gb/d6/eype/;Eype;eype
http://www.meetup.com/cities/gb/d6/fairmile/;Fairmile;fairmile
http://www.meetup.com/cities/gb/d6/farnham/;Farnham;farnham
http://www.meetup.com/cities/gb/d6/farrington/;Farrington;farrington
http://www.meetup.com/cities/gb/d6/ferndown/;Ferndown;ferndown
http://www.meetup.com/cities/gb/d6/ferndown_industrial_estate/;Ferndown Industrial Estate;ferndown_industrial_estate
http://www.meetup.com/cities/gb/d6/fiddleford/;Fiddleford;fiddleford
http://www.meetup.com/cities/gb/d6/fifehead_magdalen/;Fifehead Magdalen;fifehead_magdalen
http://www.meetup.com/cities/gb/d6/fifehead_neville/;Fifehead Neville;fifehead_neville
http://www.meetup.com/cities/gb/d6/fifehead_st_quintin/;Fifehead St Quintin;fifehead_st_quintin
http://www.meetup.com/cities/gb/d6/filford/;Filford;filford
http://www.meetup.com/cities/gb/d6/fishpond/;Fishpond;fishpond
http://www.meetup.com/cities/gb/d6/fleet/;Fleet;fleet
http://www.meetup.com/cities/gb/d6/folke/;Folke;folke
http://www.meetup.com/cities/gb/d6/fontmell_magna/;Fontmell Magna;fontmell_magna
http://www.meetup.com/cities/gb/d6/fontmell_parva/;Fontmell Parva;fontmell_parva
http://www.meetup.com/cities/gb/d6/forde_abbey/;Forde Abbey;forde_abbey
http://www.meetup.com/cities/gb/d6/fordington/;Fordington;fordington
http://www.meetup.com/cities/gb/d6/forest_deer/;Forest Deer;forest_deer
http://www.meetup.com/cities/gb/d6/forston/;Forston;forston
http://www.meetup.com/cities/gb/d6/fortuneswell/;Fortuneswell;fortuneswell
http://www.meetup.com/cities/gb/d6/frampton/;Frampton;frampton
http://www.meetup.com/cities/gb/d6/friar_waddon/;Friar Waddon;friar_waddon
http://www.meetup.com/cities/gb/d6/frome_st_quintin/;Frome St Quintin;frome_st_quintin
http://www.meetup.com/cities/gb/d6/frome_vauchurch/;Frome Vauchurch;frome_vauchurch
http://www.meetup.com/cities/gb/d6/frome_whitfield/;Frome Whitfield;frome_whitfield
http://www.meetup.com/cities/gb/d6/furzehill/;Furzehill;furzehill
http://www.meetup.com/cities/gb/d6/gains_cross/;Gains Cross;gains_cross
http://www.meetup.com/cities/gb/d6/galton/;Galton;galton
http://www.meetup.com/cities/gb/d6/gaunts/;Gaunts;gaunts
http://www.meetup.com/cities/gb/d6/gaunts_common/;Gaunts Common;gaunts_common
http://www.meetup.com/cities/gb/d6/gillingham/;Gillingham;gillingham
http://www.meetup.com/cities/gb/d6/glanvilles_wootton/;Glanvilles Wootton;glanvilles_wootton
http://www.meetup.com/cities/gb/d6/glue_hill/;Glue Hill;glue_hill
http://www.meetup.com/cities/gb/d6/goathill/;Goathill;goathill
http://www.meetup.com/cities/gb/d6/godmanstone/;Godmanstone;godmanstone
http://www.meetup.com/cities/gb/d6/gore_common/;Gore Common;gore_common
http://www.meetup.com/cities/gb/d6/granby_industrial_estate/;Granby Industrial Estate;granby_industrial_estate
http://www.meetup.com/cities/gb/d6/grange/;Grange;grange
http://www.meetup.com/cities/gb/d6/greenham/;Greenham;greenham
http://www.meetup.com/cities/gb/d6/grimstone/;Grimstone;grimstone
http://www.meetup.com/cities/gb/d6/gussage_all_saints/;Gussage All Saints;gussage_all_saints
http://www.meetup.com/cities/gb/d6/gussage_st_andrew/;Gussage St Andrew;gussage_st_andrew
http://www.meetup.com/cities/gb/d6/gussage_st_michael/;Gussage St Michael;gussage_st_michael
http://www.meetup.com/cities/gb/d6/guys_marsh/;Guys Marsh;guys_marsh
http://www.meetup.com/cities/gb/d6/haddon/;Haddon;haddon
http://www.meetup.com/cities/gb/d6/halstock_leigh/;Halstock Leigh;halstock_leigh
http://www.meetup.com/cities/gb/d6/hammoon/;Hammoon;hammoon
http://www.meetup.com/cities/gb/d6/hampreston/;Hampreston;hampreston
http://www.meetup.com/cities/gb/d6/hampton/;Hampton;hampton
http://www.meetup.com/cities/gb/d6/hamworthy/;Hamworthy;hamworthy
http://www.meetup.com/cities/gb/d6/hanford/;Hanford;hanford
http://www.meetup.com/cities/gb/d6/hartgrove/;Hartgrove;hartgrove
http://www.meetup.com/cities/gb/d6/hawkchurch/;Hawkchurch;hawkchurch
http://www.meetup.com/cities/gb/d6/haydon/;Haydon;haydon
http://www.meetup.com/cities/gb/d6/hazelbury_bryan/;Hazelbury Bryan;hazelbury_bryan
http://www.meetup.com/cities/gb/d6/henley/;Henley;henley
http://www.meetup.com/cities/gb/d6/hermitage/;Hermitage;hermitage
http://www.meetup.com/cities/gb/d6/herringston/;Herringston;herringston
http://www.meetup.com/cities/gb/d6/hethfelton/;Hethfelton;hethfelton
http://www.meetup.com/cities/gb/d6/hewood/;Hewood;hewood
http://www.meetup.com/cities/gb/d6/highcliffe/;Highcliffe;highcliffe
http://www.meetup.com/cities/gb/d6/higher_ansty/;Higher Ansty;higher_ansty
http://www.meetup.com/cities/gb/d6/higher_bockhampton/;Higher Bockhampton;higher_bockhampton
http://www.meetup.com/cities/gb/d6/higher_burton/;Higher Burton;higher_burton
http://www.meetup.com/cities/gb/d6/higher_came/;Higher Came;higher_came
http://www.meetup.com/cities/gb/d6/higher_charminster/;Higher Charminster;higher_charminster
http://www.meetup.com/cities/gb/d6/higher_chilfrome/;Higher Chilfrome;higher_chilfrome
http://www.meetup.com/cities/gb/d6/higher_clatcombe/;Higher Clatcombe;higher_clatcombe
http://www.meetup.com/cities/gb/d6/higher_eype/;Higher Eype;higher_eype
http://www.meetup.com/cities/gb/d6/higher_frome_vauchurch/;Higher Frome Vauchurch;higher_frome_vauchurch
http://www.meetup.com/cities/gb/d6/higher_halstock_leigh/;Higher Halstock Leigh;higher_halstock_leigh
http://www.meetup.com/cities/gb/d6/higher_kingcombe/;Higher Kingcombe;higher_kingcombe
http://www.meetup.com/cities/gb/d6/higher_kingston_russell/;Higher Kingston Russell;higher_kingston_russell
http://www.meetup.com/cities/gb/d6/higher_langham/;Higher Langham;higher_langham
http://www.meetup.com/cities/gb/d6/higher_melcombe/;Higher Melcombe;higher_melcombe
http://www.meetup.com/cities/gb/d6/higher_oborne/;Higher Oborne;higher_oborne
http://www.meetup.com/cities/gb/d6/higher_totnell/;Higher Totnell;higher_totnell
http://www.meetup.com/cities/gb/d6/higher_waterston/;Higher Waterston;higher_waterston
http://www.meetup.com/cities/gb/d6/higher_woodsford/;Higher Woodsford;higher_woodsford
http://www.meetup.com/cities/gb/d6/higher_wraxall/;Higher Wraxall;higher_wraxall
http://www.meetup.com/cities/gb/d6/high_hall/;High Hall;high_hall
http://www.meetup.com/cities/gb/d6/hilfield/;Hilfield;hilfield
http://www.meetup.com/cities/gb/d6/hillbutts/;Hillbutts;hillbutts
http://www.meetup.com/cities/gb/d6/hilton/;Hilton;hilton
http://www.meetup.com/cities/gb/d6/hinton_martell/;Hinton Martell;hinton_martell
http://www.meetup.com/cities/gb/d6/hinton_parva/;Hinton Parva;hinton_parva
http://www.meetup.com/cities/gb/d6/hinton_st_mary/;Hinton St Mary;hinton_st_mary
http://www.meetup.com/cities/gb/d6/holdenhurst_village/;Holdenhurst Village;holdenhurst_village
http://www.meetup.com/cities/gb/d6/holditch/;Holditch;holditch
http://www.meetup.com/cities/gb/d6/holmebridge/;Holmebridge;holmebridge
http://www.meetup.com/cities/gb/d6/holnest/;Holnest;holnest
http://www.meetup.com/cities/gb/d6/holt/;Holt;holt
http://www.meetup.com/cities/gb/d6/holton_heath/;Holton Heath;holton_heath
http://www.meetup.com/cities/gb/d6/holton_heath_trading_park/;Holton Heath Trading Park;holton_heath_trading_park
http://www.meetup.com/cities/gb/d6/holwell/;Holwell;holwell
http://www.meetup.com/cities/gb/d6/holworth/;Holworth;holworth
http://www.meetup.com/cities/gb/d6/holywell/;Holywell;holywell
http://www.meetup.com/cities/gb/d6/hooke/;Hooke;hooke
http://www.meetup.com/cities/gb/d6/horn_ash/;Horn Ash;horn_ash
http://www.meetup.com/cities/gb/d6/horton/;Horton;horton
http://www.meetup.com/cities/gb/d6/hummer/;Hummer;hummer
http://www.meetup.com/cities/gb/d6/huntingford/;Huntingford;huntingford
http://www.meetup.com/cities/gb/d6/hurn/;Hurn;hurn
http://www.meetup.com/cities/gb/d6/hursey/;Hursey;hursey
http://www.meetup.com/cities/gb/d6/hyde/;Hyde;hyde
http://www.meetup.com/cities/gb/d6/ibberton/;Ibberton;ibberton
http://www.meetup.com/cities/gb/d6/iwerne_minster/;Iwerne Minster;iwerne_minster
http://www.meetup.com/cities/gb/d6/iwerne_steepleton/;Iwerne Steepleton;iwerne_steepleton
http://www.meetup.com/cities/gb/d6/kimmeridge/;Kimmeridge;kimmeridge
http://www.meetup.com/cities/gb/d6/king_stag/;King Stag;king_stag
http://www.meetup.com/cities/gb/d6/kingston/;Kingston;kingston
http://www.meetup.com/cities/gb/d6/kingston_lacy/;Kingston Lacy;kingston_lacy
http://www.meetup.com/cities/gb/d6/kingston_maurward/;Kingston Maurward;kingston_maurward
http://www.meetup.com/cities/gb/d6/kington_magna/;Kington Magna;kington_magna
http://www.meetup.com/cities/gb/d6/kittwhistle/;Kittwhistle;kittwhistle
http://www.meetup.com/cities/gb/d6/knighton/;Knighton;knighton
http://www.meetup.com/cities/gb/d6/knowlton/;Knowlton;knowlton
http://www.meetup.com/cities/gb/d6/lane_end/;Lane End;lane_end
http://www.meetup.com/cities/gb/d6/langham/;Langham;langham
http://www.meetup.com/cities/gb/d6/langton_herring/;Langton Herring;langton_herring
http://www.meetup.com/cities/gb/d6/langton_long/;Langton Long;langton_long
http://www.meetup.com/cities/gb/d6/langton_matravers/;Langton Matravers;langton_matravers
http://www.meetup.com/cities/gb/d6/laverstock/;Laverstock;laverstock
http://www.meetup.com/cities/gb/d6/leigh/;Leigh;leigh
http://www.meetup.com/cities/gb/d6/lewell/;Lewell;lewell
http://www.meetup.com/cities/gb/d6/leweston/;Leweston;leweston
http://www.meetup.com/cities/gb/d6/lillington/;Lillington;lillington
http://www.meetup.com/cities/gb/d6/littlebredy/;Littlebredy;littlebredy
http://www.meetup.com/cities/gb/d6/littlemayne/;Littlemayne;littlemayne
http://www.meetup.com/cities/gb/d6/littlewindsor/;Littlewindsor;littlewindsor
http://www.meetup.com/cities/gb/d6/litton_cheney/;Litton Cheney;litton_cheney
http://www.meetup.com/cities/gb/d6/loders/;Loders;loders
http://www.meetup.com/cities/gb/d6/loders_cross/;Loders Cross;loders_cross
http://www.meetup.com/cities/gb/d6/long_bredy/;Long Bredy;long_bredy
http://www.meetup.com/cities/gb/d6/long_crichel/;Long Crichel;long_crichel
http://www.meetup.com/cities/gb/d6/longthorns/;Longthorns;longthorns
http://www.meetup.com/cities/gb/d6/loscombe/;Loscombe;loscombe
http://www.meetup.com/cities/gb/d6/lower_almer/;Lower Almer;lower_almer
http://www.meetup.com/cities/gb/d6/lower_ansty/;Lower Ansty;lower_ansty
http://www.meetup.com/cities/gb/d6/lower_bagber/;Lower Bagber;lower_bagber
http://www.meetup.com/cities/gb/d6/lower_barnsley/;Lower Barnsley;lower_barnsley
http://www.meetup.com/cities/gb/d6/lower_bincombe/;Lower Bincombe;lower_bincombe
http://www.meetup.com/cities/gb/d6/lower_blandford_st_mary/;Lower Blandford St Mary;lower_blandford_st_mary
http://www.meetup.com/cities/gb/d6/lower_bockhampton/;Lower Bockhampton;lower_bockhampton
http://www.meetup.com/cities/gb/d6/lower_bryanston/;Lower Bryanston;lower_bryanston
http://www.meetup.com/cities/gb/d6/lower_burton/;Lower Burton;lower_burton
http://www.meetup.com/cities/gb/d6/lower_clatcombe/;Lower Clatcombe;lower_clatcombe
http://www.meetup.com/cities/gb/d6/lower_holditch/;Lower Holditch;lower_holditch
http://www.meetup.com/cities/gb/d6/lower_kingcombe/;Lower Kingcombe;lower_kingcombe
http://www.meetup.com/cities/gb/d6/lower_langham/;Lower Langham;lower_langham
http://www.meetup.com/cities/gb/d6/lower_waterditch/;Lower Waterditch;lower_waterditch
http://www.meetup.com/cities/gb/d6/lower_waterston/;Lower Waterston;lower_waterston
http://www.meetup.com/cities/gb/d6/lower_woodbury/;Lower Woodbury;lower_woodbury
http://www.meetup.com/cities/gb/d6/lower_wraxall/;Lower Wraxall;lower_wraxall
http://www.meetup.com/cities/gb/d6/lulworth_camp/;Lulworth Camp;lulworth_camp
http://www.meetup.com/cities/gb/d6/lydlinch/;Lydlinch;lydlinch
http://www.meetup.com/cities/gb/d6/lydlinch_common/;Lydlinch Common;lydlinch_common
http://www.meetup.com/cities/gb/d6/lyme_regis/;Lyme Regis;lyme_regis
http://www.meetup.com/cities/gb/d6/lyons_gate/;Lyons Gate;lyons_gate
http://www.meetup.com/cities/gb/d6/lytchett_heath/;Lytchett Heath;lytchett_heath
http://www.meetup.com/cities/gb/d6/lytchett_matravers/;Lytchett Matravers;lytchett_matravers
http://www.meetup.com/cities/gb/d6/lytchett_minster/;Lytchett Minster;lytchett_minster
http://www.meetup.com/cities/gb/d6/madjeston/;Madjeston;madjeston
http://www.meetup.com/cities/gb/d6/maiden_newton/;Maiden Newton;maiden_newton
http://www.meetup.com/cities/gb/d6/mangerton/;Mangerton;mangerton
http://www.meetup.com/cities/gb/d6/mannington/;Mannington;mannington
http://www.meetup.com/cities/gb/d6/manston/;Manston;manston
http://www.meetup.com/cities/gb/d6/manswood/;Manswood;manswood
http://www.meetup.com/cities/gb/d6/manswood_common/;Manswood Common;manswood_common
http://www.meetup.com/cities/gb/d6/mapperton/;Mapperton;mapperton
http://www.meetup.com/cities/gb/d6/mappowder/;Mappowder;mappowder
http://www.meetup.com/cities/gb/d6/margaret_marsh/;Margaret Marsh;margaret_marsh
http://www.meetup.com/cities/gb/d6/marnhull/;Marnhull;marnhull
http://www.meetup.com/cities/gb/d6/marshwood/;Marshwood;marshwood
http://www.meetup.com/cities/gb/d6/martinstown/;Martinstown;martinstown
http://www.meetup.com/cities/gb/d6/matchams/;Matchams;matchams
http://www.meetup.com/cities/gb/d6/melbury_abbas/;Melbury Abbas;melbury_abbas
http://www.meetup.com/cities/gb/d6/melbury_bubb/;Melbury Bubb;melbury_bubb
http://www.meetup.com/cities/gb/d6/melbury_osmond/;Melbury Osmond;melbury_osmond
http://www.meetup.com/cities/gb/d6/melbury_sampford/;Melbury Sampford;melbury_sampford
http://www.meetup.com/cities/gb/d6/melcombe_bingham/;Melcombe Bingham;melcombe_bingham
http://www.meetup.com/cities/gb/d6/melcombe_horsey/;Melcombe Horsey;melcombe_horsey
http://www.meetup.com/cities/gb/d6/melplash/;Melplash;melplash
http://www.meetup.com/cities/gb/d6/middlemarsh/;Middlemarsh;middlemarsh
http://www.meetup.com/cities/gb/d6/milborne_st_andrew/;Milborne St Andrew;milborne_st_andrew
http://www.meetup.com/cities/gb/d6/milborne_wood/;Milborne Wood;milborne_wood
http://www.meetup.com/cities/gb/d6/milton_abbas/;Milton Abbas;milton_abbas
http://www.meetup.com/cities/gb/d6/milton_on_stour/;Milton on Stour;milton_on_stour
http://www.meetup.com/cities/gb/d6/minchington/;Minchington;minchington
http://www.meetup.com/cities/gb/d6/minterne_magna/;Minterne Magna;minterne_magna
http://www.meetup.com/cities/gb/d6/minterne_parva/;Minterne Parva;minterne_parva
http://www.meetup.com/cities/gb/d6/moigne_combe/;Moigne Combe;moigne_combe
http://www.meetup.com/cities/gb/d6/monkton_wyld/;Monkton Wyld;monkton_wyld
http://www.meetup.com/cities/gb/d6/monkwood/;Monkwood;monkwood
http://www.meetup.com/cities/gb/d6/moor_crichel/;Moor Crichel;moor_crichel
http://www.meetup.com/cities/gb/d6/moorside/;Moorside;moorside
http://www.meetup.com/cities/gb/d6/morcombelake/;Morcombelake;morcombelake
http://www.meetup.com/cities/gb/d6/morden_park_corner/;Morden Park Corner;morden_park_corner
http://www.meetup.com/cities/gb/d6/moreton/;Moreton;moreton
http://www.meetup.com/cities/gb/d6/mosterton/;Mosterton;mosterton
http://www.meetup.com/cities/gb/d6/muckleford/;Muckleford;muckleford
http://www.meetup.com/cities/gb/d6/netherbury/;Netherbury;netherbury
http://www.meetup.com/cities/gb/d6/nether_cerne/;Nether Cerne;nether_cerne
http://www.meetup.com/cities/gb/d6/nether_compton/;Nether Compton;nether_compton
http://www.meetup.com/cities/gb/d6/netherhay/;Netherhay;netherhay
http://www.meetup.com/cities/gb/d6/nettlecombe/;Nettlecombe;nettlecombe
http://www.meetup.com/cities/gb/d6/newton/;Newton;newton
http://www.meetup.com/cities/gb/d6/newtown/;Newtown;newtown
http://www.meetup.com/cities/gb/d6/norden/;Norden;norden
http://www.meetup.com/cities/gb/d6/north_bestwall/;North Bestwall;north_bestwall
http://www.meetup.com/cities/gb/d6/northbourne/;Northbourne;northbourne
http://www.meetup.com/cities/gb/d6/north_bowood/;North Bowood;north_bowood
http://www.meetup.com/cities/gb/d6/north_chideock/;North Chideock;north_chideock
http://www.meetup.com/cities/gb/d6/north_poorton/;North Poorton;north_poorton
http://www.meetup.com/cities/gb/d6/north_trigon/;North Trigon;north_trigon
http://www.meetup.com/cities/gb/d6/north_wootton/;North Wootton;north_wootton
http://www.meetup.com/cities/gb/d6/nottington/;Nottington;nottington
http://www.meetup.com/cities/gb/d6/notton/;Notton;notton
http://www.meetup.com/cities/gb/d6/nuffield_industrial_estate/;Nuffield Industrial Estate;nuffield_industrial_estate
http://www.meetup.com/cities/gb/d6/nutford/;Nutford;nutford
http://www.meetup.com/cities/gb/d6/nyland/;Nyland;nyland
http://www.meetup.com/cities/gb/d6/oakdale/;Oakdale;oakdale
http://www.meetup.com/cities/gb/d6/oakerswood/;Oakerswood;oakerswood
http://www.meetup.com/cities/gb/d6/oathill/;Oathill;oathill
http://www.meetup.com/cities/gb/d6/oborne/;Oborne;oborne
http://www.meetup.com/cities/gb/d6/okeford_fitzpaine/;Okeford Fitzpaine;okeford_fitzpaine
http://www.meetup.com/cities/gb/d6/organford/;Organford;organford
http://www.meetup.com/cities/gb/d6/osmington/;Osmington;osmington
http://www.meetup.com/cities/gb/d6/osmington_mills/;Osmington Mills;osmington_mills
http://www.meetup.com/cities/gb/d6/over_compton/;Over Compton;over_compton
http://www.meetup.com/cities/gb/d6/owermoigne/;Owermoigne;owermoigne
http://www.meetup.com/cities/gb/d6/oxbridge/;Oxbridge;oxbridge
http://www.meetup.com/cities/gb/d6/pallington/;Pallington;pallington
http://www.meetup.com/cities/gb/d6/pallington_heath/;Pallington Heath;pallington_heath
http://www.meetup.com/cities/gb/d6/pamphill/;Pamphill;pamphill
http://www.meetup.com/cities/gb/d6/parkstone/;Parkstone;parkstone
http://www.meetup.com/cities/gb/d6/parley/;Parley;parley
http://www.meetup.com/cities/gb/d6/pentridge/;Pentridge;pentridge
http://www.meetup.com/cities/gb/d6/piddlehinton/;Piddlehinton;piddlehinton
http://www.meetup.com/cities/gb/d6/piddletrenthide/;Piddletrenthide;piddletrenthide
http://www.meetup.com/cities/gb/d6/pilford/;Pilford;pilford
http://www.meetup.com/cities/gb/d6/pilsdon/;Pilsdon;pilsdon
http://www.meetup.com/cities/gb/d6/pimperne/;Pimperne;pimperne
http://www.meetup.com/cities/gb/d6/pinford/;Pinford;pinford
http://www.meetup.com/cities/gb/d6/plumber/;Plumber;plumber
http://www.meetup.com/cities/gb/d6/plush/;Plush;plush
http://www.meetup.com/cities/gb/d6/poole/;Poole;poole
http://www.meetup.com/cities/gb/d6/portesham/;Portesham;portesham
http://www.meetup.com/cities/gb/d6/portland/;Portland;portland
http://www.meetup.com/cities/gb/d6/poundbury/;Poundbury;poundbury
http://www.meetup.com/cities/gb/d6/powerstock/;Powerstock;powerstock
http://www.meetup.com/cities/gb/d6/poxwell/;Poxwell;poxwell
http://www.meetup.com/cities/gb/d6/poyntington/;Poyntington;poyntington
http://www.meetup.com/cities/gb/d6/preston/;Preston;preston
http://www.meetup.com/cities/gb/d6/puddletown/;Puddletown;puddletown
http://www.meetup.com/cities/gb/d6/pulham/;Pulham;pulham
http://www.meetup.com/cities/gb/d6/puncknowle/;Puncknowle;puncknowle
http://www.meetup.com/cities/gb/d6/purse_caundle/;Purse Caundle;purse_caundle
http://www.meetup.com/cities/gb/d6/puxey/;Puxey;puxey
http://www.meetup.com/cities/gb/d6/pymore/;Pymore;pymore
http://www.meetup.com/cities/gb/d6/quarr/;Quarr;quarr
http://www.meetup.com/cities/gb/d6/rampisham/;Rampisham;rampisham
http://www.meetup.com/cities/gb/d6/rampisham_down/;Rampisham Down;rampisham_down
http://www.meetup.com/cities/gb/d6/ridgeway/;Ridgeway;ridgeway
http://www.meetup.com/cities/gb/d6/ringstead/;Ringstead;ringstead
http://www.meetup.com/cities/gb/d6/rivers_corner/;Rivers Corner;rivers_corner
http://www.meetup.com/cities/gb/d6/rixon/;Rixon;rixon
http://www.meetup.com/cities/gb/d6/rodden/;Rodden;rodden
http://www.meetup.com/cities/gb/d6/rolls_mill/;Rolls Mill;rolls_mill
http://www.meetup.com/cities/gb/d6/rousdon/;Rousdon;rousdon
http://www.meetup.com/cities/gb/d6/ryall/;Ryall;ryall
http://www.meetup.com/cities/gb/d6/ryme_intrinseca/;Ryme Intrinseca;ryme_intrinseca
http://www.meetup.com/cities/gb/d6/salwayash/;Salwayash;salwayash
http://www.meetup.com/cities/gb/d6/sandford/;Sandford;sandford
http://www.meetup.com/cities/gb/d6/sandford_holiday_park/;Sandford Holiday Park;sandford_holiday_park
http://www.meetup.com/cities/gb/d6/sandford_orcas/;Sandford Orcas;sandford_orcas
http://www.meetup.com/cities/gb/d6/sandley/;Sandley;sandley
http://www.meetup.com/cities/gb/d6/school_house/;School House;school_house
http://www.meetup.com/cities/gb/d6/seaborough/;Seaborough;seaborough
http://www.meetup.com/cities/gb/d6/seatown/;Seatown;seatown
http://www.meetup.com/cities/gb/d6/seven_ash_common/;Seven Ash Common;seven_ash_common
http://www.meetup.com/cities/gb/d6/shapwick/;Shapwick;shapwick
http://www.meetup.com/cities/gb/d6/shave_cross/;Shave Cross;shave_cross
http://www.meetup.com/cities/gb/d6/sherborne/;Sherborne;sherborne
http://www.meetup.com/cities/gb/d6/sherford/;Sherford;sherford
http://www.meetup.com/cities/gb/d6/sherstock/;Sherstock;sherstock
http://www.meetup.com/cities/gb/d6/shillingstone/;Shillingstone;shillingstone
http://www.meetup.com/cities/gb/d6/shilvinghampton/;Shilvinghampton;shilvinghampton
http://www.meetup.com/cities/gb/d6/shipton_gorge/;Shipton Gorge;shipton_gorge
http://www.meetup.com/cities/gb/d6/shroton/;Shroton;shroton
http://www.meetup.com/cities/gb/d6/silton/;Silton;silton
http://www.meetup.com/cities/gb/d6/silverlake/;Silverlake;silverlake
http://www.meetup.com/cities/gb/d6/slaughtergate/;Slaughtergate;slaughtergate
http://www.meetup.com/cities/gb/d6/snatford_bridge/;Snatford Bridge;snatford_bridge
http://www.meetup.com/cities/gb/d6/southbourne/;Southbourne;southbourne
http://www.meetup.com/cities/gb/d6/south_bowood/;South Bowood;south_bowood
http://www.meetup.com/cities/gb/d6/south_perrott/;South Perrott;south_perrott
http://www.meetup.com/cities/gb/d6/south_poorton/;South Poorton;south_poorton
http://www.meetup.com/cities/gb/d6/south_trigon/;South Trigon;south_trigon
http://www.meetup.com/cities/gb/d6/southwell/;Southwell;southwell
http://www.meetup.com/cities/gb/d6/southwell_business_park/;Southwell Business Park;southwell_business_park
http://www.meetup.com/cities/gb/d6/spetisbury/;Spetisbury;spetisbury
http://www.meetup.com/cities/gb/d6/stalbridge_weston/;Stalbridge Weston;stalbridge_weston
http://www.meetup.com/cities/gb/d6/stanbridge/;Stanbridge;stanbridge
http://www.meetup.com/cities/gb/d6/steeple/;Steeple;steeple
http://www.meetup.com/cities/gb/d6/stinsford/;Stinsford;stinsford
http://www.meetup.com/cities/gb/d6/st_ives/;St Ives;st_ives
http://www.meetup.com/cities/gb/d6/st_leonards/;St Leonards;st_leonards
http://www.meetup.com/cities/gb/d6/stoborough/;Stoborough;stoborough
http://www.meetup.com/cities/gb/d6/stock/;Stock;stock
http://www.meetup.com/cities/gb/d6/stockbridge/;Stockbridge;stockbridge
http://www.meetup.com/cities/gb/d6/stock_gaylard/;Stock Gaylard;stock_gaylard
http://www.meetup.com/cities/gb/d6/stockwood/;Stockwood;stockwood
http://www.meetup.com/cities/gb/d6/stoke_abbott/;Stoke Abbott;stoke_abbott
http://www.meetup.com/cities/gb/d6/stoke_wake/;Stoke Wake;stoke_wake
http://www.meetup.com/cities/gb/d6/stourpaine/;Stourpaine;stourpaine
http://www.meetup.com/cities/gb/d6/stour_provost/;Stour Provost;stour_provost
http://www.meetup.com/cities/gb/d6/stour_row/;Stour Row;stour_row
http://www.meetup.com/cities/gb/d6/stourton_caundle/;Stourton Caundle;stourton_caundle
http://www.meetup.com/cities/gb/d6/stratton/;Stratton;stratton
http://www.meetup.com/cities/gb/d6/stubhampton/;Stubhampton;stubhampton
http://www.meetup.com/cities/gb/d6/studland/;Studland;studland
http://www.meetup.com/cities/gb/d6/sturminster_marshall/;Sturminster Marshall;sturminster_marshall
http://www.meetup.com/cities/gb/d6/sturminster_newton/;Sturminster Newton;sturminster_newton
http://www.meetup.com/cities/gb/d6/sturthill/;Sturthill;sturthill
http://www.meetup.com/cities/gb/d6/sutton/;Sutton;sutton
http://www.meetup.com/cities/gb/d6/sutton_poyntz/;Sutton Poyntz;sutton_poyntz
http://www.meetup.com/cities/gb/d6/sutton_waldron/;Sutton Waldron;sutton_waldron
http://www.meetup.com/cities/gb/d6/swanage/;Swanage;swanage
http://www.meetup.com/cities/gb/d6/swyre/;Swyre;swyre
http://www.meetup.com/cities/gb/d6/sydling_st_nicholas/;Sydling St Nicholas;sydling_st_nicholas
http://www.meetup.com/cities/gb/d6/symondsbury/;Symondsbury;symondsbury
http://www.meetup.com/cities/gb/d6/tadden/;Tadden;tadden
http://www.meetup.com/cities/gb/d6/tarrant_crawford/;Tarrant Crawford;tarrant_crawford
http://www.meetup.com/cities/gb/d6/tarrant_gunville/;Tarrant Gunville;tarrant_gunville
http://www.meetup.com/cities/gb/d6/tarrant_hinton/;Tarrant Hinton;tarrant_hinton
http://www.meetup.com/cities/gb/d6/tarrant_keyneston/;Tarrant Keyneston;tarrant_keyneston
http://www.meetup.com/cities/gb/d6/tarrant_launceston/;Tarrant Launceston;tarrant_launceston
http://www.meetup.com/cities/gb/d6/tarrant_monkton/;Tarrant Monkton;tarrant_monkton
http://www.meetup.com/cities/gb/d6/tarrant_rawston/;Tarrant Rawston;tarrant_rawston
http://www.meetup.com/cities/gb/d6/tarrant_rushton/;Tarrant Rushton;tarrant_rushton
http://www.meetup.com/cities/gb/d6/tatton/;Tatton;tatton
http://www.meetup.com/cities/gb/d6/templemans_ash/;Templemans Ash;templemans_ash
http://www.meetup.com/cities/gb/d6/thorncombe/;Thorncombe;thorncombe
http://www.meetup.com/cities/gb/d6/thornford/;Thornford;thornford
http://www.meetup.com/cities/gb/d6/thornicombe/;Thornicombe;thornicombe
http://www.meetup.com/cities/gb/d6/three_legged_cross/;Three Legged Cross;three_legged_cross
http://www.meetup.com/cities/gb/d6/throop/;Throop;throop
http://www.meetup.com/cities/gb/d6/tincleton/;Tincleton;tincleton
http://www.meetup.com/cities/gb/d6/todber/;Todber;todber
http://www.meetup.com/cities/gb/d6/tollerford/;Tollerford;tollerford
http://www.meetup.com/cities/gb/d6/toller_fratrum/;Toller Fratrum;toller_fratrum
http://www.meetup.com/cities/gb/d6/toller_porcorum/;Toller Porcorum;toller_porcorum
http://www.meetup.com/cities/gb/d6/toller_whelme/;Toller Whelme;toller_whelme
http://www.meetup.com/cities/gb/d6/tolpuddle/;Tolpuddle;tolpuddle
http://www.meetup.com/cities/gb/d6/town_hill/;Town Hill;town_hill
http://www.meetup.com/cities/gb/d6/trent/;Trent;trent
http://www.meetup.com/cities/gb/d6/trigon/;Trigon;trigon
http://www.meetup.com/cities/gb/d6/troytown/;Troytown;troytown
http://www.meetup.com/cities/gb/d6/turnerspuddle/;Turnerspuddle;turnerspuddle
http://www.meetup.com/cities/gb/d6/turnworth/;Turnworth;turnworth
http://www.meetup.com/cities/gb/d6/twyford/;Twyford;twyford
http://www.meetup.com/cities/gb/d6/tytherleigh/;Tytherleigh;tytherleigh
http://www.meetup.com/cities/gb/d6/up_cerne/;Up Cerne;up_cerne
http://www.meetup.com/cities/gb/d6/uploders/;Uploders;uploders
http://www.meetup.com/cities/gb/d6/uplyme/;Uplyme;uplyme
http://www.meetup.com/cities/gb/d6/uppington/;Uppington;uppington
http://www.meetup.com/cities/gb/d6/up_sydling/;Up Sydling;up_sydling
http://www.meetup.com/cities/gb/d6/upton/;Upton;upton
http://www.meetup.com/cities/gb/d6/upton_fort/;Upton Fort;upton_fort
http://www.meetup.com/cities/gb/d6/upwey/;Upwey;upwey
http://www.meetup.com/cities/gb/d6/waddock/;Waddock;waddock
http://www.meetup.com/cities/gb/d6/waddon/;Waddon;waddon
http://www.meetup.com/cities/gb/d6/walditch/;Walditch;walditch
http://www.meetup.com/cities/gb/d6/walford/;Walford;walford
http://www.meetup.com/cities/gb/d6/wardon_hill/;Wardon Hill;wardon_hill
http://www.meetup.com/cities/gb/d6/wareham/;Wareham;wareham
http://www.meetup.com/cities/gb/d6/warmwell/;Warmwell;warmwell
http://www.meetup.com/cities/gb/d6/warrbridge/;Warrbridge;warrbridge
http://www.meetup.com/cities/gb/d6/watercombe/;Watercombe;watercombe
http://www.meetup.com/cities/gb/d6/waterloo/;Waterloo;waterloo
http://www.meetup.com/cities/gb/d6/waterston/;Waterston;waterston
http://www.meetup.com/cities/gb/d6/watton/;Watton;watton
http://www.meetup.com/cities/gb/d6/waytown/;Waytown;waytown
http://www.meetup.com/cities/gb/d6/west_allington/;West Allington;west_allington
http://www.meetup.com/cities/gb/d6/west_almer/;West Almer;west_almer
http://www.meetup.com/cities/gb/d6/west_bay/;West Bay;west_bay
http://www.meetup.com/cities/gb/d6/west_bexington/;West Bexington;west_bexington
http://www.meetup.com/cities/gb/d6/westbourne/;Westbourne;westbourne
http://www.meetup.com/cities/gb/d6/west_bourton/;West Bourton;west_bourton
http://www.meetup.com/cities/gb/d6/westbrook/;Westbrook;westbrook
http://www.meetup.com/cities/gb/d6/west_chaldon/;West Chaldon;west_chaldon
http://www.meetup.com/cities/gb/d6/west_chelborough/;West Chelborough;west_chelborough
http://www.meetup.com/cities/gb/d6/west_compton/;West Compton;west_compton
http://www.meetup.com/cities/gb/d6/west_fossil/;West Fossil;west_fossil
http://www.meetup.com/cities/gb/d6/west_holme/;West Holme;west_holme
http://www.meetup.com/cities/gb/d6/west_knighton/;West Knighton;west_knighton
http://www.meetup.com/cities/gb/d6/west_lulworth/;West Lulworth;west_lulworth
http://www.meetup.com/cities/gb/d6/west_melbury/;West Melbury;west_melbury
http://www.meetup.com/cities/gb/d6/west_milton/;West Milton;west_milton
http://www.meetup.com/cities/gb/d6/west_moors/;West Moors;west_moors
http://www.meetup.com/cities/gb/d6/west_morden/;West Morden;west_morden
http://www.meetup.com/cities/gb/d6/weston/;Weston;weston
http://www.meetup.com/cities/gb/d6/west_orchard/;West Orchard;west_orchard
http://www.meetup.com/cities/gb/d6/west_parley/;West Parley;west_parley
http://www.meetup.com/cities/gb/d6/west_stafford/;West Stafford;west_stafford
http://www.meetup.com/cities/gb/d6/west_stour/;West Stour;west_stour
http://www.meetup.com/cities/gb/d6/west_woodyates/;West Woodyates;west_woodyates
http://www.meetup.com/cities/gb/d6/weymouth/;Weymouth;weymouth
http://www.meetup.com/cities/gb/d6/whatcombe/;Whatcombe;whatcombe
http://www.meetup.com/cities/gb/d6/whitchurch_canonicorum/;Whitchurch Canonicorum;whitchurch_canonicorum
http://www.meetup.com/cities/gb/d6/whitcombe/;Whitcombe;whitcombe
http://www.meetup.com/cities/gb/d6/wimborne/;Wimborne;wimborne
http://www.meetup.com/cities/gb/d6/wimborne_st_giles/;Wimborne St Giles;wimborne_st_giles
http://www.meetup.com/cities/gb/d6/winfrith_newburgh/;Winfrith Newburgh;winfrith_newburgh
http://www.meetup.com/cities/gb/d6/winkton/;Winkton;winkton
http://www.meetup.com/cities/gb/d6/winterborne_clenston/;Winterborne Clenston;winterborne_clenston
http://www.meetup.com/cities/gb/d6/winterborne_houghton/;Winterborne Houghton;winterborne_houghton
http://www.meetup.com/cities/gb/d6/winterborne_kingston/;Winterborne Kingston;winterborne_kingston
http://www.meetup.com/cities/gb/d6/winterborne_monkton/;Winterborne Monkton;winterborne_monkton
http://www.meetup.com/cities/gb/d6/winterborne_muston/;Winterborne Muston;winterborne_muston
http://www.meetup.com/cities/gb/d6/winterborne_stickland/;Winterborne Stickland;winterborne_stickland
http://www.meetup.com/cities/gb/d6/winterborne_tomson/;Winterborne Tomson;winterborne_tomson
http://www.meetup.com/cities/gb/d6/winterborne_whitechurch/;Winterborne Whitechurch;winterborne_whitechurch
http://www.meetup.com/cities/gb/d6/winterborne_zelston/;Winterborne Zelston;winterborne_zelston
http://www.meetup.com/cities/gb/d6/winterbourne_abbas/;Winterbourne Abbas;winterbourne_abbas
http://www.meetup.com/cities/gb/d6/winterbourne_steepleton/;Winterbourne Steepleton;winterbourne_steepleton
http://www.meetup.com/cities/gb/d6/witchampton/;Witchampton;witchampton
http://www.meetup.com/cities/gb/d6/wolfeton/;Wolfeton;wolfeton
http://www.meetup.com/cities/gb/d6/woodcutts/;Woodcutts;woodcutts
http://www.meetup.com/cities/gb/d6/woodlands/;Woodlands;woodlands
http://www.meetup.com/cities/gb/d6/woodsford/;Woodsford;woodsford
http://www.meetup.com/cities/gb/d6/wool/;Wool;wool
http://www.meetup.com/cities/gb/d6/woolland/;Woolland;woolland
http://www.meetup.com/cities/gb/d6/woolsbridge_industrial_estate/;Woolsbridge Industrial Estate;woolsbridge_industrial_estate
http://www.meetup.com/cities/gb/d6/wooth/;Wooth;wooth
http://www.meetup.com/cities/gb/d6/wootton_fitzpaine/;Wootton Fitzpaine;wootton_fitzpaine
http://www.meetup.com/cities/gb/d6/worth_matravers/;Worth Matravers;worth_matravers
http://www.meetup.com/cities/gb/d6/wrackleford/;Wrackleford;wrackleford
http://www.meetup.com/cities/gb/d6/wyke/;Wyke;wyke
http://www.meetup.com/cities/gb/d6/wyke_regis/;Wyke Regis;wyke_regis
http://www.meetup.com/cities/gb/d6/wynford_eagle/;Wynford Eagle;wynford_eagle
http://www.meetup.com/cities/gb/d6/yellowham_wood/;Yellowham Wood;yellowham_wood
http://www.meetup.com/cities/gb/d6/yetminster/;Yetminster;yetminster
http://www.meetup.com/cities/gb/d6/yewstock/;Yewstock;yewstock
