http://www.meetup.com/cities/gb/q4/abberley/;Abberley;abberley
http://www.meetup.com/cities/gb/q4/abberton/;Abberton;abberton
http://www.meetup.com/cities/gb/q4/abbots_lench/;Abbots Lench;abbots_lench
http://www.meetup.com/cities/gb/q4/abbots_morton/;Abbots Morton;abbots_morton
http://www.meetup.com/cities/gb/q4/abbots_salford/;Abbots Salford;abbots_salford
http://www.meetup.com/cities/gb/q4/aggborough/;Aggborough;aggborough
http://www.meetup.com/cities/gb/q4/aldington/;Aldington;aldington
http://www.meetup.com/cities/gb/q4/alfrick/;Alfrick;alfrick
http://www.meetup.com/cities/gb/q4/alfrick_pound/;Alfrick Pound;alfrick_pound
http://www.meetup.com/cities/gb/q4/alvechurch/;Alvechurch;alvechurch
http://www.meetup.com/cities/gb/q4/areley_kings/;Areley Kings;areley_kings
http://www.meetup.com/cities/gb/q4/arley/;Arley;arley
http://www.meetup.com/cities/gb/q4/ashton-under-hill/;Ashton-under-Hill;ashton-under-hill
http://www.meetup.com/cities/gb/q4/astley/;Astley;astley
http://www.meetup.com/cities/gb/q4/astley_burf/;Astley Burf;astley_burf
http://www.meetup.com/cities/gb/q4/aston_somerville/;Aston Somerville;aston_somerville
http://www.meetup.com/cities/gb/q4/astwood_bank/;Astwood Bank;astwood_bank
http://www.meetup.com/cities/gb/q4/atch_lench/;Atch Lench;atch_lench
http://www.meetup.com/cities/gb/q4/badsey/;Badsey;badsey
http://www.meetup.com/cities/gb/q4/banks_green/;Banks Green;banks_green
http://www.meetup.com/cities/gb/q4/barnt_green/;Barnt Green;barnt_green
http://www.meetup.com/cities/gb/q4/baughton/;Baughton;baughton
http://www.meetup.com/cities/gb/q4/bayton/;Bayton;bayton
http://www.meetup.com/cities/gb/q4/beach_hay/;Beach Hay;beach_hay
http://www.meetup.com/cities/gb/q4/beckford/;Beckford;beckford
http://www.meetup.com/cities/gb/q4/belbroughton/;Belbroughton;belbroughton
http://www.meetup.com/cities/gb/q4/bentley/;Bentley;bentley
http://www.meetup.com/cities/gb/q4/beoley/;Beoley;beoley
http://www.meetup.com/cities/gb/q4/berkeley_alford/;Berkeley Alford;berkeley_alford
http://www.meetup.com/cities/gb/q4/berkeley_beverborne/;Berkeley Beverborne;berkeley_beverborne
http://www.meetup.com/cities/gb/q4/berrington/;Berrington;berrington
http://www.meetup.com/cities/gb/q4/berrington_green/;Berrington Green;berrington_green
http://www.meetup.com/cities/gb/q4/berrow/;Berrow;berrow
http://www.meetup.com/cities/gb/q4/berry_hill_industrial_estate/;Berry Hill Industrial Estate;berry_hill_industrial_estate
http://www.meetup.com/cities/gb/q4/besford/;Besford;besford
http://www.meetup.com/cities/gb/q4/besford_bridge/;Besford Bridge;besford_bridge
http://www.meetup.com/cities/gb/q4/bevere/;Bevere;bevere
http://www.meetup.com/cities/gb/q4/bewdley/;Bewdley;bewdley
http://www.meetup.com/cities/gb/q4/bickley/;Bickley;bickley
http://www.meetup.com/cities/gb/q4/birlingham/;Birlingham;birlingham
http://www.meetup.com/cities/gb/q4/birmingham/;Birmingham;birmingham
http://www.meetup.com/cities/gb/q4/birtsmorton/;Birtsmorton;birtsmorton
http://www.meetup.com/cities/gb/q4/bishampton/;Bishampton;bishampton
http://www.meetup.com/cities/gb/q4/bishops_frome/;Bishops Frome;bishops_frome
http://www.meetup.com/cities/gb/q4/blackminster/;Blackminster;blackminster
http://www.meetup.com/cities/gb/q4/blackwell/;Blackwell;blackwell
http://www.meetup.com/cities/gb/q4/blakedown/;Blakedown;blakedown
http://www.meetup.com/cities/gb/q4/bliss_gate/;Bliss Gate;bliss_gate
http://www.meetup.com/cities/gb/q4/bockleton/;Bockleton;bockleton
http://www.meetup.com/cities/gb/q4/bournheath/;Bournheath;bournheath
http://www.meetup.com/cities/gb/q4/bradley_green/;Bradley Green;bradley_green
http://www.meetup.com/cities/gb/q4/bransford/;Bransford;bransford
http://www.meetup.com/cities/gb/q4/bredicot/;Bredicot;bredicot
http://www.meetup.com/cities/gb/q4/bredon/;Bredon;bredon
http://www.meetup.com/cities/gb/q4/bredons_hardwick/;Bredons Hardwick;bredons_hardwick
http://www.meetup.com/cities/gb/q4/bredons_norton/;Bredons Norton;bredons_norton
http://www.meetup.com/cities/gb/q4/bretforton/;Bretforton;bretforton
http://www.meetup.com/cities/gb/q4/bricklehampton/;Bricklehampton;bricklehampton
http://www.meetup.com/cities/gb/q4/bridges_stone/;Bridges Stone;bridges_stone
http://www.meetup.com/cities/gb/q4/broad_common/;Broad Common;broad_common
http://www.meetup.com/cities/gb/q4/broadheath/;Broadheath;broadheath
http://www.meetup.com/cities/gb/q4/broad_marston/;Broad Marston;broad_marston
http://www.meetup.com/cities/gb/q4/broadwas/;Broadwas;broadwas
http://www.meetup.com/cities/gb/q4/broadway/;Broadway;broadway
http://www.meetup.com/cities/gb/q4/brockhill_village/;Brockhill Village;brockhill_village
http://www.meetup.com/cities/gb/q4/bromsberrow/;Bromsberrow;bromsberrow
http://www.meetup.com/cities/gb/q4/bromsgrove/;Bromsgrove;bromsgrove
http://www.meetup.com/cities/gb/q4/bromsgrove_technology_park/;Bromsgrove Technology Park;bromsgrove_technology_park
http://www.meetup.com/cities/gb/q4/broome/;Broome;broome
http://www.meetup.com/cities/gb/q4/broomhall/;Broomhall;broomhall
http://www.meetup.com/cities/gb/q4/broughton_green/;Broughton Green;broughton_green
http://www.meetup.com/cities/gb/q4/broughton_hackett/;Broughton Hackett;broughton_hackett
http://www.meetup.com/cities/gb/q4/buckeridge/;Buckeridge;buckeridge
http://www.meetup.com/cities/gb/q4/burcot/;Burcot;burcot
http://www.meetup.com/cities/gb/q4/burford/;Burford;burford
http://www.meetup.com/cities/gb/q4/bushley/;Bushley;bushley
http://www.meetup.com/cities/gb/q4/callow_end/;Callow End;callow_end
http://www.meetup.com/cities/gb/q4/callow_hill/;Callow Hill;callow_hill
http://www.meetup.com/cities/gb/q4/castlemorton/;Castlemorton;castlemorton
http://www.meetup.com/cities/gb/q4/catshill/;Catshill;catshill
http://www.meetup.com/cities/gb/q4/caunsall/;Caunsall;caunsall
http://www.meetup.com/cities/gb/q4/chadbury/;Chadbury;chadbury
http://www.meetup.com/cities/gb/q4/chaddesley_corbett/;Chaddesley Corbett;chaddesley_corbett
http://www.meetup.com/cities/gb/q4/chadwich/;Chadwich;chadwich
http://www.meetup.com/cities/gb/q4/chapmans_hill/;Chapmans Hill;chapmans_hill
http://www.meetup.com/cities/gb/q4/charlton/;Charlton;charlton
http://www.meetup.com/cities/gb/q4/chatley/;Chatley;chatley
http://www.meetup.com/cities/gb/q4/childswickham/;Childswickham;childswickham
http://www.meetup.com/cities/gb/q4/church_hill_north/;Church Hill North;church_hill_north
http://www.meetup.com/cities/gb/q4/churchill/;Churchill;churchill
http://www.meetup.com/cities/gb/q4/church_lench/;Church Lench;church_lench
http://www.meetup.com/cities/gb/q4/claines/;Claines;claines
http://www.meetup.com/cities/gb/q4/cleeve_prior/;Cleeve Prior;cleeve_prior
http://www.meetup.com/cities/gb/q4/clent/;Clent;clent
http://www.meetup.com/cities/gb/q4/cleobury_mortimer/;Cleobury Mortimer;cleobury_mortimer
http://www.meetup.com/cities/gb/q4/clevelode/;Clevelode;clevelode
http://www.meetup.com/cities/gb/q4/clifton-on-teme/;Clifton-on-Teme;clifton-on-teme
http://www.meetup.com/cities/gb/q4/clows_top/;Clows Top;clows_top
http://www.meetup.com/cities/gb/q4/cofton_hackett/;Cofton Hackett;cofton_hackett
http://www.meetup.com/cities/gb/q4/colwall/;Colwall;colwall
http://www.meetup.com/cities/gb/q4/colwall_green/;Colwall Green;colwall_green
http://www.meetup.com/cities/gb/q4/conderton/;Conderton;conderton
http://www.meetup.com/cities/gb/q4/cookley/;Cookley;cookley
http://www.meetup.com/cities/gb/q4/coombe_green/;Coombe Green;coombe_green
http://www.meetup.com/cities/gb/q4/copcut/;Copcut;copcut
http://www.meetup.com/cities/gb/q4/corse_lawn/;Corse Lawn;corse_lawn
http://www.meetup.com/cities/gb/q4/cotheridge/;Cotheridge;cotheridge
http://www.meetup.com/cities/gb/q4/cradley/;Cradley;cradley
http://www.meetup.com/cities/gb/q4/cropthorne/;Cropthorne;cropthorne
http://www.meetup.com/cities/gb/q4/crossway_green/;Crossway Green;crossway_green
http://www.meetup.com/cities/gb/q4/crowle/;Crowle;crowle
http://www.meetup.com/cities/gb/q4/crown_east/;Crown East;crown_east
http://www.meetup.com/cities/gb/q4/cutnall_green/;Cutnall Green;cutnall_green
http://www.meetup.com/cities/gb/q4/defford/;Defford;defford
http://www.meetup.com/cities/gb/q4/dodford/;Dodford;dodford
http://www.meetup.com/cities/gb/q4/dormston/;Dormston;dormston
http://www.meetup.com/cities/gb/q4/dorsington/;Dorsington;dorsington
http://www.meetup.com/cities/gb/q4/doverdale/;Doverdale;doverdale
http://www.meetup.com/cities/gb/q4/drakes_broughton/;Drakes Broughton;drakes_broughton
http://www.meetup.com/cities/gb/q4/droitwich/;Droitwich;droitwich
http://www.meetup.com/cities/gb/q4/dunhampstead/;Dunhampstead;dunhampstead
http://www.meetup.com/cities/gb/q4/dunhampton/;Dunhampton;dunhampton
http://www.meetup.com/cities/gb/q4/dunley/;Dunley;dunley
http://www.meetup.com/cities/gb/q4/eardiston/;Eardiston;eardiston
http://www.meetup.com/cities/gb/q4/earls_common/;Earls Common;earls_common
http://www.meetup.com/cities/gb/q4/earls_croome/;Earls Croome;earls_croome
http://www.meetup.com/cities/gb/q4/eastham/;Eastham;eastham
http://www.meetup.com/cities/gb/q4/eckington/;Eckington;eckington
http://www.meetup.com/cities/gb/q4/egdon/;Egdon;egdon
http://www.meetup.com/cities/gb/q4/elcocks_brook/;Elcocks Brook;elcocks_brook
http://www.meetup.com/cities/gb/q4/eldersfield/;Eldersfield;eldersfield
http://www.meetup.com/cities/gb/q4/elmbridge/;Elmbridge;elmbridge
http://www.meetup.com/cities/gb/q4/elmley_castle/;Elmley Castle;elmley_castle
http://www.meetup.com/cities/gb/q4/elmley_lovett/;Elmley Lovett;elmley_lovett
http://www.meetup.com/cities/gb/q4/endon/;Endon;endon
http://www.meetup.com/cities/gb/q4/evesbatch/;Evesbatch;evesbatch
http://www.meetup.com/cities/gb/q4/evesham/;Evesham;evesham
http://www.meetup.com/cities/gb/q4/fairfield/;Fairfield;fairfield
http://www.meetup.com/cities/gb/q4/far_forest/;Far Forest;far_forest
http://www.meetup.com/cities/gb/q4/farncombe/;Farncombe;farncombe
http://www.meetup.com/cities/gb/q4/feckenham/;Feckenham;feckenham
http://www.meetup.com/cities/gb/q4/fernhill_heath/;Fernhill Heath;fernhill_heath
http://www.meetup.com/cities/gb/q4/finstall/;Finstall;finstall
http://www.meetup.com/cities/gb/q4/fladbury/;Fladbury;fladbury
http://www.meetup.com/cities/gb/q4/flyford_flavell/;Flyford Flavell;flyford_flavell
http://www.meetup.com/cities/gb/q4/forthampton/;Forthampton;forthampton
http://www.meetup.com/cities/gb/q4/four_pools_industrial_estate/;Four Pools Industrial Estate;four_pools_industrial_estate
http://www.meetup.com/cities/gb/q4/frankley/;Frankley;frankley
http://www.meetup.com/cities/gb/q4/gorst_hill/;Gorst Hill;gorst_hill
http://www.meetup.com/cities/gb/q4/grafton/;Grafton;grafton
http://www.meetup.com/cities/gb/q4/grafton_flyford/;Grafton Flyford;grafton_flyford
http://www.meetup.com/cities/gb/q4/great_comberton/;Great Comberton;great_comberton
http://www.meetup.com/cities/gb/q4/great_meadow/;Great Meadow;great_meadow
http://www.meetup.com/cities/gb/q4/great_witley/;Great Witley;great_witley
http://www.meetup.com/cities/gb/q4/grimley/;Grimley;grimley
http://www.meetup.com/cities/gb/q4/guarlford/;Guarlford;guarlford
http://www.meetup.com/cities/gb/q4/hadley/;Hadley;hadley
http://www.meetup.com/cities/gb/q4/hadley_heath/;Hadley Heath;hadley_heath
http://www.meetup.com/cities/gb/q4/hadzor/;Hadzor;hadzor
http://www.meetup.com/cities/gb/q4/hagley/;Hagley;hagley
http://www.meetup.com/cities/gb/q4/halesowen/;Halesowen;halesowen
http://www.meetup.com/cities/gb/q4/hallow/;Hallow;hallow
http://www.meetup.com/cities/gb/q4/ham_green/;Ham Green;ham_green
http://www.meetup.com/cities/gb/q4/hampton/;Hampton;hampton
http://www.meetup.com/cities/gb/q4/hampton_lovett/;Hampton Lovett;hampton_lovett
http://www.meetup.com/cities/gb/q4/hanbury/;Hanbury;hanbury
http://www.meetup.com/cities/gb/q4/hanley_castle/;Hanley Castle;hanley_castle
http://www.meetup.com/cities/gb/q4/hanley_childe/;Hanley Childe;hanley_childe
http://www.meetup.com/cities/gb/q4/hanley_swan/;Hanley Swan;hanley_swan
http://www.meetup.com/cities/gb/q4/hanley_william/;Hanley William;hanley_william
http://www.meetup.com/cities/gb/q4/hartlebury/;Hartlebury;hartlebury
http://www.meetup.com/cities/gb/q4/harvington/;Harvington;harvington
http://www.meetup.com/cities/gb/q4/hawford/;Hawford;hawford
http://www.meetup.com/cities/gb/q4/headless_cross/;Headless Cross;headless_cross
http://www.meetup.com/cities/gb/q4/heightington/;Heightington;heightington
http://www.meetup.com/cities/gb/q4/hill/;Hill;hill
http://www.meetup.com/cities/gb/q4/hillcrest_park/;Hillcrest Park;hillcrest_park
http://www.meetup.com/cities/gb/q4/hill_furze/;Hill Furze;hill_furze
http://www.meetup.com/cities/gb/q4/himbleton/;Himbleton;himbleton
http://www.meetup.com/cities/gb/q4/hindlip/;Hindlip;hindlip
http://www.meetup.com/cities/gb/q4/hinton_cross/;Hinton Cross;hinton_cross
http://www.meetup.com/cities/gb/q4/hinton-on-the-green/;Hinton-on-the-Green;hinton-on-the-green
http://www.meetup.com/cities/gb/q4/holberrow_green/;Holberrow Green;holberrow_green
http://www.meetup.com/cities/gb/q4/hollybush/;Hollybush;hollybush
http://www.meetup.com/cities/gb/q4/holly_green/;Holly Green;holly_green
http://www.meetup.com/cities/gb/q4/hollywood/;Hollywood;hollywood
http://www.meetup.com/cities/gb/q4/holt_heath/;Holt Heath;holt_heath
http://www.meetup.com/cities/gb/q4/holy_cross/;Holy Cross;holy_cross
http://www.meetup.com/cities/gb/q4/home_meadow/;Home Meadow;home_meadow
http://www.meetup.com/cities/gb/q4/honeybourne/;Honeybourne;honeybourne
http://www.meetup.com/cities/gb/q4/hoobrook/;Hoobrook;hoobrook
http://www.meetup.com/cities/gb/q4/hopwood/;Hopwood;hopwood
http://www.meetup.com/cities/gb/q4/huddington/;Huddington;huddington
http://www.meetup.com/cities/gb/q4/hunnington/;Hunnington;hunnington
http://www.meetup.com/cities/gb/q4/hunt_end/;Hunt End;hunt_end
http://www.meetup.com/cities/gb/q4/hurcott/;Hurcott;hurcott
http://www.meetup.com/cities/gb/q4/impney/;Impney;impney
http://www.meetup.com/cities/gb/q4/inkberrow/;Inkberrow;inkberrow
http://www.meetup.com/cities/gb/q4/ipsley/;Ipsley;ipsley
http://www.meetup.com/cities/gb/q4/ismere/;Ismere;ismere
http://www.meetup.com/cities/gb/q4/iverley/;Iverley;iverley
http://www.meetup.com/cities/gb/q4/kemerton/;Kemerton;kemerton
http://www.meetup.com/cities/gb/q4/kempsey/;Kempsey;kempsey
http://www.meetup.com/cities/gb/q4/kersoe/;Kersoe;kersoe
http://www.meetup.com/cities/gb/q4/kerswell_green/;Kerswell Green;kerswell_green
http://www.meetup.com/cities/gb/q4/keytec_7_business_park/;Keytec 7 Business Park;keytec_7_business_park
http://www.meetup.com/cities/gb/q4/kidderminster/;Kidderminster;kidderminster
http://www.meetup.com/cities/gb/q4/kingfisher_shopping_centre/;Kingfisher Shopping Centre;kingfisher_shopping_centre
http://www.meetup.com/cities/gb/q4/kings_norton/;Kings Norton;kings_norton
http://www.meetup.com/cities/gb/q4/kington/;Kington;kington
http://www.meetup.com/cities/gb/q4/kinlet/;Kinlet;kinlet
http://www.meetup.com/cities/gb/q4/kinsham/;Kinsham;kinsham
http://www.meetup.com/cities/gb/q4/kinver/;Kinver;kinver
http://www.meetup.com/cities/gb/q4/knighton-on-teme/;Knighton-on-Teme;knighton-on-teme
http://www.meetup.com/cities/gb/q4/knightwick/;Knightwick;knightwick
http://www.meetup.com/cities/gb/q4/kyre/;Kyre;kyre
http://www.meetup.com/cities/gb/q4/kyrewood/;Kyrewood;kyrewood
http://www.meetup.com/cities/gb/q4/ladywood/;Ladywood;ladywood
http://www.meetup.com/cities/gb/q4/laverton/;Laverton;laverton
http://www.meetup.com/cities/gb/q4/leigh/;Leigh;leigh
http://www.meetup.com/cities/gb/q4/leigh_sinton/;Leigh Sinton;leigh_sinton
http://www.meetup.com/cities/gb/q4/lenchwick/;Lenchwick;lenchwick
http://www.meetup.com/cities/gb/q4/lickey/;Lickey;lickey
http://www.meetup.com/cities/gb/q4/lickey_end/;Lickey End;lickey_end
http://www.meetup.com/cities/gb/q4/lincomb/;Lincomb;lincomb
http://www.meetup.com/cities/gb/q4/lindridge/;Lindridge;lindridge
http://www.meetup.com/cities/gb/q4/little_clevelode/;Little Clevelode;little_clevelode
http://www.meetup.com/cities/gb/q4/little_comberton/;Little Comberton;little_comberton
http://www.meetup.com/cities/gb/q4/little_hereford/;Little Hereford;little_hereford
http://www.meetup.com/cities/gb/q4/little_inkberrow/;Little Inkberrow;little_inkberrow
http://www.meetup.com/cities/gb/q4/little_witley/;Little Witley;little_witley
http://www.meetup.com/cities/gb/q4/littleworth/;Littleworth;littleworth
http://www.meetup.com/cities/gb/q4/longdon/;Longdon;longdon
http://www.meetup.com/cities/gb/q4/long_headland/;Long Headland;long_headland
http://www.meetup.com/cities/gb/q4/long_marston/;Long Marston;long_marston
http://www.meetup.com/cities/gb/q4/long_meadow/;Long Meadow;long_meadow
http://www.meetup.com/cities/gb/q4/lower_bentley/;Lower Bentley;lower_bentley
http://www.meetup.com/cities/gb/q4/lower_broadheath/;Lower Broadheath;lower_broadheath
http://www.meetup.com/cities/gb/q4/lower_chaddesley/;Lower Chaddesley;lower_chaddesley
http://www.meetup.com/cities/gb/q4/lower_moor/;Lower Moor;lower_moor
http://www.meetup.com/cities/gb/q4/lower_rochford/;Lower Rochford;lower_rochford
http://www.meetup.com/cities/gb/q4/lower_strensham/;Lower Strensham;lower_strensham
http://www.meetup.com/cities/gb/q4/lower_wolverton/;Lower Wolverton;lower_wolverton
http://www.meetup.com/cities/gb/q4/low_habberley/;Low Habberley;low_habberley
http://www.meetup.com/cities/gb/q4/low_hill/;Low Hill;low_hill
http://www.meetup.com/cities/gb/q4/lydiate_ash/;Lydiate Ash;lydiate_ash
http://www.meetup.com/cities/gb/q4/lye_head/;Lye Head;lye_head
http://www.meetup.com/cities/gb/q4/lyppard_bourne/;Lyppard Bourne;lyppard_bourne
http://www.meetup.com/cities/gb/q4/lyppard_hanford/;Lyppard Hanford;lyppard_hanford
http://www.meetup.com/cities/gb/q4/lyppard_woodgreen/;Lyppard Woodgreen;lyppard_woodgreen
http://www.meetup.com/cities/gb/q4/madresfield/;Madresfield;madresfield
http://www.meetup.com/cities/gb/q4/malvern/;Malvern;malvern
http://www.meetup.com/cities/gb/q4/mamble/;Mamble;mamble
http://www.meetup.com/cities/gb/q4/mappleborough_green/;Mappleborough Green;mappleborough_green
http://www.meetup.com/cities/gb/q4/marlbrook/;Marlbrook;marlbrook
http://www.meetup.com/cities/gb/q4/martin_hussingtree/;Martin Hussingtree;martin_hussingtree
http://www.meetup.com/cities/gb/q4/martley/;Martley;martley
http://www.meetup.com/cities/gb/q4/menith_wood/;Menith Wood;menith_wood
http://www.meetup.com/cities/gb/q4/middle_hill/;Middle Hill;middle_hill
http://www.meetup.com/cities/gb/q4/middle_littleton/;Middle Littleton;middle_littleton
http://www.meetup.com/cities/gb/q4/moons_moat_north_industrial_estate/;Moons Moat North Industrial Estate;moons_moat_north_industrial_estate
http://www.meetup.com/cities/gb/q4/murcot/;Murcot;murcot
http://www.meetup.com/cities/gb/q4/mustow_green/;Mustow Green;mustow_green
http://www.meetup.com/cities/gb/q4/naunton/;Naunton;naunton
http://www.meetup.com/cities/gb/q4/naunton_beauchamp/;Naunton Beauchamp;naunton_beauchamp
http://www.meetup.com/cities/gb/q4/netherton/;Netherton;netherton
http://www.meetup.com/cities/gb/q4/newbold_on_stour/;Newbold on Stour;newbold_on_stour
http://www.meetup.com/cities/gb/q4/newland/;Newland;newland
http://www.meetup.com/cities/gb/q4/newnham_bridge/;Newnham Bridge;newnham_bridge
http://www.meetup.com/cities/gb/q4/northfield/;Northfield;northfield
http://www.meetup.com/cities/gb/q4/north_littleton/;North Littleton;north_littleton
http://www.meetup.com/cities/gb/q4/north_piddle/;North Piddle;north_piddle
http://www.meetup.com/cities/gb/q4/norton/;Norton;norton
http://www.meetup.com/cities/gb/q4/oddingley/;Oddingley;oddingley
http://www.meetup.com/cities/gb/q4/offenham/;Offenham;offenham
http://www.meetup.com/cities/gb/q4/old_colwall/;Old Colwall;old_colwall
http://www.meetup.com/cities/gb/q4/old_storridge/;Old Storridge;old_storridge
http://www.meetup.com/cities/gb/q4/oldwood/;Oldwood;oldwood
http://www.meetup.com/cities/gb/q4/oldwood_common/;Oldwood Common;oldwood_common
http://www.meetup.com/cities/gb/q4/ombersley/;Ombersley;ombersley
http://www.meetup.com/cities/gb/q4/overbury/;Overbury;overbury
http://www.meetup.com/cities/gb/q4/park_farm_industrial_estate/;Park Farm Industrial Estate;park_farm_industrial_estate
http://www.meetup.com/cities/gb/q4/parkgate/;Parkgate;parkgate
http://www.meetup.com/cities/gb/q4/pebworth/;Pebworth;pebworth
http://www.meetup.com/cities/gb/q4/pendock/;Pendock;pendock
http://www.meetup.com/cities/gb/q4/pensham/;Pensham;pensham
http://www.meetup.com/cities/gb/q4/peopleton/;Peopleton;peopleton
http://www.meetup.com/cities/gb/q4/pershore/;Pershore;pershore
http://www.meetup.com/cities/gb/q4/phepson/;Phepson;phepson
http://www.meetup.com/cities/gb/q4/pinvin/;Pinvin;pinvin
http://www.meetup.com/cities/gb/q4/pirton/;Pirton;pirton
http://www.meetup.com/cities/gb/q4/portway/;Portway;portway
http://www.meetup.com/cities/gb/q4/powick/;Powick;powick
http://www.meetup.com/cities/gb/q4/primsland/;Primsland;primsland
http://www.meetup.com/cities/gb/q4/pudleston/;Pudleston;pudleston
http://www.meetup.com/cities/gb/q4/purshall_green/;Purshall Green;purshall_green
http://www.meetup.com/cities/gb/q4/quinton/;Quinton;quinton
http://www.meetup.com/cities/gb/q4/radford/;Radford;radford
http://www.meetup.com/cities/gb/q4/rashwood/;Rashwood;rashwood
http://www.meetup.com/cities/gb/q4/redditch/;Redditch;redditch
http://www.meetup.com/cities/gb/q4/rednal/;Rednal;rednal
http://www.meetup.com/cities/gb/q4/ribbesford/;Ribbesford;ribbesford
http://www.meetup.com/cities/gb/q4/ripple/;Ripple;ripple
http://www.meetup.com/cities/gb/q4/rochford/;Rochford;rochford
http://www.meetup.com/cities/gb/q4/rock/;Rock;rock
http://www.meetup.com/cities/gb/q4/romsley/;Romsley;romsley
http://www.meetup.com/cities/gb/q4/rous_lench/;Rous Lench;rous_lench
http://www.meetup.com/cities/gb/q4/rowney_green/;Rowney Green;rowney_green
http://www.meetup.com/cities/gb/q4/rubery/;Rubery;rubery
http://www.meetup.com/cities/gb/q4/rushock/;Rushock;rushock
http://www.meetup.com/cities/gb/q4/rushwick/;Rushwick;rushwick
http://www.meetup.com/cities/gb/q4/sale_green/;Sale Green;sale_green
http://www.meetup.com/cities/gb/q4/saleway/;Saleway;saleway
http://www.meetup.com/cities/gb/q4/salford_priors/;Salford Priors;salford_priors
http://www.meetup.com/cities/gb/q4/salwarpe/;Salwarpe;salwarpe
http://www.meetup.com/cities/gb/q4/sambourne/;Sambourne;sambourne
http://www.meetup.com/cities/gb/q4/saxon_business_park/;Saxon Business Park;saxon_business_park
http://www.meetup.com/cities/gb/q4/sedgeberrow/;Sedgeberrow;sedgeberrow
http://www.meetup.com/cities/gb/q4/severn_stoke/;Severn Stoke;severn_stoke
http://www.meetup.com/cities/gb/q4/shatterford/;Shatterford;shatterford
http://www.meetup.com/cities/gb/q4/shell/;Shell;shell
http://www.meetup.com/cities/gb/q4/shelsley_beauchamp/;Shelsley Beauchamp;shelsley_beauchamp
http://www.meetup.com/cities/gb/q4/shelsley_walsh/;Shelsley Walsh;shelsley_walsh
http://www.meetup.com/cities/gb/q4/shenstone/;Shenstone;shenstone
http://www.meetup.com/cities/gb/q4/sheriffs_lench/;Sheriffs Lench;sheriffs_lench
http://www.meetup.com/cities/gb/q4/shernal_green/;Shernal Green;shernal_green
http://www.meetup.com/cities/gb/q4/sherrards_green/;Sherrards Green;sherrards_green
http://www.meetup.com/cities/gb/q4/shirley/;Shirley;shirley
http://www.meetup.com/cities/gb/q4/shrawley/;Shrawley;shrawley
http://www.meetup.com/cities/gb/q4/sidemoor/;Sidemoor;sidemoor
http://www.meetup.com/cities/gb/q4/sneachill/;Sneachill;sneachill
http://www.meetup.com/cities/gb/q4/sneads_green/;Sneads Green;sneads_green
http://www.meetup.com/cities/gb/q4/south_littleton/;South Littleton;south_littleton
http://www.meetup.com/cities/gb/q4/spetchley/;Spetchley;spetchley
http://www.meetup.com/cities/gb/q4/stanford_bridge/;Stanford Bridge;stanford_bridge
http://www.meetup.com/cities/gb/q4/staunton/;Staunton;staunton
http://www.meetup.com/cities/gb/q4/st_johns/;St Johns;st_johns
http://www.meetup.com/cities/gb/q4/st_michaels/;St Michaels;st_michaels
http://www.meetup.com/cities/gb/q4/stock_green/;Stock Green;stock_green
http://www.meetup.com/cities/gb/q4/stockton/;Stockton;stockton
http://www.meetup.com/cities/gb/q4/stockwood/;Stockwood;stockwood
http://www.meetup.com/cities/gb/q4/stoke_bliss/;Stoke Bliss;stoke_bliss
http://www.meetup.com/cities/gb/q4/stoke_heath/;Stoke Heath;stoke_heath
http://www.meetup.com/cities/gb/q4/stoke_pound/;Stoke Pound;stoke_pound
http://www.meetup.com/cities/gb/q4/stoke_prior/;Stoke Prior;stoke_prior
http://www.meetup.com/cities/gb/q4/stone/;Stone;stone
http://www.meetup.com/cities/gb/q4/storridge/;Storridge;storridge
http://www.meetup.com/cities/gb/q4/stoulton/;Stoulton;stoulton
http://www.meetup.com/cities/gb/q4/stourbridge/;Stourbridge;stourbridge
http://www.meetup.com/cities/gb/q4/stourport-on-severn/;Stourport-on-Severn;stourport-on-severn
http://www.meetup.com/cities/gb/q4/stratford-upon-avon/;Stratford-upon-avon;stratford-upon-avon
http://www.meetup.com/cities/gb/q4/strensham/;Strensham;strensham
http://www.meetup.com/cities/gb/q4/studley/;Studley;studley
http://www.meetup.com/cities/gb/q4/suckley/;Suckley;suckley
http://www.meetup.com/cities/gb/q4/summerfield/;Summerfield;summerfield
http://www.meetup.com/cities/gb/q4/sutton/;Sutton;sutton
http://www.meetup.com/cities/gb/q4/sytchampton/;Sytchampton;sytchampton
http://www.meetup.com/cities/gb/q4/tanners_green/;Tanners Green;tanners_green
http://www.meetup.com/cities/gb/q4/tardebigge/;Tardebigge;tardebigge
http://www.meetup.com/cities/gb/q4/tedstone_wafre/;Tedstone Wafre;tedstone_wafre
http://www.meetup.com/cities/gb/q4/tenbury_wells/;Tenbury Wells;tenbury_wells
http://www.meetup.com/cities/gb/q4/tenbury_wells_business_park/;Tenbury Wells Business Park;tenbury_wells_business_park
http://www.meetup.com/cities/gb/q4/tewkesbury/;Tewkesbury;tewkesbury
http://www.meetup.com/cities/gb/q4/the_grove_ryall/;The Grove Ryall;the_grove_ryall
http://www.meetup.com/cities/gb/q4/throckmorton/;Throckmorton;throckmorton
http://www.meetup.com/cities/gb/q4/tibberton/;Tibberton;tibberton
http://www.meetup.com/cities/gb/q4/tilesford/;Tilesford;tilesford
http://www.meetup.com/cities/gb/q4/titton/;Titton;titton
http://www.meetup.com/cities/gb/q4/torton/;Torton;torton
http://www.meetup.com/cities/gb/q4/trimpley/;Trimpley;trimpley
http://www.meetup.com/cities/gb/q4/tutnall/;Tutnall;tutnall
http://www.meetup.com/cities/gb/q4/twyford/;Twyford;twyford
http://www.meetup.com/cities/gb/q4/uckinghall/;Uckinghall;uckinghall
http://www.meetup.com/cities/gb/q4/ullington/;Ullington;ullington
http://www.meetup.com/cities/gb/q4/uphampton/;Uphampton;uphampton
http://www.meetup.com/cities/gb/q4/upper_battenhall/;Upper Battenhall;upper_battenhall
http://www.meetup.com/cities/gb/q4/upper_bentley/;Upper Bentley;upper_bentley
http://www.meetup.com/cities/gb/q4/upper_moor/;Upper Moor;upper_moor
http://www.meetup.com/cities/gb/q4/upper_pendock/;Upper Pendock;upper_pendock
http://www.meetup.com/cities/gb/q4/upper_sapey/;Upper Sapey;upper_sapey
http://www.meetup.com/cities/gb/q4/upper_welland/;Upper Welland;upper_welland
http://www.meetup.com/cities/gb/q4/upton_snodsbury/;Upton Snodsbury;upton_snodsbury
http://www.meetup.com/cities/gb/q4/upton-upon-severn/;Upton-upon-Severn;upton-upon-severn
http://www.meetup.com/cities/gb/q4/upton_warren/;Upton Warren;upton_warren
http://www.meetup.com/cities/gb/q4/vale_park/;Vale Park;vale_park
http://www.meetup.com/cities/gb/q4/wadborough/;Wadborough;wadborough
http://www.meetup.com/cities/gb/q4/wall_meadow/;Wall Meadow;wall_meadow
http://www.meetup.com/cities/gb/q4/walton_cardiff/;Walton Cardiff;walton_cardiff
http://www.meetup.com/cities/gb/q4/walton_hill/;Walton Hill;walton_hill
http://www.meetup.com/cities/gb/q4/waresley/;Waresley;waresley
http://www.meetup.com/cities/gb/q4/warndon/;Warndon;warndon
http://www.meetup.com/cities/gb/q4/webheath/;Webheath;webheath
http://www.meetup.com/cities/gb/q4/welland/;Welland;welland
http://www.meetup.com/cities/gb/q4/westmancote/;Westmancote;westmancote
http://www.meetup.com/cities/gb/q4/whitbourne/;Whitbourne;whitbourne
http://www.meetup.com/cities/gb/q4/white-ladies-aston/;White-Ladies-Aston;white-ladies-aston
http://www.meetup.com/cities/gb/q4/whittington/;Whittington;whittington
http://www.meetup.com/cities/gb/q4/wichenford/;Wichenford;wichenford
http://www.meetup.com/cities/gb/q4/wick/;Wick;wick
http://www.meetup.com/cities/gb/q4/wickhamford/;Wickhamford;wickhamford
http://www.meetup.com/cities/gb/q4/wildmoor/;Wildmoor;wildmoor
http://www.meetup.com/cities/gb/q4/willersey/;Willersey;willersey
http://www.meetup.com/cities/gb/q4/withybed_green/;Withybed Green;withybed_green
http://www.meetup.com/cities/gb/q4/wolverley/;Wolverley;wolverley
http://www.meetup.com/cities/gb/q4/wolverley_village/;Wolverley Village;wolverley_village
http://www.meetup.com/cities/gb/q4/woodcote_green/;Woodcote Green;woodcote_green
http://www.meetup.com/cities/gb/q4/wood_norton/;Wood Norton;wood_norton
http://www.meetup.com/cities/gb/q4/woodston/;Woodston;woodston
http://www.meetup.com/cities/gb/q4/worcester/;Worcester;worcester
http://www.meetup.com/cities/gb/q4/wormington/;Wormington;wormington
http://www.meetup.com/cities/gb/q4/wychbold/;Wychbold;wychbold
http://www.meetup.com/cities/gb/q4/wyre_forest/;Wyre Forest;wyre_forest
http://www.meetup.com/cities/gb/q4/wyre_piddle/;Wyre Piddle;wyre_piddle
http://www.meetup.com/cities/gb/q4/wythall/;Wythall;wythall
http://www.meetup.com/cities/gb/q4/yarhampton/;Yarhampton;yarhampton
