http://www.meetup.com/cities/gb/y1/afonwen/;Afonwen;afonwen
http://www.meetup.com/cities/gb/y1/alltami/;Alltami;alltami
http://www.meetup.com/cities/gb/y1/aston/;Aston;aston
http://www.meetup.com/cities/gb/y1/axton/;Axton;axton
http://www.meetup.com/cities/gb/y1/babell/;Babell;babell
http://www.meetup.com/cities/gb/y1/bagillt/;Bagillt;bagillt
http://www.meetup.com/cities/gb/y1/berthengam/;Berthengam;berthengam
http://www.meetup.com/cities/gb/y1/bretton/;Bretton;bretton
http://www.meetup.com/cities/gb/y1/bromfield_industrial_estate/;Bromfield Industrial Estate;bromfield_industrial_estate
http://www.meetup.com/cities/gb/y1/broughton/;Broughton;broughton
http://www.meetup.com/cities/gb/y1/bryn_celyn/;Bryn Celyn;bryn_celyn
http://www.meetup.com/cities/gb/y1/brynford/;Brynford;brynford
http://www.meetup.com/cities/gb/y1/bryn-y-baal/;Bryn-Y-Baal;bryn-y-baal
http://www.meetup.com/cities/gb/y1/buckley/;Buckley;buckley
http://www.meetup.com/cities/gb/y1/cadole/;Cadole;cadole
http://www.meetup.com/cities/gb/y1/caerwys/;Caerwys;caerwys
http://www.meetup.com/cities/gb/y1/carmel/;Carmel;carmel
http://www.meetup.com/cities/gb/y1/chester/;Chester;chester
http://www.meetup.com/cities/gb/y1/chester_west_employment_park/;Chester West Employment Park;chester_west_employment_park
http://www.meetup.com/cities/gb/y1/cilcain/;Cilcain;cilcain
http://www.meetup.com/cities/gb/y1/connah%27s_quay/;Connah's Quay;connah%27s_quay
http://www.meetup.com/cities/gb/y1/ddol/;Ddol;ddol
http://www.meetup.com/cities/gb/y1/deeside/;Deeside;deeside
http://www.meetup.com/cities/gb/y1/deeside_industrial_park/;Deeside Industrial Park;deeside_industrial_park
http://www.meetup.com/cities/gb/y1/dobshill/;Dobshill;dobshill
http://www.meetup.com/cities/gb/y1/drury/;Drury;drury
http://www.meetup.com/cities/gb/y1/ewloe/;Ewloe;ewloe
http://www.meetup.com/cities/gb/y1/ewloe_green/;Ewloe Green;ewloe_green
http://www.meetup.com/cities/gb/y1/ffynnongroyw/;Ffynnongroyw;ffynnongroyw
http://www.meetup.com/cities/gb/y1/flint/;Flint;flint
http://www.meetup.com/cities/gb/y1/flint_mountain/;Flint Mountain;flint_mountain
http://www.meetup.com/cities/gb/y1/garden_city/;Garden City;garden_city
http://www.meetup.com/cities/gb/y1/glan-yr-afon/;Glan-Yr-Afon;glan-yr-afon
http://www.meetup.com/cities/gb/y1/gorsedd/;Gorsedd;gorsedd
http://www.meetup.com/cities/gb/y1/greenfield/;Greenfield;greenfield
http://www.meetup.com/cities/gb/y1/gronant/;Gronant;gronant
http://www.meetup.com/cities/gb/y1/gwaenysgor/;Gwaenysgor;gwaenysgor
http://www.meetup.com/cities/gb/y1/gwernaffield/;Gwernaffield;gwernaffield
http://www.meetup.com/cities/gb/y1/gwernymynydd/;Gwernymynydd;gwernymynydd
http://www.meetup.com/cities/gb/y1/gwespyr/;Gwespyr;gwespyr
http://www.meetup.com/cities/gb/y1/halkyn/;Halkyn;halkyn
http://www.meetup.com/cities/gb/y1/hawarden/;Hawarden;hawarden
http://www.meetup.com/cities/gb/y1/hawarden_industrial_park/;Hawarden Industrial Park;hawarden_industrial_park
http://www.meetup.com/cities/gb/y1/hendre/;Hendre;hendre
http://www.meetup.com/cities/gb/y1/higher_ferry/;Higher Ferry;higher_ferry
http://www.meetup.com/cities/gb/y1/higher_kinnerton/;Higher Kinnerton;higher_kinnerton
http://www.meetup.com/cities/gb/y1/holway/;Holway;holway
http://www.meetup.com/cities/gb/y1/holywell/;Holywell;holywell
http://www.meetup.com/cities/gb/y1/leeswood/;Leeswood;leeswood
http://www.meetup.com/cities/gb/y1/lixwm/;Lixwm;lixwm
http://www.meetup.com/cities/gb/y1/llanarmon-yn-ial/;Llanarmon-Yn-Ial;llanarmon-yn-ial
http://www.meetup.com/cities/gb/y1/llanasa/;Llanasa;llanasa
http://www.meetup.com/cities/gb/y1/llanerch-y-mor/;Llanerch-Y-Mor;llanerch-y-mor
http://www.meetup.com/cities/gb/y1/lloc/;Lloc;lloc
http://www.meetup.com/cities/gb/y1/llong/;Llong;llong
http://www.meetup.com/cities/gb/y1/lower_kinnerton/;Lower Kinnerton;lower_kinnerton
http://www.meetup.com/cities/gb/y1/mancot/;Mancot;mancot
http://www.meetup.com/cities/gb/y1/milwr/;Milwr;milwr
http://www.meetup.com/cities/gb/y1/mold/;Mold;mold
http://www.meetup.com/cities/gb/y1/mostyn/;Mostyn;mostyn
http://www.meetup.com/cities/gb/y1/mynydd_du/;Mynydd Du;mynydd_du
http://www.meetup.com/cities/gb/y1/mynydd_isa/;Mynydd Isa;mynydd_isa
http://www.meetup.com/cities/gb/y1/nannerch/;Nannerch;nannerch
http://www.meetup.com/cities/gb/y1/nercwys/;Nercwys;nercwys
http://www.meetup.com/cities/gb/y1/new_brighton/;New Brighton;new_brighton
http://www.meetup.com/cities/gb/y1/northop/;Northop;northop
http://www.meetup.com/cities/gb/y1/northop_hall/;Northop Hall;northop_hall
http://www.meetup.com/cities/gb/y1/oakenholt/;Oakenholt;oakenholt
http://www.meetup.com/cities/gb/y1/padeswood/;Padeswood;padeswood
http://www.meetup.com/cities/gb/y1/pantasaph/;Pantasaph;pantasaph
http://www.meetup.com/cities/gb/y1/pantymwyn/;Pantymwyn;pantymwyn
http://www.meetup.com/cities/gb/y1/pentre/;Pentre;pentre
http://www.meetup.com/cities/gb/y1/pentre_halkyn/;Pentre Halkyn;pentre_halkyn
http://www.meetup.com/cities/gb/y1/penyffordd/;Penyffordd;penyffordd
http://www.meetup.com/cities/gb/y1/penymynydd/;Penymynydd;penymynydd
http://www.meetup.com/cities/gb/y1/pontblyddyn/;Pontblyddyn;pontblyddyn
http://www.meetup.com/cities/gb/y1/pontybodkin/;Pontybodkin;pontybodkin
http://www.meetup.com/cities/gb/y1/prestatyn/;Prestatyn;prestatyn
http://www.meetup.com/cities/gb/y1/queensferry/;Queensferry;queensferry
http://www.meetup.com/cities/gb/y1/rhes-y-cae/;Rhes-Y-Cae;rhes-y-cae
http://www.meetup.com/cities/gb/y1/rhewl/;Rhewl;rhewl
http://www.meetup.com/cities/gb/y1/rhosesmor/;Rhosesmor;rhosesmor
http://www.meetup.com/cities/gb/y1/rhydymwyn/;Rhydymwyn;rhydymwyn
http://www.meetup.com/cities/gb/y1/saltney/;Saltney;saltney
http://www.meetup.com/cities/gb/y1/saltney_ferry/;Saltney Ferry;saltney_ferry
http://www.meetup.com/cities/gb/y1/sandycroft/;Sandycroft;sandycroft
http://www.meetup.com/cities/gb/y1/sarn/;Sarn;sarn
http://www.meetup.com/cities/gb/y1/saughall/;Saughall;saughall
http://www.meetup.com/cities/gb/y1/sealand/;Sealand;sealand
http://www.meetup.com/cities/gb/y1/shotton/;Shotton;shotton
http://www.meetup.com/cities/gb/y1/sychdyn/;Sychdyn;sychdyn
http://www.meetup.com/cities/gb/y1/talacre/;Talacre;talacre
http://www.meetup.com/cities/gb/y1/tanlan/;Tanlan;tanlan
http://www.meetup.com/cities/gb/y1/trelawnyd/;Trelawnyd;trelawnyd
http://www.meetup.com/cities/gb/y1/trelogan/;Trelogan;trelogan
http://www.meetup.com/cities/gb/y1/tre-mostyn/;Tre-Mostyn;tre-mostyn
http://www.meetup.com/cities/gb/y1/treuddyn/;Treuddyn;treuddyn
http://www.meetup.com/cities/gb/y1/whitford/;Whitford;whitford
http://www.meetup.com/cities/gb/y1/ysceifiog/;Ysceifiog;ysceifiog
http://www.meetup.com/cities/gb/y1/afonwen/;Afonwen;afonwen
http://www.meetup.com/cities/gb/y1/alltami/;Alltami;alltami
http://www.meetup.com/cities/gb/y1/aston/;Aston;aston
http://www.meetup.com/cities/gb/y1/axton/;Axton;axton
http://www.meetup.com/cities/gb/y1/babell/;Babell;babell
http://www.meetup.com/cities/gb/y1/bagillt/;Bagillt;bagillt
http://www.meetup.com/cities/gb/y1/berthengam/;Berthengam;berthengam
http://www.meetup.com/cities/gb/y1/bretton/;Bretton;bretton
http://www.meetup.com/cities/gb/y1/bromfield_industrial_estate/;Bromfield Industrial Estate;bromfield_industrial_estate
http://www.meetup.com/cities/gb/y1/broughton/;Broughton;broughton
http://www.meetup.com/cities/gb/y1/bryn_celyn/;Bryn Celyn;bryn_celyn
http://www.meetup.com/cities/gb/y1/brynford/;Brynford;brynford
http://www.meetup.com/cities/gb/y1/bryn-y-baal/;Bryn-Y-Baal;bryn-y-baal
http://www.meetup.com/cities/gb/y1/buckley/;Buckley;buckley
http://www.meetup.com/cities/gb/y1/cadole/;Cadole;cadole
http://www.meetup.com/cities/gb/y1/caerwys/;Caerwys;caerwys
http://www.meetup.com/cities/gb/y1/carmel/;Carmel;carmel
http://www.meetup.com/cities/gb/y1/chester/;Chester;chester
http://www.meetup.com/cities/gb/y1/chester_west_employment_park/;Chester West Employment Park;chester_west_employment_park
http://www.meetup.com/cities/gb/y1/cilcain/;Cilcain;cilcain
http://www.meetup.com/cities/gb/y1/connah%27s_quay/;Connah's Quay;connah%27s_quay
http://www.meetup.com/cities/gb/y1/ddol/;Ddol;ddol
http://www.meetup.com/cities/gb/y1/deeside/;Deeside;deeside
http://www.meetup.com/cities/gb/y1/deeside_industrial_park/;Deeside Industrial Park;deeside_industrial_park
http://www.meetup.com/cities/gb/y1/dobshill/;Dobshill;dobshill
http://www.meetup.com/cities/gb/y1/drury/;Drury;drury
http://www.meetup.com/cities/gb/y1/ewloe/;Ewloe;ewloe
http://www.meetup.com/cities/gb/y1/ewloe_green/;Ewloe Green;ewloe_green
http://www.meetup.com/cities/gb/y1/ffynnongroyw/;Ffynnongroyw;ffynnongroyw
http://www.meetup.com/cities/gb/y1/flint/;Flint;flint
http://www.meetup.com/cities/gb/y1/flint_mountain/;Flint Mountain;flint_mountain
http://www.meetup.com/cities/gb/y1/garden_city/;Garden City;garden_city
http://www.meetup.com/cities/gb/y1/glan-yr-afon/;Glan-Yr-Afon;glan-yr-afon
http://www.meetup.com/cities/gb/y1/gorsedd/;Gorsedd;gorsedd
http://www.meetup.com/cities/gb/y1/greenfield/;Greenfield;greenfield
http://www.meetup.com/cities/gb/y1/gronant/;Gronant;gronant
http://www.meetup.com/cities/gb/y1/gwaenysgor/;Gwaenysgor;gwaenysgor
http://www.meetup.com/cities/gb/y1/gwernaffield/;Gwernaffield;gwernaffield
http://www.meetup.com/cities/gb/y1/gwernymynydd/;Gwernymynydd;gwernymynydd
http://www.meetup.com/cities/gb/y1/gwespyr/;Gwespyr;gwespyr
http://www.meetup.com/cities/gb/y1/halkyn/;Halkyn;halkyn
http://www.meetup.com/cities/gb/y1/hawarden/;Hawarden;hawarden
http://www.meetup.com/cities/gb/y1/hawarden_industrial_park/;Hawarden Industrial Park;hawarden_industrial_park
http://www.meetup.com/cities/gb/y1/hendre/;Hendre;hendre
http://www.meetup.com/cities/gb/y1/higher_ferry/;Higher Ferry;higher_ferry
http://www.meetup.com/cities/gb/y1/higher_kinnerton/;Higher Kinnerton;higher_kinnerton
http://www.meetup.com/cities/gb/y1/holway/;Holway;holway
http://www.meetup.com/cities/gb/y1/holywell/;Holywell;holywell
http://www.meetup.com/cities/gb/y1/leeswood/;Leeswood;leeswood
http://www.meetup.com/cities/gb/y1/lixwm/;Lixwm;lixwm
http://www.meetup.com/cities/gb/y1/llanarmon-yn-ial/;Llanarmon-Yn-Ial;llanarmon-yn-ial
http://www.meetup.com/cities/gb/y1/llanasa/;Llanasa;llanasa
http://www.meetup.com/cities/gb/y1/llanerch-y-mor/;Llanerch-Y-Mor;llanerch-y-mor
http://www.meetup.com/cities/gb/y1/lloc/;Lloc;lloc
http://www.meetup.com/cities/gb/y1/llong/;Llong;llong
http://www.meetup.com/cities/gb/y1/lower_kinnerton/;Lower Kinnerton;lower_kinnerton
http://www.meetup.com/cities/gb/y1/mancot/;Mancot;mancot
http://www.meetup.com/cities/gb/y1/milwr/;Milwr;milwr
http://www.meetup.com/cities/gb/y1/mold/;Mold;mold
http://www.meetup.com/cities/gb/y1/mostyn/;Mostyn;mostyn
http://www.meetup.com/cities/gb/y1/mynydd_du/;Mynydd Du;mynydd_du
http://www.meetup.com/cities/gb/y1/mynydd_isa/;Mynydd Isa;mynydd_isa
http://www.meetup.com/cities/gb/y1/nannerch/;Nannerch;nannerch
http://www.meetup.com/cities/gb/y1/nercwys/;Nercwys;nercwys
http://www.meetup.com/cities/gb/y1/new_brighton/;New Brighton;new_brighton
http://www.meetup.com/cities/gb/y1/northop/;Northop;northop
http://www.meetup.com/cities/gb/y1/northop_hall/;Northop Hall;northop_hall
http://www.meetup.com/cities/gb/y1/oakenholt/;Oakenholt;oakenholt
http://www.meetup.com/cities/gb/y1/padeswood/;Padeswood;padeswood
http://www.meetup.com/cities/gb/y1/pantasaph/;Pantasaph;pantasaph
http://www.meetup.com/cities/gb/y1/pantymwyn/;Pantymwyn;pantymwyn
http://www.meetup.com/cities/gb/y1/pentre/;Pentre;pentre
http://www.meetup.com/cities/gb/y1/pentre_halkyn/;Pentre Halkyn;pentre_halkyn
http://www.meetup.com/cities/gb/y1/penyffordd/;Penyffordd;penyffordd
http://www.meetup.com/cities/gb/y1/penymynydd/;Penymynydd;penymynydd
http://www.meetup.com/cities/gb/y1/pontblyddyn/;Pontblyddyn;pontblyddyn
http://www.meetup.com/cities/gb/y1/pontybodkin/;Pontybodkin;pontybodkin
http://www.meetup.com/cities/gb/y1/prestatyn/;Prestatyn;prestatyn
http://www.meetup.com/cities/gb/y1/queensferry/;Queensferry;queensferry
http://www.meetup.com/cities/gb/y1/rhes-y-cae/;Rhes-Y-Cae;rhes-y-cae
http://www.meetup.com/cities/gb/y1/rhewl/;Rhewl;rhewl
http://www.meetup.com/cities/gb/y1/rhosesmor/;Rhosesmor;rhosesmor
http://www.meetup.com/cities/gb/y1/rhydymwyn/;Rhydymwyn;rhydymwyn
http://www.meetup.com/cities/gb/y1/saltney/;Saltney;saltney
http://www.meetup.com/cities/gb/y1/saltney_ferry/;Saltney Ferry;saltney_ferry
http://www.meetup.com/cities/gb/y1/sandycroft/;Sandycroft;sandycroft
http://www.meetup.com/cities/gb/y1/sarn/;Sarn;sarn
http://www.meetup.com/cities/gb/y1/saughall/;Saughall;saughall
http://www.meetup.com/cities/gb/y1/sealand/;Sealand;sealand
http://www.meetup.com/cities/gb/y1/shotton/;Shotton;shotton
http://www.meetup.com/cities/gb/y1/sychdyn/;Sychdyn;sychdyn
http://www.meetup.com/cities/gb/y1/talacre/;Talacre;talacre
http://www.meetup.com/cities/gb/y1/tanlan/;Tanlan;tanlan
http://www.meetup.com/cities/gb/y1/trelawnyd/;Trelawnyd;trelawnyd
http://www.meetup.com/cities/gb/y1/trelogan/;Trelogan;trelogan
http://www.meetup.com/cities/gb/y1/tre-mostyn/;Tre-Mostyn;tre-mostyn
http://www.meetup.com/cities/gb/y1/treuddyn/;Treuddyn;treuddyn
http://www.meetup.com/cities/gb/y1/whitford/;Whitford;whitford
http://www.meetup.com/cities/gb/y1/ysceifiog/;Ysceifiog;ysceifiog
