http://www.meetup.com/cities/gb/y1/afonwen/;Afonwen;afonwen
http://www.meetup.com/cities/gb/y1/alltami/;Alltami;alltami
http://www.meetup.com/cities/gb/y1/aston/;Aston;aston
http://www.meetup.com/cities/gb/y1/axton/;Axton;axton
http://www.meetup.com/cities/gb/y1/babell/;Babell;babell
http://www.meetup.com/cities/gb/y1/bagillt/;Bagillt;bagillt
http://www.meetup.com/cities/gb/y1/broughton/;Broughton;broughton
http://www.meetup.com/cities/gb/y1/buckley/;Buckley;buckley
http://www.meetup.com/cities/gb/y1/cadole/;Cadole;cadole
http://www.meetup.com/cities/gb/y1/chester/;Chester;chester
http://www.meetup.com/cities/gb/y1/chester_west_employment_park/;Chester West Employment Park;chester_west_employment_park
http://www.meetup.com/cities/gb/y1/cilcain/;Cilcain;cilcain
http://www.meetup.com/cities/gb/y1/connah%27s_quay/;Connah's Quay;connah%27s_quay
http://www.meetup.com/cities/gb/y1/deeside/;Deeside;deeside
http://www.meetup.com/cities/gb/y1/deeside_industrial_park/;Deeside Industrial Park;deeside_industrial_park
http://www.meetup.com/cities/gb/y1/dobshill/;Dobshill;dobshill
http://www.meetup.com/cities/gb/y1/drury/;Drury;drury
http://www.meetup.com/cities/gb/y1/ffynnongroyw/;Ffynnongroyw;ffynnongroyw
http://www.meetup.com/cities/gb/y1/gronant/;Gronant;gronant
http://www.meetup.com/cities/gb/y1/gwaenysgor/;Gwaenysgor;gwaenysgor
http://www.meetup.com/cities/gb/y1/gwernaffield/;Gwernaffield;gwernaffield
http://www.meetup.com/cities/gb/y1/halkyn/;Halkyn;halkyn
http://www.meetup.com/cities/gb/y1/holway/;Holway;holway
http://www.meetup.com/cities/gb/y1/leeswood/;Leeswood;leeswood
http://www.meetup.com/cities/gb/y1/llanerch-y-mor/;Llanerch-Y-Mor;llanerch-y-mor
http://www.meetup.com/cities/gb/y1/lloc/;Lloc;lloc
http://www.meetup.com/cities/gb/y1/llong/;Llong;llong
http://www.meetup.com/cities/gb/y1/lower_kinnerton/;Lower Kinnerton;lower_kinnerton
http://www.meetup.com/cities/gb/y1/mancot/;Mancot;mancot
http://www.meetup.com/cities/gb/y1/milwr/;Milwr;milwr
http://www.meetup.com/cities/gb/y1/mold/;Mold;mold
http://www.meetup.com/cities/gb/y1/mostyn/;Mostyn;mostyn
http://www.meetup.com/cities/gb/y1/nercwys/;Nercwys;nercwys
http://www.meetup.com/cities/gb/y1/padeswood/;Padeswood;padeswood
http://www.meetup.com/cities/gb/y1/pentre/;Pentre;pentre
http://www.meetup.com/cities/gb/y1/pentre_halkyn/;Pentre Halkyn;pentre_halkyn
http://www.meetup.com/cities/gb/y1/pontybodkin/;Pontybodkin;pontybodkin
http://www.meetup.com/cities/gb/y1/prestatyn/;Prestatyn;prestatyn
http://www.meetup.com/cities/gb/y1/rhes-y-cae/;Rhes-Y-Cae;rhes-y-cae
http://www.meetup.com/cities/gb/y1/rhewl/;Rhewl;rhewl
http://www.meetup.com/cities/gb/y1/rhosesmor/;Rhosesmor;rhosesmor
http://www.meetup.com/cities/gb/y1/saltney/;Saltney;saltney
http://www.meetup.com/cities/gb/y1/saltney_ferry/;Saltney Ferry;saltney_ferry
http://www.meetup.com/cities/gb/y1/saughall/;Saughall;saughall
http://www.meetup.com/cities/gb/y1/sealand/;Sealand;sealand
http://www.meetup.com/cities/gb/y1/shotton/;Shotton;shotton
http://www.meetup.com/cities/gb/y1/talacre/;Talacre;talacre
http://www.meetup.com/cities/gb/y1/tanlan/;Tanlan;tanlan
http://www.meetup.com/cities/gb/y1/treuddyn/;Treuddyn;treuddyn
http://www.meetup.com/cities/gb/y1/ysceifiog/;Ysceifiog;ysceifiog
http://www.meetup.com/cities/gb/y1/afonwen/;Afonwen;afonwen
http://www.meetup.com/cities/gb/y1/alltami/;Alltami;alltami
http://www.meetup.com/cities/gb/y1/aston/;Aston;aston
http://www.meetup.com/cities/gb/y1/axton/;Axton;axton
http://www.meetup.com/cities/gb/y1/babell/;Babell;babell
http://www.meetup.com/cities/gb/y1/bagillt/;Bagillt;bagillt
http://www.meetup.com/cities/gb/y1/broughton/;Broughton;broughton
http://www.meetup.com/cities/gb/y1/buckley/;Buckley;buckley
http://www.meetup.com/cities/gb/y1/cadole/;Cadole;cadole
http://www.meetup.com/cities/gb/y1/chester/;Chester;chester
http://www.meetup.com/cities/gb/y1/chester_west_employment_park/;Chester West Employment Park;chester_west_employment_park
http://www.meetup.com/cities/gb/y1/cilcain/;Cilcain;cilcain
http://www.meetup.com/cities/gb/y1/connah%27s_quay/;Connah's Quay;connah%27s_quay
http://www.meetup.com/cities/gb/y1/deeside/;Deeside;deeside
http://www.meetup.com/cities/gb/y1/deeside_industrial_park/;Deeside Industrial Park;deeside_industrial_park
http://www.meetup.com/cities/gb/y1/dobshill/;Dobshill;dobshill
http://www.meetup.com/cities/gb/y1/drury/;Drury;drury
http://www.meetup.com/cities/gb/y1/ffynnongroyw/;Ffynnongroyw;ffynnongroyw
http://www.meetup.com/cities/gb/y1/gronant/;Gronant;gronant
http://www.meetup.com/cities/gb/y1/gwaenysgor/;Gwaenysgor;gwaenysgor
http://www.meetup.com/cities/gb/y1/gwernaffield/;Gwernaffield;gwernaffield
http://www.meetup.com/cities/gb/y1/halkyn/;Halkyn;halkyn
http://www.meetup.com/cities/gb/y1/holway/;Holway;holway
http://www.meetup.com/cities/gb/y1/leeswood/;Leeswood;leeswood
http://www.meetup.com/cities/gb/y1/llanerch-y-mor/;Llanerch-Y-Mor;llanerch-y-mor
http://www.meetup.com/cities/gb/y1/lloc/;Lloc;lloc
http://www.meetup.com/cities/gb/y1/llong/;Llong;llong
http://www.meetup.com/cities/gb/y1/lower_kinnerton/;Lower Kinnerton;lower_kinnerton
http://www.meetup.com/cities/gb/y1/mancot/;Mancot;mancot
http://www.meetup.com/cities/gb/y1/milwr/;Milwr;milwr
http://www.meetup.com/cities/gb/y1/mold/;Mold;mold
http://www.meetup.com/cities/gb/y1/mostyn/;Mostyn;mostyn
http://www.meetup.com/cities/gb/y1/nercwys/;Nercwys;nercwys
http://www.meetup.com/cities/gb/y1/padeswood/;Padeswood;padeswood
http://www.meetup.com/cities/gb/y1/pentre/;Pentre;pentre
http://www.meetup.com/cities/gb/y1/pentre_halkyn/;Pentre Halkyn;pentre_halkyn
http://www.meetup.com/cities/gb/y1/pontybodkin/;Pontybodkin;pontybodkin
http://www.meetup.com/cities/gb/y1/prestatyn/;Prestatyn;prestatyn
http://www.meetup.com/cities/gb/y1/rhes-y-cae/;Rhes-Y-Cae;rhes-y-cae
http://www.meetup.com/cities/gb/y1/rhewl/;Rhewl;rhewl
http://www.meetup.com/cities/gb/y1/rhosesmor/;Rhosesmor;rhosesmor
http://www.meetup.com/cities/gb/y1/saltney/;Saltney;saltney
http://www.meetup.com/cities/gb/y1/saltney_ferry/;Saltney Ferry;saltney_ferry
http://www.meetup.com/cities/gb/y1/saughall/;Saughall;saughall
http://www.meetup.com/cities/gb/y1/sealand/;Sealand;sealand
http://www.meetup.com/cities/gb/y1/shotton/;Shotton;shotton
http://www.meetup.com/cities/gb/y1/talacre/;Talacre;talacre
http://www.meetup.com/cities/gb/y1/tanlan/;Tanlan;tanlan
http://www.meetup.com/cities/gb/y1/treuddyn/;Treuddyn;treuddyn
http://www.meetup.com/cities/gb/y1/ysceifiog/;Ysceifiog;ysceifiog
