http://www.meetup.com/cities/us/id/aberdeen/;Aberdeen;aberdeen
http://www.meetup.com/cities/us/id/ahsahka/;Ahsahka;ahsahka
http://www.meetup.com/cities/us/id/albion/;Albion;albion
http://www.meetup.com/cities/us/id/almo/;Almo;almo
http://www.meetup.com/cities/us/id/american_falls/;American Falls;american_falls
http://www.meetup.com/cities/us/id/arbon/;Arbon;arbon
http://www.meetup.com/cities/us/id/arco/;Arco;arco
http://www.meetup.com/cities/us/id/arimo/;Arimo;arimo
http://www.meetup.com/cities/us/id/ashton/;Ashton;ashton
http://www.meetup.com/cities/us/id/athol/;Athol;athol
http://www.meetup.com/cities/us/id/atlanta/;Atlanta;atlanta
http://www.meetup.com/cities/us/id/atomic_city/;Atomic City;atomic_city
http://www.meetup.com/cities/us/id/avery/;Avery;avery
http://www.meetup.com/cities/us/id/bancroft/;Bancroft;bancroft
http://www.meetup.com/cities/us/id/banks/;Banks;banks
http://www.meetup.com/cities/us/id/basalt/;Basalt;basalt
http://www.meetup.com/cities/us/id/bayview/;Bayview;bayview
http://www.meetup.com/cities/us/id/bellevue/;Bellevue;bellevue
http://www.meetup.com/cities/us/id/bern/;Bern;bern
http://www.meetup.com/cities/us/id/blackfoot/;Blackfoot;blackfoot
http://www.meetup.com/cities/us/id/blanchard/;Blanchard;blanchard
http://www.meetup.com/cities/us/id/bliss/;Bliss;bliss
http://www.meetup.com/cities/us/id/bloomington/;Bloomington;bloomington
http://www.meetup.com/cities/us/id/boise/;Boise;boise
http://www.meetup.com/cities/us/id/bonners_ferry/;Bonners Ferry;bonners_ferry
http://www.meetup.com/cities/us/id/bovill/;Bovill;bovill
http://www.meetup.com/cities/us/id/bruneau/;Bruneau;bruneau
http://www.meetup.com/cities/us/id/buhl/;Buhl;buhl
http://www.meetup.com/cities/us/id/burley/;Burley;burley
http://www.meetup.com/cities/us/id/calder/;Calder;calder
http://www.meetup.com/cities/us/id/caldwell/;Caldwell;caldwell
http://www.meetup.com/cities/us/id/cambridge/;Cambridge;cambridge
http://www.meetup.com/cities/us/id/carey/;Carey;carey
http://www.meetup.com/cities/us/id/careywood/;Careywood;careywood
http://www.meetup.com/cities/us/id/carmen/;Carmen;carmen
http://www.meetup.com/cities/us/id/cascade/;Cascade;cascade
http://www.meetup.com/cities/us/id/castleford/;Castleford;castleford
http://www.meetup.com/cities/us/id/cataldo/;Cataldo;cataldo
http://www.meetup.com/cities/us/id/challis/;Challis;challis
http://www.meetup.com/cities/us/id/chester/;Chester;chester
http://www.meetup.com/cities/us/id/clark_fork/;Clark Fork;clark_fork
http://www.meetup.com/cities/us/id/clarkia/;Clarkia;clarkia
http://www.meetup.com/cities/us/id/clayton/;Clayton;clayton
http://www.meetup.com/cities/us/id/clifton/;Clifton;clifton
http://www.meetup.com/cities/us/id/cobalt/;Cobalt;cobalt
http://www.meetup.com/cities/us/id/cocolalla/;Cocolalla;cocolalla
http://www.meetup.com/cities/us/id/coeur_d_alene/;Coeur D Alene;coeur_d_alene
http://www.meetup.com/cities/us/id/colburn/;Colburn;colburn
http://www.meetup.com/cities/us/id/conda/;Conda;conda
http://www.meetup.com/cities/us/id/coolin/;Coolin;coolin
http://www.meetup.com/cities/us/id/corral/;Corral;corral
http://www.meetup.com/cities/us/id/cottonwood/;Cottonwood;cottonwood
http://www.meetup.com/cities/us/id/council/;Council;council
http://www.meetup.com/cities/us/id/craigmont/;Craigmont;craigmont
http://www.meetup.com/cities/us/id/culdesac/;Culdesac;culdesac
http://www.meetup.com/cities/us/id/dayton/;Dayton;dayton
http://www.meetup.com/cities/us/id/deary/;Deary;deary
http://www.meetup.com/cities/us/id/declo/;Declo;declo
http://www.meetup.com/cities/us/id/desmet/;Desmet;desmet
http://www.meetup.com/cities/us/id/dietrich/;Dietrich;dietrich
http://www.meetup.com/cities/us/id/dingle/;Dingle;dingle
http://www.meetup.com/cities/us/id/donnelly/;Donnelly;donnelly
http://www.meetup.com/cities/us/id/dover/;Dover;dover
http://www.meetup.com/cities/us/id/downey/;Downey;downey
http://www.meetup.com/cities/us/id/driggs/;Driggs;driggs
http://www.meetup.com/cities/us/id/dubois/;Dubois;dubois
http://www.meetup.com/cities/us/id/eagle/;Eagle;eagle
http://www.meetup.com/cities/us/id/eastport/;Eastport;eastport
http://www.meetup.com/cities/us/id/eden/;Eden;eden
http://www.meetup.com/cities/us/id/elk_city/;Elk City;elk_city
http://www.meetup.com/cities/us/id/elk_river/;Elk River;elk_river
http://www.meetup.com/cities/us/id/ellis/;Ellis;ellis
http://www.meetup.com/cities/us/id/emmett/;Emmett;emmett
http://www.meetup.com/cities/us/id/fairfield/;Fairfield;fairfield
http://www.meetup.com/cities/us/id/felt/;Felt;felt
http://www.meetup.com/cities/us/id/fenn/;Fenn;fenn
http://www.meetup.com/cities/us/id/ferdinand/;Ferdinand;ferdinand
http://www.meetup.com/cities/us/id/fernwood/;Fernwood;fernwood
http://www.meetup.com/cities/us/id/filer/;Filer;filer
http://www.meetup.com/cities/us/id/firth/;Firth;firth
http://www.meetup.com/cities/us/id/fish_haven/;Fish Haven;fish_haven
http://www.meetup.com/cities/us/id/fort_hall/;Fort Hall;fort_hall
http://www.meetup.com/cities/us/id/franklin/;Franklin;franklin
http://www.meetup.com/cities/us/id/fruitland/;Fruitland;fruitland
http://www.meetup.com/cities/us/id/garden_city/;Garden City;garden_city
http://www.meetup.com/cities/us/id/garden_valley/;Garden Valley;garden_valley
http://www.meetup.com/cities/us/id/genesee/;Genesee;genesee
http://www.meetup.com/cities/us/id/geneva/;Geneva;geneva
http://www.meetup.com/cities/us/id/georgetown/;Georgetown;georgetown
http://www.meetup.com/cities/us/id/gibbonsville/;Gibbonsville;gibbonsville
http://www.meetup.com/cities/us/id/glenns_ferry/;Glenns Ferry;glenns_ferry
http://www.meetup.com/cities/us/id/gooding/;Gooding;gooding
http://www.meetup.com/cities/us/id/grace/;Grace;grace
http://www.meetup.com/cities/us/id/grand_view/;Grand View;grand_view
http://www.meetup.com/cities/us/id/grangeville/;Grangeville;grangeville
http://www.meetup.com/cities/us/id/greencreek/;Greencreek;greencreek
http://www.meetup.com/cities/us/id/greenleaf/;Greenleaf;greenleaf
http://www.meetup.com/cities/us/id/hagerman/;Hagerman;hagerman
http://www.meetup.com/cities/us/id/hailey/;Hailey;hailey
http://www.meetup.com/cities/us/id/hamer/;Hamer;hamer
http://www.meetup.com/cities/us/id/hammett/;Hammett;hammett
http://www.meetup.com/cities/us/id/hansen/;Hansen;hansen
http://www.meetup.com/cities/us/id/harrison/;Harrison;harrison
http://www.meetup.com/cities/us/id/harvard/;Harvard;harvard
http://www.meetup.com/cities/us/id/hayden/;Hayden;hayden
http://www.meetup.com/cities/us/id/hazelton/;Hazelton;hazelton
http://www.meetup.com/cities/us/id/heyburn/;Heyburn;heyburn
http://www.meetup.com/cities/us/id/hill_city/;Hill City;hill_city
http://www.meetup.com/cities/us/id/holbrook/;Holbrook;holbrook
http://www.meetup.com/cities/us/id/homedale/;Homedale;homedale
http://www.meetup.com/cities/us/id/hope/;Hope;hope
http://www.meetup.com/cities/us/id/horseshoe_bend/;Horseshoe Bend;horseshoe_bend
http://www.meetup.com/cities/us/id/howe/;Howe;howe
http://www.meetup.com/cities/us/id/huston/;Huston;huston
http://www.meetup.com/cities/us/id/idaho_city/;Idaho City;idaho_city
http://www.meetup.com/cities/us/id/idaho_falls/;Idaho Falls;idaho_falls
http://www.meetup.com/cities/us/id/indian_valley/;Indian Valley;indian_valley
http://www.meetup.com/cities/us/id/inkom/;Inkom;inkom
http://www.meetup.com/cities/us/id/iona/;Iona;iona
http://www.meetup.com/cities/us/id/irwin/;Irwin;irwin
http://www.meetup.com/cities/us/id/island_park/;Island Park;island_park
http://www.meetup.com/cities/us/id/jerome/;Jerome;jerome
http://www.meetup.com/cities/us/id/juliaetta/;Juliaetta;juliaetta
http://www.meetup.com/cities/us/id/kamiah/;Kamiah;kamiah
http://www.meetup.com/cities/us/id/kellogg/;Kellogg;kellogg
http://www.meetup.com/cities/us/id/kendrick/;Kendrick;kendrick
http://www.meetup.com/cities/us/id/ketchum/;Ketchum;ketchum
http://www.meetup.com/cities/us/id/kimberly/;Kimberly;kimberly
http://www.meetup.com/cities/us/id/king_hill/;King Hill;king_hill
http://www.meetup.com/cities/us/id/kingston/;Kingston;kingston
http://www.meetup.com/cities/us/id/kooskia/;Kooskia;kooskia
http://www.meetup.com/cities/us/id/kootenai/;Kootenai;kootenai
http://www.meetup.com/cities/us/id/kuna/;Kuna;kuna
http://www.meetup.com/cities/us/id/laclede/;Laclede;laclede
http://www.meetup.com/cities/us/id/lake_fork/;Lake Fork;lake_fork
http://www.meetup.com/cities/us/id/lapwai/;Lapwai;lapwai
http://www.meetup.com/cities/us/id/lava_hot_springs/;Lava Hot Springs;lava_hot_springs
http://www.meetup.com/cities/us/id/leadore/;Leadore;leadore
http://www.meetup.com/cities/us/id/lemhi/;Lemhi;lemhi
http://www.meetup.com/cities/us/id/lenore/;Lenore;lenore
http://www.meetup.com/cities/us/id/letha/;Letha;letha
http://www.meetup.com/cities/us/id/lewiston/;Lewiston;lewiston
http://www.meetup.com/cities/us/id/lewisville/;Lewisville;lewisville
http://www.meetup.com/cities/us/id/lowman/;Lowman;lowman
http://www.meetup.com/cities/us/id/lucile/;Lucile;lucile
http://www.meetup.com/cities/us/id/mackay/;Mackay;mackay
http://www.meetup.com/cities/us/id/macks_inn/;Macks Inn;macks_inn
http://www.meetup.com/cities/us/id/malad_city/;Malad City;malad_city
http://www.meetup.com/cities/us/id/malta/;Malta;malta
http://www.meetup.com/cities/us/id/marsing/;Marsing;marsing
http://www.meetup.com/cities/us/id/may/;May;may
http://www.meetup.com/cities/us/id/mccall/;McCall;mccall
http://www.meetup.com/cities/us/id/mccammon/;McCammon;mccammon
http://www.meetup.com/cities/us/id/medimont/;Medimont;medimont
http://www.meetup.com/cities/us/id/melba/;Melba;melba
http://www.meetup.com/cities/us/id/menan/;Menan;menan
http://www.meetup.com/cities/us/id/meridian/;Meridian;meridian
http://www.meetup.com/cities/us/id/mesa/;Mesa;mesa
http://www.meetup.com/cities/us/id/middleton/;Middleton;middleton
http://www.meetup.com/cities/us/id/midvale/;Midvale;midvale
http://www.meetup.com/cities/us/id/minidoka/;Minidoka;minidoka
http://www.meetup.com/cities/us/id/monteview/;Monteview;monteview
http://www.meetup.com/cities/us/id/montpelier/;Montpelier;montpelier
http://www.meetup.com/cities/us/id/moore/;Moore;moore
http://www.meetup.com/cities/us/id/moreland/;Moreland;moreland
http://www.meetup.com/cities/us/id/moscow/;Moscow;moscow
http://www.meetup.com/cities/us/id/mountain_home/;Mountain Home;mountain_home
http://www.meetup.com/cities/us/id/mountain_home_a_f_b/;Mountain Home A F B;mountain_home_a_f_b
http://www.meetup.com/cities/us/id/moyie_springs/;Moyie Springs;moyie_springs
http://www.meetup.com/cities/us/id/mullan/;Mullan;mullan
http://www.meetup.com/cities/us/id/murphy/;Murphy;murphy
http://www.meetup.com/cities/us/id/murray/;Murray;murray
http://www.meetup.com/cities/us/id/murtaugh/;Murtaugh;murtaugh
http://www.meetup.com/cities/us/id/nampa/;Nampa;nampa
http://www.meetup.com/cities/us/id/naples/;Naples;naples
http://www.meetup.com/cities/us/id/newdale/;Newdale;newdale
http://www.meetup.com/cities/us/id/new_meadows/;New Meadows;new_meadows
http://www.meetup.com/cities/us/id/new_plymouth/;New Plymouth;new_plymouth
http://www.meetup.com/cities/us/id/nezperce/;Nezperce;nezperce
http://www.meetup.com/cities/us/id/nordman/;Nordman;nordman
http://www.meetup.com/cities/us/id/north_fork/;North Fork;north_fork
http://www.meetup.com/cities/us/id/notus/;Notus;notus
http://www.meetup.com/cities/us/id/oakley/;Oakley;oakley
http://www.meetup.com/cities/us/id/ola/;Ola;ola
http://www.meetup.com/cities/us/id/oldtown/;Oldtown;oldtown
http://www.meetup.com/cities/us/id/orofino/;Orofino;orofino
http://www.meetup.com/cities/us/id/osburn/;Osburn;osburn
http://www.meetup.com/cities/us/id/paris/;Paris;paris
http://www.meetup.com/cities/us/id/parker/;Parker;parker
http://www.meetup.com/cities/us/id/parma/;Parma;parma
http://www.meetup.com/cities/us/id/paul/;Paul;paul
http://www.meetup.com/cities/us/id/payette/;Payette;payette
http://www.meetup.com/cities/us/id/peck/;Peck;peck
http://www.meetup.com/cities/us/id/picabo/;Picabo;picabo
http://www.meetup.com/cities/us/id/pierce/;Pierce;pierce
http://www.meetup.com/cities/us/id/pinehurst/;Pinehurst;pinehurst
http://www.meetup.com/cities/us/id/pingree/;Pingree;pingree
http://www.meetup.com/cities/us/id/placerville/;Placerville;placerville
http://www.meetup.com/cities/us/id/plummer/;Plummer;plummer
http://www.meetup.com/cities/us/id/pocatello/;Pocatello;pocatello
http://www.meetup.com/cities/us/id/pollock/;Pollock;pollock
http://www.meetup.com/cities/us/id/ponderay/;Ponderay;ponderay
http://www.meetup.com/cities/us/id/porthill/;Porthill;porthill
http://www.meetup.com/cities/us/id/post_falls/;Post Falls;post_falls
http://www.meetup.com/cities/us/id/potlatch/;Potlatch;potlatch
http://www.meetup.com/cities/us/id/preston/;Preston;preston
http://www.meetup.com/cities/us/id/priest_river/;Priest River;priest_river
http://www.meetup.com/cities/us/id/princeton/;Princeton;princeton
http://www.meetup.com/cities/us/id/rathdrum/;Rathdrum;rathdrum
http://www.meetup.com/cities/us/id/reubens/;Reubens;reubens
http://www.meetup.com/cities/us/id/rexburg/;Rexburg;rexburg
http://www.meetup.com/cities/us/id/richfield/;Richfield;richfield
http://www.meetup.com/cities/us/id/rigby/;Rigby;rigby
http://www.meetup.com/cities/us/id/riggins/;Riggins;riggins
http://www.meetup.com/cities/us/id/ririe/;Ririe;ririe
http://www.meetup.com/cities/us/id/roberts/;Roberts;roberts
http://www.meetup.com/cities/us/id/rockland/;Rockland;rockland
http://www.meetup.com/cities/us/id/rogerson/;Rogerson;rogerson
http://www.meetup.com/cities/us/id/rupert/;Rupert;rupert
http://www.meetup.com/cities/us/id/sagle/;Sagle;sagle
http://www.meetup.com/cities/us/id/saint_anthony/;Saint Anthony;saint_anthony
http://www.meetup.com/cities/us/id/saint_charles/;Saint Charles;saint_charles
http://www.meetup.com/cities/us/id/saint_maries/;Saint Maries;saint_maries
http://www.meetup.com/cities/us/id/salmon/;Salmon;salmon
http://www.meetup.com/cities/us/id/sandpoint/;Sandpoint;sandpoint
http://www.meetup.com/cities/us/id/santa/;Santa;santa
http://www.meetup.com/cities/us/id/shelley/;Shelley;shelley
http://www.meetup.com/cities/us/id/shoshone/;Shoshone;shoshone
http://www.meetup.com/cities/us/id/shoup/;Shoup;shoup
http://www.meetup.com/cities/us/id/silverton/;Silverton;silverton
http://www.meetup.com/cities/us/id/smelterville/;Smelterville;smelterville
http://www.meetup.com/cities/us/id/soda_springs/;Soda Springs;soda_springs
http://www.meetup.com/cities/us/id/spencer/;Spencer;spencer
http://www.meetup.com/cities/us/id/spirit_lake/;Spirit Lake;spirit_lake
http://www.meetup.com/cities/us/id/springfield/;Springfield;springfield
http://www.meetup.com/cities/us/id/stanley/;Stanley;stanley
http://www.meetup.com/cities/us/id/star/;Star;star
http://www.meetup.com/cities/us/id/stites/;Stites;stites
http://www.meetup.com/cities/us/id/sugar_city/;Sugar City;sugar_city
http://www.meetup.com/cities/us/id/sun_valley/;Sun Valley;sun_valley
http://www.meetup.com/cities/us/id/swanlake/;Swanlake;swanlake
http://www.meetup.com/cities/us/id/swan_valley/;Swan Valley;swan_valley
http://www.meetup.com/cities/us/id/sweet/;Sweet;sweet
http://www.meetup.com/cities/us/id/tendoy/;Tendoy;tendoy
http://www.meetup.com/cities/us/id/tensed/;Tensed;tensed
http://www.meetup.com/cities/us/id/terreton/;Terreton;terreton
http://www.meetup.com/cities/us/id/teton/;Teton;teton
http://www.meetup.com/cities/us/id/tetonia/;Tetonia;tetonia
http://www.meetup.com/cities/us/id/thatcher/;Thatcher;thatcher
http://www.meetup.com/cities/us/id/troy/;Troy;troy
http://www.meetup.com/cities/us/id/twin_falls/;Twin Falls;twin_falls
http://www.meetup.com/cities/us/id/ucon/;Ucon;ucon
http://www.meetup.com/cities/us/id/victor/;Victor;victor
http://www.meetup.com/cities/us/id/viola/;Viola;viola
http://www.meetup.com/cities/us/id/wallace/;Wallace;wallace
http://www.meetup.com/cities/us/id/warren/;Warren;warren
http://www.meetup.com/cities/us/id/wayan/;Wayan;wayan
http://www.meetup.com/cities/us/id/weippe/;Weippe;weippe
http://www.meetup.com/cities/us/id/weiser/;Weiser;weiser
http://www.meetup.com/cities/us/id/wendell/;Wendell;wendell
http://www.meetup.com/cities/us/id/weston/;Weston;weston
http://www.meetup.com/cities/us/id/white_bird/;White Bird;white_bird
http://www.meetup.com/cities/us/id/wilder/;Wilder;wilder
http://www.meetup.com/cities/us/id/winchester/;Winchester;winchester
http://www.meetup.com/cities/us/id/worley/;Worley;worley
http://www.meetup.com/cities/us/id/yellow_pine/;Yellow Pine;yellow_pine
http://www.meetup.com/cities/us/id/aberdeen/;Aberdeen;aberdeen
http://www.meetup.com/cities/us/id/ahsahka/;Ahsahka;ahsahka
http://www.meetup.com/cities/us/id/albion/;Albion;albion
http://www.meetup.com/cities/us/id/almo/;Almo;almo
http://www.meetup.com/cities/us/id/american_falls/;American Falls;american_falls
http://www.meetup.com/cities/us/id/arbon/;Arbon;arbon
http://www.meetup.com/cities/us/id/arco/;Arco;arco
http://www.meetup.com/cities/us/id/arimo/;Arimo;arimo
http://www.meetup.com/cities/us/id/ashton/;Ashton;ashton
http://www.meetup.com/cities/us/id/athol/;Athol;athol
http://www.meetup.com/cities/us/id/atlanta/;Atlanta;atlanta
http://www.meetup.com/cities/us/id/atomic_city/;Atomic City;atomic_city
http://www.meetup.com/cities/us/id/avery/;Avery;avery
http://www.meetup.com/cities/us/id/bancroft/;Bancroft;bancroft
http://www.meetup.com/cities/us/id/banks/;Banks;banks
http://www.meetup.com/cities/us/id/basalt/;Basalt;basalt
http://www.meetup.com/cities/us/id/bayview/;Bayview;bayview
http://www.meetup.com/cities/us/id/bellevue/;Bellevue;bellevue
http://www.meetup.com/cities/us/id/bern/;Bern;bern
http://www.meetup.com/cities/us/id/blackfoot/;Blackfoot;blackfoot
http://www.meetup.com/cities/us/id/blanchard/;Blanchard;blanchard
http://www.meetup.com/cities/us/id/bliss/;Bliss;bliss
http://www.meetup.com/cities/us/id/bloomington/;Bloomington;bloomington
http://www.meetup.com/cities/us/id/boise/;Boise;boise
http://www.meetup.com/cities/us/id/bonners_ferry/;Bonners Ferry;bonners_ferry
http://www.meetup.com/cities/us/id/bovill/;Bovill;bovill
http://www.meetup.com/cities/us/id/bruneau/;Bruneau;bruneau
http://www.meetup.com/cities/us/id/buhl/;Buhl;buhl
http://www.meetup.com/cities/us/id/burley/;Burley;burley
http://www.meetup.com/cities/us/id/calder/;Calder;calder
http://www.meetup.com/cities/us/id/caldwell/;Caldwell;caldwell
http://www.meetup.com/cities/us/id/cambridge/;Cambridge;cambridge
http://www.meetup.com/cities/us/id/carey/;Carey;carey
http://www.meetup.com/cities/us/id/careywood/;Careywood;careywood
http://www.meetup.com/cities/us/id/carmen/;Carmen;carmen
http://www.meetup.com/cities/us/id/cascade/;Cascade;cascade
http://www.meetup.com/cities/us/id/castleford/;Castleford;castleford
http://www.meetup.com/cities/us/id/cataldo/;Cataldo;cataldo
http://www.meetup.com/cities/us/id/challis/;Challis;challis
http://www.meetup.com/cities/us/id/chester/;Chester;chester
http://www.meetup.com/cities/us/id/clark_fork/;Clark Fork;clark_fork
http://www.meetup.com/cities/us/id/clarkia/;Clarkia;clarkia
http://www.meetup.com/cities/us/id/clayton/;Clayton;clayton
http://www.meetup.com/cities/us/id/clifton/;Clifton;clifton
http://www.meetup.com/cities/us/id/cobalt/;Cobalt;cobalt
http://www.meetup.com/cities/us/id/cocolalla/;Cocolalla;cocolalla
http://www.meetup.com/cities/us/id/coeur_d_alene/;Coeur D Alene;coeur_d_alene
http://www.meetup.com/cities/us/id/colburn/;Colburn;colburn
http://www.meetup.com/cities/us/id/conda/;Conda;conda
http://www.meetup.com/cities/us/id/coolin/;Coolin;coolin
http://www.meetup.com/cities/us/id/corral/;Corral;corral
http://www.meetup.com/cities/us/id/cottonwood/;Cottonwood;cottonwood
http://www.meetup.com/cities/us/id/council/;Council;council
http://www.meetup.com/cities/us/id/craigmont/;Craigmont;craigmont
http://www.meetup.com/cities/us/id/culdesac/;Culdesac;culdesac
http://www.meetup.com/cities/us/id/dayton/;Dayton;dayton
http://www.meetup.com/cities/us/id/deary/;Deary;deary
http://www.meetup.com/cities/us/id/declo/;Declo;declo
http://www.meetup.com/cities/us/id/desmet/;Desmet;desmet
http://www.meetup.com/cities/us/id/dietrich/;Dietrich;dietrich
http://www.meetup.com/cities/us/id/dingle/;Dingle;dingle
http://www.meetup.com/cities/us/id/donnelly/;Donnelly;donnelly
http://www.meetup.com/cities/us/id/dover/;Dover;dover
http://www.meetup.com/cities/us/id/downey/;Downey;downey
http://www.meetup.com/cities/us/id/driggs/;Driggs;driggs
http://www.meetup.com/cities/us/id/dubois/;Dubois;dubois
http://www.meetup.com/cities/us/id/eagle/;Eagle;eagle
http://www.meetup.com/cities/us/id/eastport/;Eastport;eastport
http://www.meetup.com/cities/us/id/eden/;Eden;eden
http://www.meetup.com/cities/us/id/elk_city/;Elk City;elk_city
http://www.meetup.com/cities/us/id/elk_river/;Elk River;elk_river
http://www.meetup.com/cities/us/id/ellis/;Ellis;ellis
http://www.meetup.com/cities/us/id/emmett/;Emmett;emmett
http://www.meetup.com/cities/us/id/fairfield/;Fairfield;fairfield
http://www.meetup.com/cities/us/id/felt/;Felt;felt
http://www.meetup.com/cities/us/id/fenn/;Fenn;fenn
http://www.meetup.com/cities/us/id/ferdinand/;Ferdinand;ferdinand
http://www.meetup.com/cities/us/id/fernwood/;Fernwood;fernwood
http://www.meetup.com/cities/us/id/filer/;Filer;filer
http://www.meetup.com/cities/us/id/firth/;Firth;firth
http://www.meetup.com/cities/us/id/fish_haven/;Fish Haven;fish_haven
http://www.meetup.com/cities/us/id/fort_hall/;Fort Hall;fort_hall
http://www.meetup.com/cities/us/id/franklin/;Franklin;franklin
http://www.meetup.com/cities/us/id/fruitland/;Fruitland;fruitland
http://www.meetup.com/cities/us/id/garden_city/;Garden City;garden_city
http://www.meetup.com/cities/us/id/garden_valley/;Garden Valley;garden_valley
http://www.meetup.com/cities/us/id/genesee/;Genesee;genesee
http://www.meetup.com/cities/us/id/geneva/;Geneva;geneva
http://www.meetup.com/cities/us/id/georgetown/;Georgetown;georgetown
http://www.meetup.com/cities/us/id/gibbonsville/;Gibbonsville;gibbonsville
http://www.meetup.com/cities/us/id/glenns_ferry/;Glenns Ferry;glenns_ferry
http://www.meetup.com/cities/us/id/gooding/;Gooding;gooding
http://www.meetup.com/cities/us/id/grace/;Grace;grace
http://www.meetup.com/cities/us/id/grand_view/;Grand View;grand_view
http://www.meetup.com/cities/us/id/grangeville/;Grangeville;grangeville
http://www.meetup.com/cities/us/id/greencreek/;Greencreek;greencreek
http://www.meetup.com/cities/us/id/greenleaf/;Greenleaf;greenleaf
http://www.meetup.com/cities/us/id/hagerman/;Hagerman;hagerman
http://www.meetup.com/cities/us/id/hailey/;Hailey;hailey
http://www.meetup.com/cities/us/id/hamer/;Hamer;hamer
http://www.meetup.com/cities/us/id/hammett/;Hammett;hammett
http://www.meetup.com/cities/us/id/hansen/;Hansen;hansen
http://www.meetup.com/cities/us/id/harrison/;Harrison;harrison
http://www.meetup.com/cities/us/id/harvard/;Harvard;harvard
http://www.meetup.com/cities/us/id/hayden/;Hayden;hayden
http://www.meetup.com/cities/us/id/hazelton/;Hazelton;hazelton
http://www.meetup.com/cities/us/id/heyburn/;Heyburn;heyburn
http://www.meetup.com/cities/us/id/hill_city/;Hill City;hill_city
http://www.meetup.com/cities/us/id/holbrook/;Holbrook;holbrook
http://www.meetup.com/cities/us/id/homedale/;Homedale;homedale
http://www.meetup.com/cities/us/id/hope/;Hope;hope
http://www.meetup.com/cities/us/id/horseshoe_bend/;Horseshoe Bend;horseshoe_bend
http://www.meetup.com/cities/us/id/howe/;Howe;howe
http://www.meetup.com/cities/us/id/huston/;Huston;huston
http://www.meetup.com/cities/us/id/idaho_city/;Idaho City;idaho_city
http://www.meetup.com/cities/us/id/idaho_falls/;Idaho Falls;idaho_falls
http://www.meetup.com/cities/us/id/indian_valley/;Indian Valley;indian_valley
http://www.meetup.com/cities/us/id/inkom/;Inkom;inkom
http://www.meetup.com/cities/us/id/iona/;Iona;iona
http://www.meetup.com/cities/us/id/irwin/;Irwin;irwin
http://www.meetup.com/cities/us/id/island_park/;Island Park;island_park
http://www.meetup.com/cities/us/id/jerome/;Jerome;jerome
http://www.meetup.com/cities/us/id/juliaetta/;Juliaetta;juliaetta
http://www.meetup.com/cities/us/id/kamiah/;Kamiah;kamiah
http://www.meetup.com/cities/us/id/kellogg/;Kellogg;kellogg
http://www.meetup.com/cities/us/id/kendrick/;Kendrick;kendrick
http://www.meetup.com/cities/us/id/ketchum/;Ketchum;ketchum
http://www.meetup.com/cities/us/id/kimberly/;Kimberly;kimberly
http://www.meetup.com/cities/us/id/king_hill/;King Hill;king_hill
http://www.meetup.com/cities/us/id/kingston/;Kingston;kingston
http://www.meetup.com/cities/us/id/kooskia/;Kooskia;kooskia
http://www.meetup.com/cities/us/id/kootenai/;Kootenai;kootenai
http://www.meetup.com/cities/us/id/kuna/;Kuna;kuna
http://www.meetup.com/cities/us/id/laclede/;Laclede;laclede
http://www.meetup.com/cities/us/id/lake_fork/;Lake Fork;lake_fork
http://www.meetup.com/cities/us/id/lapwai/;Lapwai;lapwai
http://www.meetup.com/cities/us/id/lava_hot_springs/;Lava Hot Springs;lava_hot_springs
http://www.meetup.com/cities/us/id/leadore/;Leadore;leadore
http://www.meetup.com/cities/us/id/lemhi/;Lemhi;lemhi
http://www.meetup.com/cities/us/id/lenore/;Lenore;lenore
http://www.meetup.com/cities/us/id/letha/;Letha;letha
http://www.meetup.com/cities/us/id/lewiston/;Lewiston;lewiston
http://www.meetup.com/cities/us/id/lewisville/;Lewisville;lewisville
http://www.meetup.com/cities/us/id/lowman/;Lowman;lowman
http://www.meetup.com/cities/us/id/lucile/;Lucile;lucile
http://www.meetup.com/cities/us/id/mackay/;Mackay;mackay
http://www.meetup.com/cities/us/id/macks_inn/;Macks Inn;macks_inn
http://www.meetup.com/cities/us/id/malad_city/;Malad City;malad_city
http://www.meetup.com/cities/us/id/malta/;Malta;malta
http://www.meetup.com/cities/us/id/marsing/;Marsing;marsing
http://www.meetup.com/cities/us/id/may/;May;may
http://www.meetup.com/cities/us/id/mccall/;McCall;mccall
http://www.meetup.com/cities/us/id/mccammon/;McCammon;mccammon
http://www.meetup.com/cities/us/id/medimont/;Medimont;medimont
http://www.meetup.com/cities/us/id/melba/;Melba;melba
http://www.meetup.com/cities/us/id/menan/;Menan;menan
http://www.meetup.com/cities/us/id/meridian/;Meridian;meridian
http://www.meetup.com/cities/us/id/mesa/;Mesa;mesa
http://www.meetup.com/cities/us/id/middleton/;Middleton;middleton
http://www.meetup.com/cities/us/id/midvale/;Midvale;midvale
http://www.meetup.com/cities/us/id/minidoka/;Minidoka;minidoka
http://www.meetup.com/cities/us/id/monteview/;Monteview;monteview
http://www.meetup.com/cities/us/id/montpelier/;Montpelier;montpelier
http://www.meetup.com/cities/us/id/moore/;Moore;moore
http://www.meetup.com/cities/us/id/moreland/;Moreland;moreland
http://www.meetup.com/cities/us/id/moscow/;Moscow;moscow
http://www.meetup.com/cities/us/id/mountain_home/;Mountain Home;mountain_home
http://www.meetup.com/cities/us/id/mountain_home_a_f_b/;Mountain Home A F B;mountain_home_a_f_b
http://www.meetup.com/cities/us/id/moyie_springs/;Moyie Springs;moyie_springs
http://www.meetup.com/cities/us/id/mullan/;Mullan;mullan
http://www.meetup.com/cities/us/id/murphy/;Murphy;murphy
http://www.meetup.com/cities/us/id/murray/;Murray;murray
http://www.meetup.com/cities/us/id/murtaugh/;Murtaugh;murtaugh
http://www.meetup.com/cities/us/id/nampa/;Nampa;nampa
http://www.meetup.com/cities/us/id/naples/;Naples;naples
http://www.meetup.com/cities/us/id/newdale/;Newdale;newdale
http://www.meetup.com/cities/us/id/new_meadows/;New Meadows;new_meadows
http://www.meetup.com/cities/us/id/new_plymouth/;New Plymouth;new_plymouth
http://www.meetup.com/cities/us/id/nezperce/;Nezperce;nezperce
http://www.meetup.com/cities/us/id/nordman/;Nordman;nordman
http://www.meetup.com/cities/us/id/north_fork/;North Fork;north_fork
http://www.meetup.com/cities/us/id/notus/;Notus;notus
http://www.meetup.com/cities/us/id/oakley/;Oakley;oakley
http://www.meetup.com/cities/us/id/ola/;Ola;ola
http://www.meetup.com/cities/us/id/oldtown/;Oldtown;oldtown
http://www.meetup.com/cities/us/id/orofino/;Orofino;orofino
http://www.meetup.com/cities/us/id/osburn/;Osburn;osburn
http://www.meetup.com/cities/us/id/paris/;Paris;paris
http://www.meetup.com/cities/us/id/parker/;Parker;parker
http://www.meetup.com/cities/us/id/parma/;Parma;parma
http://www.meetup.com/cities/us/id/paul/;Paul;paul
http://www.meetup.com/cities/us/id/payette/;Payette;payette
http://www.meetup.com/cities/us/id/peck/;Peck;peck
http://www.meetup.com/cities/us/id/picabo/;Picabo;picabo
http://www.meetup.com/cities/us/id/pierce/;Pierce;pierce
http://www.meetup.com/cities/us/id/pinehurst/;Pinehurst;pinehurst
http://www.meetup.com/cities/us/id/pingree/;Pingree;pingree
http://www.meetup.com/cities/us/id/placerville/;Placerville;placerville
http://www.meetup.com/cities/us/id/plummer/;Plummer;plummer
http://www.meetup.com/cities/us/id/pocatello/;Pocatello;pocatello
http://www.meetup.com/cities/us/id/pollock/;Pollock;pollock
http://www.meetup.com/cities/us/id/ponderay/;Ponderay;ponderay
http://www.meetup.com/cities/us/id/porthill/;Porthill;porthill
http://www.meetup.com/cities/us/id/post_falls/;Post Falls;post_falls
http://www.meetup.com/cities/us/id/potlatch/;Potlatch;potlatch
http://www.meetup.com/cities/us/id/preston/;Preston;preston
http://www.meetup.com/cities/us/id/priest_river/;Priest River;priest_river
http://www.meetup.com/cities/us/id/princeton/;Princeton;princeton
http://www.meetup.com/cities/us/id/rathdrum/;Rathdrum;rathdrum
http://www.meetup.com/cities/us/id/reubens/;Reubens;reubens
http://www.meetup.com/cities/us/id/rexburg/;Rexburg;rexburg
http://www.meetup.com/cities/us/id/richfield/;Richfield;richfield
http://www.meetup.com/cities/us/id/rigby/;Rigby;rigby
http://www.meetup.com/cities/us/id/riggins/;Riggins;riggins
http://www.meetup.com/cities/us/id/ririe/;Ririe;ririe
http://www.meetup.com/cities/us/id/roberts/;Roberts;roberts
http://www.meetup.com/cities/us/id/rockland/;Rockland;rockland
http://www.meetup.com/cities/us/id/rogerson/;Rogerson;rogerson
http://www.meetup.com/cities/us/id/rupert/;Rupert;rupert
http://www.meetup.com/cities/us/id/sagle/;Sagle;sagle
http://www.meetup.com/cities/us/id/saint_anthony/;Saint Anthony;saint_anthony
http://www.meetup.com/cities/us/id/saint_charles/;Saint Charles;saint_charles
http://www.meetup.com/cities/us/id/saint_maries/;Saint Maries;saint_maries
http://www.meetup.com/cities/us/id/salmon/;Salmon;salmon
http://www.meetup.com/cities/us/id/sandpoint/;Sandpoint;sandpoint
http://www.meetup.com/cities/us/id/santa/;Santa;santa
http://www.meetup.com/cities/us/id/shelley/;Shelley;shelley
http://www.meetup.com/cities/us/id/shoshone/;Shoshone;shoshone
http://www.meetup.com/cities/us/id/shoup/;Shoup;shoup
http://www.meetup.com/cities/us/id/silverton/;Silverton;silverton
http://www.meetup.com/cities/us/id/smelterville/;Smelterville;smelterville
http://www.meetup.com/cities/us/id/soda_springs/;Soda Springs;soda_springs
http://www.meetup.com/cities/us/id/spencer/;Spencer;spencer
http://www.meetup.com/cities/us/id/spirit_lake/;Spirit Lake;spirit_lake
http://www.meetup.com/cities/us/id/springfield/;Springfield;springfield
http://www.meetup.com/cities/us/id/stanley/;Stanley;stanley
http://www.meetup.com/cities/us/id/star/;Star;star
http://www.meetup.com/cities/us/id/stites/;Stites;stites
http://www.meetup.com/cities/us/id/sugar_city/;Sugar City;sugar_city
http://www.meetup.com/cities/us/id/sun_valley/;Sun Valley;sun_valley
http://www.meetup.com/cities/us/id/swanlake/;Swanlake;swanlake
http://www.meetup.com/cities/us/id/swan_valley/;Swan Valley;swan_valley
http://www.meetup.com/cities/us/id/sweet/;Sweet;sweet
http://www.meetup.com/cities/us/id/tendoy/;Tendoy;tendoy
http://www.meetup.com/cities/us/id/tensed/;Tensed;tensed
http://www.meetup.com/cities/us/id/terreton/;Terreton;terreton
http://www.meetup.com/cities/us/id/teton/;Teton;teton
http://www.meetup.com/cities/us/id/tetonia/;Tetonia;tetonia
http://www.meetup.com/cities/us/id/thatcher/;Thatcher;thatcher
http://www.meetup.com/cities/us/id/troy/;Troy;troy
http://www.meetup.com/cities/us/id/twin_falls/;Twin Falls;twin_falls
http://www.meetup.com/cities/us/id/ucon/;Ucon;ucon
http://www.meetup.com/cities/us/id/victor/;Victor;victor
http://www.meetup.com/cities/us/id/viola/;Viola;viola
http://www.meetup.com/cities/us/id/wallace/;Wallace;wallace
http://www.meetup.com/cities/us/id/warren/;Warren;warren
http://www.meetup.com/cities/us/id/wayan/;Wayan;wayan
http://www.meetup.com/cities/us/id/weippe/;Weippe;weippe
http://www.meetup.com/cities/us/id/weiser/;Weiser;weiser
http://www.meetup.com/cities/us/id/wendell/;Wendell;wendell
http://www.meetup.com/cities/us/id/weston/;Weston;weston
http://www.meetup.com/cities/us/id/white_bird/;White Bird;white_bird
http://www.meetup.com/cities/us/id/wilder/;Wilder;wilder
http://www.meetup.com/cities/us/id/winchester/;Winchester;winchester
http://www.meetup.com/cities/us/id/worley/;Worley;worley
http://www.meetup.com/cities/us/id/yellow_pine/;Yellow Pine;yellow_pine
